disp_idx,decode_idx,pts_sec,pts_hms,type,pic_mode,width,height,res_change,idr,has_sps,size,local_dur,dur_change,pts_jump,anomalies
0,2,91473.6725,25:24:33.673,B,,,,0,0,0,3719,,,,
1,1,91473.7125,25:24:33.713,B,,,,0,0,0,6353,0.04,,,
2,3,91473.7525,25:24:33.753,B,,,,0,0,0,2985,0.04,,,
3,0,91473.7925,25:24:33.793,B,,,,0,0,0,9645,0.04,,,
4,5,91473.8325,25:24:33.833,B,,,,0,0,0,3294,0.04,,,
5,4,91473.8725,25:24:33.873,B,,,,0,0,0,4844,0.04,,,
6,6,91473.9125,25:24:33.913,B,,,,0,0,0,23342,0.04,,,
7,10,91473.9925,25:24:33.993,B,,,,0,0,0,2915,0.04,,,
8,9,91474.0325,25:24:34.033,B,,,,0,0,0,6686,0.04,,,
9,11,91474.0725,25:24:34.073,B,,,,0,0,0,11390,0.04,,,
10,8,91474.1125,25:24:34.113,B,,,,0,0,0,14503,0.04,,,
11,13,91474.1525,25:24:34.153,B,,,,0,0,0,15614,0.04,,,
12,12,91474.1925,25:24:34.193,B,,,,0,0,0,15798,0.04,,,
13,14,91474.2325,25:24:34.233,B,,,,0,0,0,15798,0.04,,,
14,7,91474.2725,25:24:34.273,P,,,,0,0,0,47988,0.04,,,
15,18,91474.3125,25:24:34.313,B,,,,0,0,0,2781,0.04,,,
16,17,91474.3525,25:24:34.353,B,,,,0,0,0,6006,0.04,,,
17,19,91474.3925,25:24:34.393,B,,,,0,0,0,2547,0.04,,,
18,16,91474.4325,25:24:34.433,B,,,,0,0,0,11854,0.04,,,
19,21,91474.4725,25:24:34.473,B,,,,0,0,0,12670,0.04,,,
20,20,91474.5125,25:24:34.513,B,,,,0,0,0,7059,0.04,,,
21,22,91474.5525,25:24:34.553,B,,,,0,0,0,13774,0.04,,,
22,15,91474.5925,25:24:34.593,P,,,,0,0,0,58431,0.04,,,
23,26,91474.6325,25:24:34.633,B,,,,0,0,0,2219,0.04,,,
24,25,91474.6725,25:24:34.673,B,,,,0,0,0,4056,0.04,,,
25,27,91474.7125,25:24:34.713,B,,,,0,0,0,1890,0.04,,,
26,24,91474.7525,25:24:34.753,B,,,,0,0,0,5645,0.04,,,
27,29,91474.7925,25:24:34.793,B,,,,0,0,0,1647,0.04,,,
28,28,91474.8325,25:24:34.833,B,,,,0,0,0,3587,0.04,,,
29,30,91474.8725,25:24:34.873,B,,,,0,0,0,1922,0.04,,,
30,23,91474.9125,25:24:34.913,I,,1920,1080,0,0,1,91358,0.04,,,
31,33,91474.9525,25:24:34.953,B,,,,0,0,0,3110,0.04,,,
32,32,91474.9925,25:24:34.993,B,,,,0,0,0,4402,0.04,,,
33,34,91475.0325,25:24:35.033,B,,,,0,0,0,13774,0.04,,,
34,31,91475.0725,25:24:35.073,P,,,,0,0,0,32465,0.04,,,
35,35,91475.1125,25:24:35.113,I,,1920,1080,0,1,1,77801,0.04,,,
36,39,91475.1525,25:24:35.153,B,,,,0,0,0,9571,0.04,,,
37,38,91475.1925,25:24:35.193,B,,,,0,0,0,10606,0.04,,,
38,40,91475.2325,25:24:35.233,B,,,,0,0,0,7940,0.04,,,
39,37,91475.2725,25:24:35.273,B,,,,0,0,0,10383,0.04,,,
40,42,91475.3125,25:24:35.313,B,,,,0,0,0,10952,0.04,,,
41,41,91475.3525,25:24:35.353,B,,,,0,0,0,11889,0.04,,,
42,43,91475.3925,25:24:35.393,B,,,,0,0,0,8997,0.04,,,
43,36,91475.4325,25:24:35.433,P,,,,0,0,0,30671,0.04,,,
44,47,91475.4725,25:24:35.473,B,,,,0,0,0,8259,0.04,,,
45,46,91475.5125,25:24:35.513,B,,,,0,0,0,10181,0.04,,,
46,48,91475.5525,25:24:35.553,B,,,,0,0,0,10582,0.04,,,
47,45,91475.5925,25:24:35.593,B,,,,0,0,0,22058,0.04,,,
48,50,91475.6325,25:24:35.633,B,,,,0,0,0,5809,0.04,,,
49,49,91475.6725,25:24:35.673,B,,,,0,0,0,7599,0.04,,,
50,51,91475.7125,25:24:35.713,B,,,,0,0,0,6431,0.04,,,
51,44,91475.7525,25:24:35.753,P,,,,0,0,0,40640,0.04,,,
52,55,91475.7925,25:24:35.793,B,,,,0,0,0,4189,0.04,,,
53,54,91475.8325,25:24:35.833,B,,,,0,0,0,6460,0.04,,,
54,56,91475.8725,25:24:35.873,B,,,,0,0,0,6695,0.04,,,
55,53,91475.9125,25:24:35.913,B,,,,0,0,0,12104,0.04,,,
56,58,91475.9525,25:24:35.953,B,,,,0,0,0,6360,0.04,,,
57,57,91475.9925,25:24:35.993,B,,,,0,0,0,10980,0.04,,,
58,59,91476.0325,25:24:36.033,B,,,,0,0,0,9740,0.04,,,
59,52,91476.0725,25:24:36.073,I,,1920,1080,0,0,1,79615,0.04,,,
60,61,91476.1125,25:24:36.113,B,,,,0,0,0,9809,0.04,,,
61,60,91476.1525,25:24:36.153,P,,,,0,0,0,49277,0.04,,,
62,65,91476.1925,25:24:36.193,B,,,,0,0,0,6722,0.04,,,
63,64,91476.2325,25:24:36.233,B,,,,0,0,0,10295,0.04,,,
64,66,91476.2725,25:24:36.273,B,,,,0,0,0,7389,0.04,,,
65,63,91476.3125,25:24:36.313,B,,,,0,0,0,13224,0.04,,,
66,68,91476.3525,25:24:36.353,B,,,,0,0,0,5602,0.04,,,
67,67,91476.3925,25:24:36.393,B,,,,0,0,0,7021,0.04,,,
68,62,91476.4325,25:24:36.433,P,,,,0,0,0,42035,0.04,,,
69,72,91476.4725,25:24:36.473,B,,,,0,0,0,8413,0.04,,,
70,71,91476.5125,25:24:36.513,B,,,,0,0,0,8863,0.04,,,
71,70,91476.5525,25:24:36.553,B,,,,0,0,0,17476,0.04,,,
72,74,91476.5925,25:24:36.593,B,,,,0,0,0,5090,0.04,,,
73,73,91476.6325,25:24:36.633,B,,,,0,0,0,10044,0.04,,,
74,69,91476.6725,25:24:36.673,P,,,,0,0,0,44519,0.04,,,
75,75,91476.7125,25:24:36.713,I,,1920,1080,0,1,1,113746,0.04,,,
76,79,91476.7525,25:24:36.753,B,,,,0,0,0,4376,0.04,,,
77,78,91476.7925,25:24:36.793,B,,,,0,0,0,8266,0.04,,,
78,80,91476.8325,25:24:36.833,B,,,,0,0,0,5241,0.04,,,
79,77,91476.8725,25:24:36.873,B,,,,0,0,0,9343,0.04,,,
80,82,91476.9125,25:24:36.913,B,,,,0,0,0,4859,0.04,,,
81,81,91476.9525,25:24:36.953,B,,,,0,0,0,6654,0.04,,,
82,83,91476.9925,25:24:36.993,B,,,,0,0,0,3453,0.04,,,
83,76,91477.0325,25:24:37.033,P,,,,0,0,0,26863,0.04,,,
84,87,91477.0725,25:24:37.073,B,,,,0,0,0,3602,0.04,,,
85,86,91477.1125,25:24:37.113,B,,,,0,0,0,5605,0.04,,,
86,88,91477.1525,25:24:37.153,B,,,,0,0,0,3680,0.04,,,
87,85,91477.1925,25:24:37.193,B,,,,0,0,0,9699,0.04,,,
88,90,91477.2325,25:24:37.233,B,,,,0,0,0,3674,0.04,,,
89,89,91477.2725,25:24:37.273,B,,,,0,0,0,7778,0.04,,,
90,91,91477.3125,25:24:37.313,B,,,,0,0,0,3322,0.04,,,
91,84,91477.3525,25:24:37.353,P,,,,0,0,0,49314,0.04,,,
92,95,91477.3925,25:24:37.393,B,,,,0,0,0,3853,0.04,,,
93,94,91477.4325,25:24:37.433,B,,,,0,0,0,6262,0.04,,,
94,96,91477.4725,25:24:37.473,B,,,,0,0,0,2963,0.04,,,
95,93,91477.5125,25:24:37.513,B,,,,0,0,0,9517,0.04,,,
96,98,91477.5525,25:24:37.553,B,,,,0,0,0,3175,0.04,,,
97,97,91477.5925,25:24:37.593,B,,,,0,0,0,6239,0.04,,,
98,99,91477.6325,25:24:37.633,B,,,,0,0,0,3113,0.04,,,
99,92,91477.6725,25:24:37.673,I,,1920,1080,0,0,1,137065,0.04,,,
100,103,91477.7125,25:24:37.713,B,,,,0,0,0,3576,0.04,,,
101,102,91477.7525,25:24:37.753,B,,,,0,0,0,7082,0.04,,,
102,104,91477.7925,25:24:37.793,B,,,,0,0,0,3444,0.04,,,
103,101,91477.8325,25:24:37.833,B,,,,0,0,0,11266,0.04,,,
104,106,91477.8725,25:24:37.873,B,,,,0,0,0,3252,0.04,,,
105,105,91477.9125,25:24:37.913,B,,,,0,0,0,5844,0.04,,,
106,107,91477.9525,25:24:37.953,B,,,,0,0,0,2536,0.04,,,
107,100,91477.9925,25:24:37.993,P,,,,0,0,0,43040,0.04,,,
108,110,91478.0325,25:24:38.033,B,,,,0,0,0,3064,0.04,,,
109,109,91478.0725,25:24:38.073,B,,,,0,0,0,5270,0.04,,,
110,111,91478.1125,25:24:38.113,B,,,,0,0,0,3040,0.04,,,
111,108,91478.1525,25:24:38.153,P,,,,0,0,0,46100,0.04,,,
112,112,91478.1925,25:24:38.193,I,,1920,1080,0,1,1,75450,0.04,,,
113,116,91478.2325,25:24:38.233,B,,,,0,0,0,5389,0.04,,,
114,115,91478.2725,25:24:38.273,B,,,,0,0,0,11654,0.04,,,
115,117,91478.3125,25:24:38.313,B,,,,0,0,0,5431,0.04,,,
116,114,91478.3525,25:24:38.353,B,,,,0,0,0,10192,0.04,,,
117,119,91478.3925,25:24:38.393,B,,,,0,0,0,5074,0.04,,,
118,118,91478.4325,25:24:38.433,B,,,,0,0,0,7683,0.04,,,
119,120,91478.4725,25:24:38.473,B,,,,0,0,0,4347,0.04,,,
120,113,91478.5125,25:24:38.513,P,,,,0,0,0,37627,0.04,,,
121,124,91478.5525,25:24:38.553,B,,,,0,0,0,3514,0.04,,,
122,123,91478.5925,25:24:38.593,B,,,,0,0,0,6896,0.04,,,
123,125,91478.6325,25:24:38.633,B,,,,0,0,0,4433,0.04,,,
124,122,91478.6725,25:24:38.673,B,,,,0,0,0,10430,0.04,,,
125,127,91478.7125,25:24:38.713,B,,,,0,0,0,4733,0.04,,,
126,126,91478.7525,25:24:38.753,B,,,,0,0,0,8632,0.04,,,
127,128,91478.7925,25:24:38.793,B,,,,0,0,0,4837,0.04,,,
128,121,91478.8325,25:24:38.833,P,,,,0,0,0,48194,0.04,,,
129,132,91478.8725,25:24:38.873,B,,,,0,0,0,3929,0.04,,,
130,131,91478.9125,25:24:38.913,B,,,,0,0,0,7661,0.04,,,
131,133,91478.9525,25:24:38.953,B,,,,0,0,0,3059,0.04,,,
132,130,91478.9925,25:24:38.993,B,,,,0,0,0,11035,0.04,,,
133,135,91479.0325,25:24:39.033,B,,,,0,0,0,2963,0.04,,,
134,134,91479.0725,25:24:39.073,B,,,,0,0,0,5764,0.04,,,
135,136,91479.1125,25:24:39.113,B,,,,0,0,0,3785,0.04,,,
136,129,91479.1525,25:24:39.153,I,,1920,1080,0,0,1,99777,0.04,,,
137,140,91479.1925,25:24:39.193,B,,,,0,0,0,3417,0.04,,,
138,139,91479.2325,25:24:39.233,B,,,,0,0,0,7053,0.04,,,
139,141,91479.2725,25:24:39.273,B,,,,0,0,0,3412,0.04,,,
140,138,91479.3125,25:24:39.313,B,,,,0,0,0,13315,0.04,,,
141,143,91479.3525,25:24:39.353,B,,,,0,0,0,3235,0.04,,,
142,142,91479.3925,25:24:39.393,B,,,,0,0,0,4903,0.04,,,
143,144,91479.4325,25:24:39.433,B,,,,0,0,0,3500,0.04,,,
144,137,91479.4725,25:24:39.473,P,,,,0,0,0,51594,0.04,,,
145,148,91479.5125,25:24:39.513,B,,,,0,0,0,4059,0.04,,,
146,147,91479.5525,25:24:39.553,B,,,,0,0,0,6214,0.04,,,
147,149,91479.5925,25:24:39.593,B,,,,0,0,0,2435,0.04,,,
148,146,91479.6325,25:24:39.633,B,,,,0,0,0,13377,0.04,,,
149,151,91479.6725,25:24:39.673,B,,,,0,0,0,1887,0.04,,,
150,150,91479.7125,25:24:39.713,B,,,,0,0,0,7007,0.04,,,
151,152,91479.7525,25:24:39.753,B,,,,0,0,0,3062,0.04,,,
152,145,91479.7925,25:24:39.793,P,,,,0,0,0,66754,0.04,,,
153,156,91479.8325,25:24:39.833,B,,,,0,0,0,2044,0.04,,,
154,155,91479.8725,25:24:39.873,B,,,,0,0,0,5959,0.04,,,
155,157,91479.9125,25:24:39.913,B,,,,0,0,0,2377,0.04,,,
156,154,91479.9525,25:24:39.953,B,,,,0,0,0,9567,0.04,,,
157,159,91479.9925,25:24:39.993,B,,,,0,0,0,2352,0.04,,,
158,158,91480.0325,25:24:40.033,B,,,,0,0,0,4654,0.04,,,
159,160,91480.0725,25:24:40.073,B,,,,0,0,0,1618,0.04,,,
160,153,91480.1125,25:24:40.113,I,,1920,1080,0,0,1,77573,0.04,,,
161,164,91480.1525,25:24:40.153,B,,,,0,0,0,2301,0.04,,,
162,163,91480.1925,25:24:40.193,B,,,,0,0,0,7251,0.04,,,
163,165,91480.2325,25:24:40.233,B,,,,0,0,0,3460,0.04,,,
164,162,91480.2725,25:24:40.273,B,,,,0,0,0,11838,0.04,,,
165,167,91480.3125,25:24:40.313,B,,,,0,0,0,14142,0.04,,,
166,166,91480.3525,25:24:40.353,B,,,,0,0,0,13222,0.04,,,
167,168,91480.3925,25:24:40.393,B,,,,0,0,0,14142,0.04,,,
168,161,91480.4325,25:24:40.433,P,,,,0,0,0,45712,0.04,,,
169,169,91480.4725,25:24:40.473,I,,1920,1080,0,1,1,158744,0.04,,,
170,172,91480.5125,25:24:40.513,B,,,,0,0,0,2398,0.04,,,
171,171,91480.5525,25:24:40.553,B,,,,0,0,0,5828,0.04,,,
172,173,91480.5925,25:24:40.593,B,,,,0,0,0,3304,0.04,,,
173,170,91480.6325,25:24:40.633,P,,,,0,0,0,25950,0.04,,,
174,174,91480.6725,25:24:40.673,I,,1920,1080,0,1,1,187442,0.04,,,
175,178,91480.7125,25:24:40.713,B,帧,,,0,0,0,4710,0.04,,,
176,177,91480.7525,25:24:40.753,B,帧,,,0,0,0,8487,0.04,,,
177,176,91480.7925,25:24:40.793,B,帧,,,0,0,0,15391,0.04,,,
178,180,91480.8325,25:24:40.833,B,帧,,,0,0,0,4858,0.04,,,
179,179,91480.8725,25:24:40.873,B,帧,,,0,0,0,8970,0.04,,,
180,175,91480.9125,25:24:40.913,P,帧,,,0,0,0,62263,0.04,,,
181,184,91480.9525,25:24:40.953,B,帧,,,0,0,0,6218,0.04,,,
182,183,91480.9925,25:24:40.993,B,帧,,,0,0,0,9556,0.04,,,
183,182,91481.0325,25:24:41.033,B,帧,,,0,0,0,14268,0.04,,,
184,185,91481.0725,25:24:41.073,B,帧,,,0,0,0,5847,0.04,,,
185,181,91481.1125,25:24:41.113,P,帧,,,0,0,0,46306,0.04,,,
186,189,91481.1525,25:24:41.153,B,帧,,,0,0,0,4688,0.04,,,
187,188,91481.1925,25:24:41.193,B,帧,,,0,0,0,11173,0.04,,,
188,190,91481.2325,25:24:41.233,B,帧,,,0,0,0,4922,0.04,,,
189,187,91481.2725,25:24:41.273,B,帧,,,0,0,0,18116,0.04,,,
190,192,91481.3125,25:24:41.313,B,帧,,,0,0,0,5922,0.04,,,
191,191,91481.3525,25:24:41.353,B,帧,,,0,0,0,9112,0.04,,,
192,186,91481.3925,25:24:41.393,P,帧,,,0,0,0,55713,0.04,,,
193,195,91481.4325,25:24:41.433,B,帧,,,0,0,0,5680,0.04,,,
194,194,91481.4725,25:24:41.473,B,帧,,,0,0,0,7848,0.04,,,
195,193,91481.5125,25:24:41.513,P,帧,,,0,0,0,34221,0.04,,,
196,196,91481.5525,25:24:41.553,I,,1920,1080,0,1,1,125189,0.04,,,
197,200,91481.5925,25:24:41.593,B,帧,,,0,0,0,9877,0.04,,,
198,199,91481.6325,25:24:41.633,B,帧,,,0,0,0,14482,0.04,,,
199,201,91481.6725,25:24:41.673,B,帧,,,0,0,0,8944,0.04,,,
200,198,91481.7125,25:24:41.713,B,帧,,,0,0,0,23070,0.04,,,
201,203,91481.7525,25:24:41.753,B,帧,,,0,0,0,7946,0.04,,,
202,202,91481.7925,25:24:41.793,B,帧,,,0,0,0,12140,0.04,,,
203,204,91481.8325,25:24:41.833,B,帧,,,0,0,0,7479,0.04,,,
204,197,91481.8725,25:24:41.873,P,帧,,,0,0,0,46303,0.04,,,
205,208,91481.9125,25:24:41.913,B,帧,,,0,0,0,6811,0.04,,,
206,207,91481.9525,25:24:41.953,B,帧,,,0,0,0,9065,0.04,,,
207,209,91481.9925,25:24:41.993,B,帧,,,0,0,0,6823,0.04,,,
208,206,91482.0325,25:24:42.033,B,帧,,,0,0,0,15598,0.04,,,
209,211,91482.0725,25:24:42.073,B,帧,,,0,0,0,6969,0.04,,,
210,210,91482.1125,25:24:42.113,B,帧,,,0,0,0,10880,0.04,,,
211,212,91482.1525,25:24:42.153,B,帧,,,0,0,0,5292,0.04,,,
212,205,91482.1925,25:24:42.193,P,帧,,,0,0,0,48327,0.04,,,
213,216,91482.2325,25:24:42.233,B,帧,,,0,0,0,6878,0.04,,,
214,215,91482.2725,25:24:42.273,B,帧,,,0,0,0,12901,0.04,,,
215,217,91482.3125,25:24:42.313,B,帧,,,0,0,0,6582,0.04,,,
216,214,91482.3525,25:24:42.353,B,帧,,,0,0,0,13878,0.04,,,
217,219,91482.3925,25:24:42.393,B,帧,,,0,0,0,4877,0.04,,,
218,218,91482.4325,25:24:42.433,B,帧,,,0,0,0,9424,0.04,,,
219,220,91482.4725,25:24:42.473,B,帧,,,0,0,0,4223,0.04,,,
220,213,91482.5125,25:24:42.513,I,帧,1920,1080,0,0,1,126824,0.04,,,
221,224,91482.5525,25:24:42.553,B,帧,,,0,0,0,4693,0.04,,,
222,223,91482.5925,25:24:42.593,B,帧,,,0,0,0,12836,0.04,,,
223,225,91482.6325,25:24:42.633,B,帧,,,0,0,0,7783,0.04,,,
224,222,91482.6725,25:24:42.673,B,帧,,,0,0,0,26481,0.04,,,
225,227,91482.7125,25:24:42.713,B,帧,,,0,0,0,10422,0.04,,,
226,226,91482.7525,25:24:42.753,B,帧,,,0,0,0,13184,0.04,,,
227,228,91482.7925,25:24:42.793,B,帧,,,0,0,0,4918,0.04,,,
228,221,91482.8325,25:24:42.833,P,帧,,,0,0,0,46258,0.04,,,
229,232,91482.8725,25:24:42.873,B,帧,,,0,0,0,4602,0.04,,,
230,231,91482.9125,25:24:42.913,B,帧,,,0,0,0,8650,0.04,,,
231,233,91482.9525,25:24:42.953,B,帧,,,0,0,0,5933,0.04,,,
232,230,91482.9925,25:24:42.993,B,帧,,,0,0,0,13690,0.04,,,
233,235,91483.0325,25:24:43.033,B,帧,,,0,0,0,7823,0.04,,,
234,234,91483.0725,25:24:43.073,B,帧,,,0,0,0,16804,0.04,,,
235,236,91483.1125,25:24:43.113,B,帧,,,0,0,0,7198,0.04,,,
236,229,91483.1525,25:24:43.153,P,帧,,,0,0,0,58536,0.04,,,
237,240,91483.1925,25:24:43.193,B,帧,,,0,0,0,3696,0.04,,,
238,239,91483.2325,25:24:43.233,B,帧,,,0,0,0,6685,0.04,,,
239,241,91483.2725,25:24:43.273,B,帧,,,0,0,0,3981,0.04,,,
240,238,91483.3125,25:24:43.313,B,帧,,,0,0,0,11190,0.04,,,
241,243,91483.3525,25:24:43.353,B,帧,,,0,0,0,6327,0.04,,,
242,242,91483.3925,25:24:43.393,B,帧,,,0,0,0,11837,0.04,,,
243,244,91483.4325,25:24:43.433,B,帧,,,0,0,0,6540,0.04,,,
244,237,91483.4725,25:24:43.473,I,帧,1920,1080,0,0,1,108919,0.04,,,
245,248,91483.5125,25:24:43.513,B,帧,,,0,0,0,6953,0.04,,,
246,247,91483.5525,25:24:43.553,B,帧,,,0,0,0,10102,0.04,,,
247,249,91483.5925,25:24:43.593,B,帧,,,0,0,0,7672,0.04,,,
248,246,91483.6325,25:24:43.633,B,帧,,,0,0,0,16171,0.04,,,
249,251,91483.6725,25:24:43.673,B,帧,,,0,0,0,5652,0.04,,,
250,250,91483.7125,25:24:43.713,B,帧,,,0,0,0,7771,0.04,,,
251,252,91483.7525,25:24:43.753,B,帧,,,0,0,0,4442,0.04,,,
252,245,91483.7925,25:24:43.793,P,帧,,,0,0,0,36097,0.04,,,
253,256,91483.8325,25:24:43.833,B,帧,,,0,0,0,7899,0.04,,,
254,255,91483.8725,25:24:43.873,B,帧,,,0,0,0,5554,0.04,,,
255,254,91483.9125,25:24:43.913,B,帧,,,0,0,0,15089,0.04,,,
256,258,91483.9525,25:24:43.953,B,帧,,,0,0,0,16902,0.04,,,
257,257,91483.9925,25:24:43.993,B,帧,,,0,0,0,16902,0.04,,,
258,253,91484.0325,25:24:44.033,P,帧,,,0,0,0,34482,0.04,,,
259,259,91484.0725,25:24:44.073,I,,1920,1080,0,1,1,176575,0.04,,,
260,263,91484.1125,25:24:44.113,B,帧,,,0,0,0,3146,0.04,,,
261,262,91484.1525,25:24:44.153,B,帧,,,0,0,0,7617,0.04,,,
262,264,91484.1925,25:24:44.193,B,帧,,,0,0,0,5586,0.04,,,
263,261,91484.2325,25:24:44.233,B,帧,,,0,0,0,12906,0.04,,,
264,266,91484.2725,25:24:44.273,B,帧,,,0,0,0,4512,0.04,,,
265,265,91484.3125,25:24:44.313,B,帧,,,0,0,0,14023,0.04,,,
266,267,91484.3525,25:24:44.353,B,帧,,,0,0,0,9961,0.04,,,
267,260,91484.3925,25:24:44.393,P,帧,,,0,0,0,48865,0.04,,,
268,271,91484.4325,25:24:44.433,B,帧,,,0,0,0,4281,0.04,,,
269,270,91484.4725,25:24:44.473,B,帧,,,0,0,0,7560,0.04,,,
270,272,91484.5125,25:24:44.513,B,帧,,,0,0,0,3888,0.04,,,
271,269,91484.5525,25:24:44.553,B,帧,,,0,0,0,10859,0.04,,,
272,274,91484.5925,25:24:44.593,B,帧,,,0,0,0,3708,0.04,,,
273,273,91484.6325,25:24:44.633,B,帧,,,0,0,0,7178,0.04,,,
274,275,91484.6725,25:24:44.673,B,帧,,,0,0,0,4092,0.04,,,
275,268,91484.7125,25:24:44.713,P,帧,,,0,0,0,33155,0.04,,,
276,279,91484.7525,25:24:44.753,B,帧,,,0,0,0,4587,0.04,,,
277,278,91484.7925,25:24:44.793,B,帧,,,0,0,0,7000,0.04,,,
278,280,91484.8325,25:24:44.833,B,帧,,,0,0,0,5216,0.04,,,
279,277,91484.8725,25:24:44.873,B,帧,,,0,0,0,13614,0.04,,,
280,282,91484.9125,25:24:44.913,B,帧,,,0,0,0,4623,0.04,,,
281,281,91484.9525,25:24:44.953,B,帧,,,0,0,0,8461,0.04,,,
282,283,91484.9925,25:24:44.993,B,帧,,,0,0,0,6171,0.04,,,
283,276,91485.0325,25:24:45.033,I,帧,1920,1080,0,0,1,159889,0.04,,,
284,287,91485.0725,25:24:45.073,B,帧,,,0,0,0,6515,0.04,,,
285,286,91485.1125,25:24:45.113,B,帧,,,0,0,0,12762,0.04,,,
286,288,91485.1525,25:24:45.153,B,帧,,,0,0,0,5916,0.04,,,
287,285,91485.1925,25:24:45.193,B,帧,,,0,0,0,19856,0.04,,,
288,290,91485.2325,25:24:45.233,B,帧,,,0,0,0,5975,0.04,,,
289,289,91485.2725,25:24:45.273,B,帧,,,0,0,0,9641,0.04,,,
290,291,91485.3125,25:24:45.313,B,帧,,,0,0,0,6019,0.04,,,
291,284,91485.3525,25:24:45.353,P,帧,,,0,0,0,61923,0.04,,,
292,295,91485.3925,25:24:45.393,B,帧,,,0,0,0,5096,0.04,,,
293,294,91485.4325,25:24:45.433,B,帧,,,0,0,0,9763,0.04,,,
294,296,91485.4725,25:24:45.473,B,帧,,,0,0,0,6034,0.04,,,
295,293,91485.5125,25:24:45.513,B,帧,,,0,0,0,18136,0.04,,,
296,298,91485.5525,25:24:45.553,B,帧,,,0,0,0,5792,0.04,,,
297,297,91485.5925,25:24:45.593,B,帧,,,0,0,0,11166,0.04,,,
298,299,91485.6325,25:24:45.633,B,帧,,,0,0,0,4954,0.04,,,
299,292,91485.6725,25:24:45.673,P,帧,,,0,0,0,60202,0.04,,,
300,303,91485.7125,25:24:45.713,B,帧,,,0,0,0,3373,0.04,,,
301,302,91485.7525,25:24:45.753,B,帧,,,0,0,0,6803,0.04,,,
302,304,91485.7925,25:24:45.793,B,帧,,,0,0,0,4631,0.04,,,
303,301,91485.8325,25:24:45.833,B,帧,,,0,0,0,13196,0.04,,,
304,306,91485.8725,25:24:45.873,B,帧,,,0,0,0,9550,0.04,,,
305,305,91485.9125,25:24:45.913,B,帧,,,0,0,0,6055,0.04,,,
306,307,91485.9525,25:24:45.953,B,帧,,,0,0,0,18006,0.04,,,
307,300,91485.9925,25:24:45.993,P,帧,,,0,0,0,46799,0.04,,,
308,308,91486.0325,25:24:46.033,I,,1920,1080,0,1,1,77971,0.04,,,
309,311,91486.0725,25:24:46.073,B,帧,,,0,0,0,7469,0.04,,,
310,310,91486.1125,25:24:46.113,B,帧,,,0,0,0,8717,0.04,,,
311,309,91486.1525,25:24:46.153,P,帧,,,0,0,0,29096,0.04,,,
312,312,91486.1925,25:24:46.193,P,帧,,,0,0,0,52841,0.04,,,
313,316,91486.2325,25:24:46.233,B,帧,,,0,0,0,11967,0.04,,,
314,315,91486.2725,25:24:46.273,B,帧,,,0,0,0,14701,0.04,,,
315,317,91486.3125,25:24:46.313,B,帧,,,0,0,0,6921,0.04,,,
316,314,91486.3525,25:24:46.353,B,帧,,,0,0,0,20160,0.04,,,
317,319,91486.3925,25:24:46.393,B,帧,,,0,0,0,6605,0.04,,,
318,318,91486.4325,25:24:46.433,B,帧,,,0,0,0,7143,0.04,,,
319,313,91486.4725,25:24:46.473,P,帧,,,0,0,0,67893,0.04,,,
320,323,91486.5125,25:24:46.513,B,帧,,,0,0,0,3693,0.04,,,
321,322,91486.5525,25:24:46.553,B,帧,,,0,0,0,7677,0.04,,,
322,321,91486.5925,25:24:46.593,B,帧,,,0,0,0,16027,0.04,,,
323,325,91486.6325,25:24:46.633,B,帧,,,0,0,0,7599,0.04,,,
324,324,91486.6725,25:24:46.673,B,帧,,,0,0,0,8177,0.04,,,
325,320,91486.7125,25:24:46.713,P,帧,,,0,0,0,58742,0.04,,,
326,329,91486.7525,25:24:46.753,B,帧,,,0,0,0,7691,0.04,,,
327,328,91486.7925,25:24:46.793,B,帧,,,0,0,0,14962,0.04,,,
328,330,91486.8325,25:24:46.833,B,帧,,,0,0,0,9236,0.04,,,
329,327,91486.8725,25:24:46.873,B,帧,,,0,0,0,28636,0.04,,,
330,332,91486.9125,25:24:46.913,B,帧,,,0,0,0,10632,0.04,,,
331,331,91486.9525,25:24:46.953,B,帧,,,0,0,0,19319,0.04,,,
332,333,91486.9925,25:24:46.993,B,帧,,,0,0,0,9314,0.04,,,
333,326,91487.0325,25:24:47.033,I,帧,1920,1080,0,0,1,83829,0.04,,,
334,334,91487.0725,25:24:47.073,P,帧,,,0,0,0,53878,0.04,,,
335,338,91487.1125,25:24:47.113,B,帧,,,0,0,0,11361,0.04,,,
336,337,91487.1525,25:24:47.153,B,帧,,,0,0,0,15222,0.04,,,
337,339,91487.1925,25:24:47.193,B,帧,,,0,0,0,5752,0.04,,,
338,336,91487.2325,25:24:47.233,B,帧,,,0,0,0,17276,0.04,,,
339,341,91487.2725,25:24:47.273,B,帧,,,0,0,0,4418,0.04,,,
340,340,91487.3125,25:24:47.313,B,帧,,,0,0,0,7402,0.04,,,
341,342,91487.3525,25:24:47.353,B,帧,,,0,0,0,4431,0.04,,,
342,335,91487.3925,25:24:47.393,P,帧,,,0,0,0,59438,0.04,,,
343,346,91487.4325,25:24:47.433,B,帧,,,0,0,0,8103,0.04,,,
344,345,91487.4725,25:24:47.473,B,帧,,,0,0,0,11498,0.04,,,
345,347,91487.5125,25:24:47.513,B,帧,,,0,0,0,4631,0.04,,,
346,344,91487.5525,25:24:47.553,B,帧,,,0,0,0,14457,0.04,,,
347,349,91487.5925,25:24:47.593,B,帧,,,0,0,0,3498,0.04,,,
348,348,91487.6325,25:24:47.633,B,帧,,,0,0,0,5305,0.04,,,
349,350,91487.6725,25:24:47.673,B,帧,,,0,0,0,5502,0.04,,,
350,343,91487.7125,25:24:47.713,P,帧,,,0,0,0,55463,0.04,,,
351,354,91487.7525,25:24:47.753,B,帧,,,0,0,0,2573,0.04,,,
352,353,91487.7925,25:24:47.793,B,帧,,,0,0,0,4593,0.04,,,
353,355,91487.8325,25:24:47.833,B,帧,,,0,0,0,3555,0.04,,,
354,352,91487.8725,25:24:47.873,B,帧,,,0,0,0,11285,0.04,,,
355,357,91487.9125,25:24:47.913,B,帧,,,0,0,0,11022,0.04,,,
356,356,91487.9525,25:24:47.953,B,帧,,,0,0,0,6686,0.04,,,
357,358,91487.9925,25:24:47.993,B,帧,,,0,0,0,17454,0.04,,,
358,351,91488.0325,25:24:48.033,I,帧,1920,1080,0,0,1,85124,0.04,,,
359,362,91488.0725,25:24:48.073,B,帧,,,0,0,0,13603,0.04,,,
360,361,91488.1125,25:24:48.113,B,帧,,,0,0,0,4744,0.04,,,
361,363,91488.1525,25:24:48.153,B,帧,,,0,0,0,16718,0.04,,,
362,360,91488.1925,25:24:48.193,B,帧,,,0,0,0,8510,0.04,,,
363,365,91488.2325,25:24:48.233,B,帧,,,0,0,0,16350,0.04,,,
364,364,91488.2725,25:24:48.273,B,帧,,,0,0,0,16534,0.04,,,
365,366,91488.3125,25:24:48.313,B,帧,,,0,0,0,16166,0.04,,,
366,359,91488.3525,25:24:48.353,P,帧,,,0,0,0,41155,0.04,,,
367,369,91488.3925,25:24:48.393,B,帧,,,0,0,0,16166,0.04,,,
368,368,91488.4325,25:24:48.433,B,帧,,,0,0,0,5318,0.04,,,
369,370,91488.4725,25:24:48.473,B,帧,,,0,0,0,16166,0.04,,,
370,367,91488.5125,25:24:48.513,P,帧,,,0,0,0,27263,0.04,,,
371,371,91488.5525,25:24:48.553,I,,1920,1080,0,1,1,116397,0.04,,,
372,375,91488.5925,25:24:48.593,B,帧,,,0,0,0,6000,0.04,,,
373,374,91488.6325,25:24:48.633,B,帧,,,0,0,0,7835,0.04,,,
374,376,91488.6725,25:24:48.673,B,帧,,,0,0,0,5145,0.04,,,
375,373,91488.7125,25:24:48.713,B,帧,,,0,0,0,10868,0.04,,,
376,378,91488.7525,25:24:48.753,B,帧,,,0,0,0,5122,0.04,,,
377,377,91488.7925,25:24:48.793,B,帧,,,0,0,0,7411,0.04,,,
378,379,91488.8325,25:24:48.833,B,帧,,,0,0,0,5993,0.04,,,
379,372,91488.8725,25:24:48.873,P,帧,,,0,0,0,34375,0.04,,,
380,383,91488.9125,25:24:48.913,B,帧,,,0,0,0,3882,0.04,,,
381,382,91488.9525,25:24:48.953,B,帧,,,0,0,0,6705,0.04,,,
382,384,91488.9925,25:24:48.993,B,帧,,,0,0,0,3457,0.04,,,
383,381,91489.0325,25:24:49.033,B,帧,,,0,0,0,9325,0.04,,,
384,386,91489.0725,25:24:49.073,B,帧,,,0,0,0,3292,0.04,,,
385,385,91489.1125,25:24:49.113,B,帧,,,0,0,0,5727,0.04,,,
386,387,91489.1525,25:24:49.153,B,帧,,,0,0,0,3663,0.04,,,
387,380,91489.1925,25:24:49.193,P,帧,,,0,0,0,42423,0.04,,,
388,391,91489.2325,25:24:49.233,B,帧,,,0,0,0,4811,0.04,,,
389,390,91489.2725,25:24:49.273,B,帧,,,0,0,0,8716,0.04,,,
390,392,91489.3125,25:24:49.313,B,帧,,,0,0,0,5175,0.04,,,
391,389,91489.3525,25:24:49.353,B,帧,,,0,0,0,12328,0.04,,,
392,394,91489.3925,25:24:49.393,B,帧,,,0,0,0,4005,0.04,,,
393,393,91489.4325,25:24:49.433,B,帧,,,0,0,0,6849,0.04,,,
394,395,91489.4725,25:24:49.473,B,帧,,,0,0,0,3297,0.04,,,
395,388,91489.5125,25:24:49.513,I,帧,1920,1080,0,0,1,134732,0.04,,,
396,399,91489.5525,25:24:49.553,B,帧,,,0,0,0,3725,0.04,,,
397,398,91489.5925,25:24:49.593,B,帧,,,0,0,0,6540,0.04,,,
398,400,91489.6325,25:24:49.633,B,帧,,,0,0,0,3744,0.04,,,
399,397,91489.6725,25:24:49.673,B,帧,,,0,0,0,10683,0.04,,,
400,402,91489.7125,25:24:49.713,B,帧,,,0,0,0,4707,0.04,,,
401,401,91489.7525,25:24:49.753,B,帧,,,0,0,0,7400,0.04,,,
402,403,91489.7925,25:24:49.793,B,帧,,,0,0,0,5256,0.04,,,
403,396,91489.8325,25:24:49.833,P,帧,,,0,0,0,43339,0.04,,,
404,407,91489.8725,25:24:49.873,B,帧,,,0,0,0,4974,0.04,,,
405,406,91489.9125,25:24:49.913,B,帧,,,0,0,0,6710,0.04,,,
406,405,91489.9525,25:24:49.953,B,帧,,,0,0,0,9736,0.04,,,
407,408,91489.9925,25:24:49.993,B,帧,,,0,0,0,4464,0.04,,,
408,404,91490.0325,25:24:50.033,P,帧,,,0,0,0,47179,0.04,,,
409,409,91490.0725,25:24:50.073,I,,1920,1080,0,1,1,76313,0.04,,,
410,413,91490.1125,25:24:50.113,B,,,,0,0,0,6635,0.04,,,
411,412,91490.1525,25:24:50.153,B,,,,0,0,0,9798,0.04,,,
412,414,91490.1925,25:24:50.193,B,,,,0,0,0,7371,0.04,,,
413,411,91490.2325,25:24:50.233,B,,,,0,0,0,10917,0.04,,,
414,416,91490.2725,25:24:50.273,B,,,,0,0,0,7160,0.04,,,
415,415,91490.3125,25:24:50.313,B,,,,0,0,0,12118,0.04,,,
416,417,91490.3525,25:24:50.353,B,,,,0,0,0,6894,0.04,,,
417,410,91490.3925,25:24:50.393,P,,,,0,0,0,29024,0.04,,,
418,421,91490.4325,25:24:50.433,B,,,,0,0,0,7092,0.04,,,
419,420,91490.4725,25:24:50.473,B,,,,0,0,0,8304,0.04,,,
420,422,91490.5125,25:24:50.513,B,,,,0,0,0,4592,0.04,,,
421,419,91490.5525,25:24:50.553,B,,,,0,0,0,12192,0.04,,,
422,424,91490.5925,25:24:50.593,B,,,,0,0,0,5400,0.04,,,
423,423,91490.6325,25:24:50.633,B,,,,0,0,0,7269,0.04,,,
424,425,91490.6725,25:24:50.673,B,,,,0,0,0,6334,0.04,,,
425,418,91490.7125,25:24:50.713,P,,,,0,0,0,41327,0.04,,,
426,429,91490.7525,25:24:50.753,B,,,,0,0,0,6296,0.04,,,
427,428,91490.7925,25:24:50.793,B,,,,0,0,0,8891,0.04,,,
428,430,91490.8325,25:24:50.833,B,,,,0,0,0,3790,0.04,,,
429,427,91490.8725,25:24:50.873,B,,,,0,0,0,8653,0.04,,,
430,432,91490.9125,25:24:50.913,B,,,,0,0,0,4021,0.04,,,
431,431,91490.9525,25:24:50.953,B,,,,0,0,0,7136,0.04,,,
432,433,91490.9925,25:24:50.993,B,,,,0,0,0,5498,0.04,,,
433,426,91491.0325,25:24:51.033,I,,1920,1080,0,0,1,93389,0.04,,,
434,437,91491.0725,25:24:51.073,B,,,,0,0,0,5737,0.04,,,
435,436,91491.1125,25:24:51.113,B,,,,0,0,0,6800,0.04,,,
436,438,91491.1525,25:24:51.153,B,,,,0,0,0,3764,0.04,,,
437,435,91491.1925,25:24:51.193,B,,,,0,0,0,14229,0.04,,,
438,440,91491.2325,25:24:51.233,B,,,,0,0,0,5067,0.04,,,
439,439,91491.2725,25:24:51.273,B,,,,0,0,0,8894,0.04,,,
440,441,91491.3125,25:24:51.313,B,,,,0,0,0,4697,0.04,,,
441,434,91491.3525,25:24:51.353,P,,,,0,0,0,36956,0.04,,,
442,445,91491.3925,25:24:51.393,B,,,,0,0,0,6483,0.04,,,
443,444,91491.4325,25:24:51.433,B,,,,0,0,0,9091,0.04,,,
444,446,91491.4725,25:24:51.473,B,,,,0,0,0,5064,0.04,,,
445,443,91491.5125,25:24:51.513,B,,,,0,0,0,13090,0.04,,,
446,448,91491.5525,25:24:51.553,B,,,,0,0,0,4101,0.04,,,
447,447,91491.5925,25:24:51.593,B,,,,0,0,0,8238,0.04,,,
448,449,91491.6325,25:24:51.633,B,,,,0,0,0,5153,0.04,,,
449,442,91491.6725,25:24:51.673,P,,,,0,0,0,45501,0.04,,,
450,453,91491.7125,25:24:51.713,B,,,,0,0,0,4235,0.04,,,
451,452,91491.7525,25:24:51.753,B,,,,0,0,0,7473,0.04,,,
452,454,91491.7925,25:24:51.793,B,,,,0,0,0,5513,0.04,,,
453,451,91491.8325,25:24:51.833,B,,,,0,0,0,8909,0.04,,,
454,456,91491.8725,25:24:51.873,B,,,,0,0,0,3497,0.04,,,
455,455,91491.9125,25:24:51.913,B,,,,0,0,0,2760,0.04,,,
456,457,91491.9525,25:24:51.953,B,,,,0,0,0,1835,0.04,,,
457,450,91491.9925,25:24:51.993,I,,1920,1080,0,0,1,76891,0.04,,,
458,461,91492.0325,25:24:52.033,B,,,,0,0,0,2810,0.04,,,
459,460,91492.0725,25:24:52.073,B,,,,0,0,0,3751,0.04,,,
460,462,91492.1125,25:24:52.113,B,,,,0,0,0,2651,0.04,,,
461,459,91492.1525,25:24:52.153,B,,,,0,0,0,5967,0.04,,,
462,464,91492.1925,25:24:52.193,B,,,,0,0,0,12486,0.04,,,
463,463,91492.2325,25:24:52.233,B,,,,0,0,0,8262,0.04,,,
464,465,91492.2725,25:24:52.273,B,,,,0,0,0,12670,0.04,,,
465,458,91492.3125,25:24:52.313,P,,,,0,0,0,22645,0.04,,,
466,469,91492.3525,25:24:52.353,B,,,,0,0,0,12675,0.04,,,
467,468,91492.3925,25:24:52.393,B,,,,0,0,0,11390,0.04,,,
468,470,91492.4325,25:24:52.433,B,,,,0,0,0,12670,0.04,,,
469,467,91492.4725,25:24:52.473,B,,,,0,0,0,3915,0.04,,,
470,472,91492.5125,25:24:52.513,B,,,,0,0,0,12302,0.04,,,
471,471,91492.5525,25:24:52.553,B,,,,0,0,0,12486,0.04,,,
472,473,91492.5925,25:24:52.593,B,,,,0,0,0,11382,0.04,,,
473,466,91492.6325,25:24:52.633,P,,,,0,0,0,22695,0.04,,,
474,477,91492.6725,25:24:52.673,B,,,,0,0,0,2107,0.04,,,
475,476,91492.7125,25:24:52.713,B,,,,0,0,0,5849,0.04,,,
476,478,91492.7525,25:24:52.753,B,,,,0,0,0,2934,0.04,,,
477,475,91492.7925,25:24:52.793,B,,,,0,0,0,5272,0.04,,,
478,480,91492.8325,25:24:52.833,B,,,,0,0,0,2613,0.04,,,
479,479,91492.8725,25:24:52.873,B,,,,0,0,0,2858,0.04,,,
480,481,91492.9125,25:24:52.913,B,,,,0,0,0,2549,0.04,,,
481,474,91492.9525,25:24:52.953,I,,1920,1080,0,0,1,77640,0.04,,,
482,485,91492.9925,25:24:52.993,B,,,,0,0,0,2989,0.04,,,
483,484,91493.0325,25:24:53.033,B,,,,0,0,0,5582,0.04,,,
484,486,91493.0725,25:24:53.073,B,,,,0,0,0,5442,0.04,,,
485,483,91493.1125,25:24:53.113,B,,,,0,0,0,10215,0.04,,,
486,488,91493.1525,25:24:53.153,B,,,,0,0,0,6401,0.04,,,
487,487,91493.1925,25:24:53.193,B,,,,0,0,0,11332,0.04,,,
488,489,91493.2325,25:24:53.233,B,,,,0,0,0,5179,0.04,,,
489,482,91493.2725,25:24:53.273,P,,,,0,0,0,35329,0.04,,,
490,493,91493.3125,25:24:53.313,B,,,,0,0,0,4834,0.04,,,
491,492,91493.3525,25:24:53.353,B,,,,0,0,0,5729,0.04,,,
492,494,91493.3925,25:24:53.393,B,,,,0,0,0,2673,0.04,,,
493,491,91493.4325,25:24:53.433,B,,,,0,0,0,9762,0.04,,,
494,496,91493.4725,25:24:53.473,B,,,,0,0,0,1242,0.04,,,
495,495,91493.5125,25:24:53.513,B,,,,0,0,0,2519,0.04,,,
496,497,91493.5525,25:24:53.553,B,,,,0,0,0,2204,0.04,,,
497,490,91493.5925,25:24:53.593,P,,,,0,0,0,25991,0.04,,,
498,501,91493.6325,25:24:53.633,B,,,,0,0,0,3610,0.04,,,
499,500,91493.6725,25:24:53.673,B,,,,0,0,0,6111,0.04,,,
500,499,91493.7125,25:24:53.713,B,,,,0,0,0,9009,0.04,,,
501,503,91493.7525,25:24:53.753,B,,,,0,0,0,3606,0.04,,,
502,502,91493.7925,25:24:53.793,B,,,,0,0,0,6113,0.04,,,
503,498,91493.8325,25:24:53.833,I,,1920,1080,0,0,1,52460,0.04,,,
504,505,91493.8725,25:24:53.873,B,,,,0,0,0,4550,0.04,,,
505,504,91493.9125,25:24:53.913,P,,,,0,0,0,25541,0.04,,,
506,506,91493.9525,25:24:53.953,I,,1920,1080,0,1,1,112193,0.04,,,
507,510,91493.9925,25:24:53.993,B,,,,0,0,0,4244,0.04,,,
508,509,91494.0325,25:24:54.033,B,,,,0,0,0,7541,0.04,,,
509,511,91494.0725,25:24:54.073,B,,,,0,0,0,4749,0.04,,,
510,508,91494.1125,25:24:54.113,B,,,,0,0,0,9133,0.04,,,
511,513,91494.1525,25:24:54.153,B,,,,0,0,0,4293,0.04,,,
512,512,91494.1925,25:24:54.193,B,,,,0,0,0,7316,0.04,,,
513,514,91494.2325,25:24:54.233,B,,,,0,0,0,3887,0.04,,,
514,507,91494.2725,25:24:54.273,P,,,,0,0,0,35877,0.04,,,
515,518,91494.3125,25:24:54.313,B,,,,0,0,0,2762,0.04,,,
516,517,91494.3525,25:24:54.353,B,,,,0,0,0,5474,0.04,,,
517,519,91494.3925,25:24:54.393,B,,,,0,0,0,2620,0.04,,,
518,516,91494.4325,25:24:54.433,B,,,,0,0,0,9054,0.04,,,
519,521,91494.4725,25:24:54.473,B,,,,0,0,0,2909,0.04,,,
520,520,91494.5125,25:24:54.513,B,,,,0,0,0,6545,0.04,,,
521,522,91494.5525,25:24:54.553,B,,,,0,0,0,3082,0.04,,,
522,515,91494.5925,25:24:54.593,P,,,,0,0,0,37470,0.04,,,
523,526,91494.6325,25:24:54.633,B,,,,0,0,0,2770,0.04,,,
524,525,91494.6725,25:24:54.673,B,,,,0,0,0,6338,0.04,,,
525,527,91494.7125,25:24:54.713,B,,,,0,0,0,2554,0.04,,,
526,524,91494.7525,25:24:54.753,B,,,,0,0,0,10339,0.04,,,
527,529,91494.7925,25:24:54.793,B,,,,0,0,0,3227,0.04,,,
528,528,91494.8325,25:24:54.833,B,,,,0,0,0,6108,0.04,,,
529,530,91494.8725,25:24:54.873,B,,,,0,0,0,2712,0.04,,,
530,523,91494.9125,25:24:54.913,I,,1920,1080,0,0,1,141152,0.04,,,
531,534,91494.9525,25:24:54.953,B,,,,0,0,0,3177,0.04,,,
532,533,91494.9925,25:24:54.993,B,,,,0,0,0,5890,0.04,,,
533,535,91495.0325,25:24:55.033,B,,,,0,0,0,3386,0.04,,,
534,532,91495.0725,25:24:55.073,B,,,,0,0,0,10038,0.04,,,
535,537,91495.1125,25:24:55.113,B,,,,0,0,0,3111,0.04,,,
536,536,91495.1525,25:24:55.153,B,,,,0,0,0,7019,0.04,,,
537,538,91495.1925,25:24:55.193,B,,,,0,0,0,3488,0.04,,,
538,531,91495.2325,25:24:55.233,P,,,,0,0,0,44887,0.04,,,
539,542,91495.2725,25:24:55.273,B,,,,0,0,0,3559,0.04,,,
540,541,91495.3125,25:24:55.313,B,,,,0,0,0,7385,0.04,,,
541,543,91495.3525,25:24:55.353,B,,,,0,0,0,2897,0.04,,,
542,540,91495.3925,25:24:55.393,B,,,,0,0,0,11585,0.04,,,
543,545,91495.4325,25:24:55.433,B,,,,0,0,0,2374,0.04,,,
544,544,91495.4725,25:24:55.473,B,,,,0,0,0,5003,0.04,,,
545,546,91495.5125,25:24:55.513,B,,,,0,0,0,1787,0.04,,,
546,539,91495.5525,25:24:55.553,P,,,,0,0,0,50089,0.04,,,
547,550,91495.5925,25:24:55.593,B,,,,0,0,0,1157,0.04,,,
548,549,91495.6325,25:24:55.633,B,,,,0,0,0,3365,0.04,,,
549,551,91495.6725,25:24:55.673,B,,,,0,0,0,1490,0.04,,,
550,548,91495.7125,25:24:55.713,B,,,,0,0,0,7841,0.04,,,
551,553,91495.7525,25:24:55.753,B,,,,0,0,0,1645,0.04,,,
552,552,91495.7925,25:24:55.793,B,,,,0,0,0,3335,0.04,,,
553,554,91495.8325,25:24:55.833,B,,,,0,0,0,1572,0.04,,,
554,547,91495.8725,25:24:55.873,I,,1920,1080,0,0,1,119671,0.04,,,
555,558,91495.9125,25:24:55.913,B,,,,0,0,0,1416,0.04,,,
556,557,91495.9525,25:24:55.953,B,,,,0,0,0,2889,0.04,,,
557,559,91495.9925,25:24:55.993,B,,,,0,0,0,1279,0.04,,,
558,556,91496.0325,25:24:56.033,B,,,,0,0,0,6145,0.04,,,
559,561,91496.0725,25:24:56.073,B,,,,0,0,0,1464,0.04,,,
560,560,91496.1125,25:24:56.113,B,,,,0,0,0,3222,0.04,,,
561,562,91496.1525,25:24:56.153,B,,,,0,0,0,8078,0.04,,,
562,555,91496.1925,25:24:56.193,P,,,,0,0,0,30424,0.04,,,
563,566,91496.2325,25:24:56.233,B,,,,0,0,0,13779,0.04,,,
564,565,91496.2725,25:24:56.273,B,,,,0,0,0,8814,0.04,,,
565,567,91496.3125,25:24:56.313,B,,,,0,0,0,13590,0.04,,,
566,564,91496.3525,25:24:56.353,B,,,,0,0,0,6040,0.04,,,
567,569,91496.3925,25:24:56.393,B,,,,0,0,0,13222,0.04,,,
568,568,91496.4325,25:24:56.433,B,,,,0,0,0,13590,0.04,,,
569,570,91496.4725,25:24:56.473,B,,,,0,0,0,12302,0.04,,,
570,563,91496.5125,25:24:56.513,P,,,,0,0,0,26154,0.04,,,
571,574,91496.5525,25:24:56.553,B,,,,0,0,0,1448,0.04,,,
572,573,91496.5925,25:24:56.593,B,,,,0,0,0,3362,0.04,,,
573,575,91496.6325,25:24:56.633,B,,,,0,0,0,1392,0.04,,,
574,572,91496.6725,25:24:56.673,B,,,,0,0,0,5395,0.04,,,
575,577,91496.7125,25:24:56.713,B,,,,0,0,0,1665,0.04,,,
576,576,91496.7525,25:24:56.753,B,,,,0,0,0,3851,0.04,,,
577,578,91496.7925,25:24:56.793,B,,,,0,0,0,2250,0.04,,,
578,571,91496.8325,25:24:56.833,I,,1920,1080,0,0,1,114351,0.04,,,
579,582,91496.8725,25:24:56.873,B,,,,0,0,0,1856,0.04,,,
580,581,91496.9125,25:24:56.913,B,,,,0,0,0,3510,0.04,,,
581,583,91496.9525,25:24:56.953,B,,,,0,0,0,1884,0.04,,,
582,580,91496.9925,25:24:56.993,B,,,,0,0,0,5549,0.04,,,
583,585,91497.0325,25:24:57.033,B,,,,0,0,0,1886,0.04,,,
584,584,91497.0725,25:24:57.073,B,,,,0,0,0,4010,0.04,,,
585,586,91497.1125,25:24:57.113,B,,,,0,0,0,2093,0.04,,,
586,579,91497.1525,25:24:57.153,P,,,,0,0,0,32427,0.04,,,
587,590,91497.1925,25:24:57.193,B,,,,0,0,0,1963,0.04,,,
588,589,91497.2325,25:24:57.233,B,,,,0,0,0,3783,0.04,,,
589,591,91497.2725,25:24:57.273,B,,,,0,0,0,546,0.04,,,
590,588,91497.3125,25:24:57.313,B,,,,0,0,0,7950,0.04,,,
591,593,91497.3525,25:24:57.353,B,,,,0,0,0,491,0.04,,,
592,592,91497.3925,25:24:57.393,B,,,,0,0,0,1034,0.04,,,
593,594,91497.4325,25:24:57.433,B,,,,0,0,0,654,0.04,,,
594,587,91497.4725,25:24:57.473,P,,,,0,0,0,27851,0.04,,,
595,598,91497.5125,25:24:57.513,B,,,,0,0,0,2099,0.04,,,
596,597,91497.5525,25:24:57.553,B,,,,0,0,0,3151,0.04,,,
597,599,91497.5925,25:24:57.593,B,,,,0,0,0,2025,0.04,,,
598,596,91497.6325,25:24:57.633,B,,,,0,0,0,3171,0.04,,,
599,601,91497.6725,25:24:57.673,B,,,,0,0,0,2018,0.04,,,
600,600,91497.7125,25:24:57.713,B,,,,0,0,0,4286,0.04,,,
601,602,91497.7525,25:24:57.753,B,,,,0,0,0,2347,0.04,,,
602,595,91497.7925,25:24:57.793,I,,1920,1080,0,0,1,79094,0.04,,,
603,603,91497.8325,25:24:57.833,P,,,,0,0,0,21029,0.04,,,
604,604,91497.8725,25:24:57.873,I,,1920,1080,0,1,1,85484,0.04,,,
605,608,91497.9125,25:24:57.913,B,,,,0,0,0,8464,0.04,,,
606,607,91497.9525,25:24:57.953,B,,,,0,0,0,11154,0.04,,,
607,609,91497.9925,25:24:57.993,B,,,,0,0,0,8089,0.04,,,
608,606,91498.0325,25:24:58.033,B,,,,0,0,0,9266,0.04,,,
609,611,91498.0725,25:24:58.073,B,,,,0,0,0,4593,0.04,,,
610,610,91498.1125,25:24:58.113,B,,,,0,0,0,7792,0.04,,,
611,612,91498.1525,25:24:58.153,B,,,,0,0,0,4742,0.04,,,
612,605,91498.1925,25:24:58.193,P,,,,0,0,0,49585,0.04,,,
613,616,91498.2325,25:24:58.233,B,,,,0,0,0,3497,0.04,,,
614,615,91498.2725,25:24:58.273,B,,,,0,0,0,4960,0.04,,,
615,617,91498.3125,25:24:58.313,B,,,,0,0,0,3462,0.04,,,
616,614,91498.3525,25:24:58.353,B,,,,0,0,0,9442,0.04,,,
617,619,91498.3925,25:24:58.393,B,,,,0,0,0,3770,0.04,,,
618,618,91498.4325,25:24:58.433,B,,,,0,0,0,7305,0.04,,,
619,620,91498.4725,25:24:58.473,B,,,,0,0,0,4130,0.04,,,
620,613,91498.5125,25:24:58.513,P,,,,0,0,0,38431,0.04,,,
621,624,91498.5525,25:24:58.553,B,,,,0,0,0,5014,0.04,,,
622,623,91498.5925,25:24:58.593,B,,,,0,0,0,9672,0.04,,,
623,625,91498.6325,25:24:58.633,B,,,,0,0,0,5180,0.04,,,
624,622,91498.6725,25:24:58.673,B,,,,0,0,0,16092,0.04,,,
625,627,91498.7125,25:24:58.713,B,,,,0,0,0,5028,0.04,,,
626,626,91498.7525,25:24:58.753,B,,,,0,0,0,7260,0.04,,,
627,628,91498.7925,25:24:58.793,B,,,,0,0,0,4880,0.04,,,
628,621,91498.8325,25:24:58.833,I,,1920,1080,0,0,1,93637,0.04,,,
629,632,91498.8725,25:24:58.873,B,,,,0,0,0,4530,0.04,,,
630,631,91498.9125,25:24:58.913,B,,,,0,0,0,7153,0.04,,,
631,633,91498.9525,25:24:58.953,B,,,,0,0,0,4996,0.04,,,
632,630,91498.9925,25:24:58.993,B,,,,0,0,0,13992,0.04,,,
633,635,91499.0325,25:24:59.033,B,,,,0,0,0,4499,0.04,,,
634,634,91499.0725,25:24:59.073,B,,,,0,0,0,9911,0.04,,,
635,636,91499.1125,25:24:59.113,B,,,,0,0,0,5476,0.04,,,
636,629,91499.1525,25:24:59.153,P,,,,0,0,0,67681,0.04,,,
637,640,91499.1925,25:24:59.193,B,,,,0,0,0,3750,0.04,,,
638,639,91499.2325,25:24:59.233,B,,,,0,0,0,8067,0.04,,,
639,641,91499.2725,25:24:59.273,B,,,,0,0,0,4173,0.04,,,
640,638,91499.3125,25:24:59.313,B,,,,0,0,0,12883,0.04,,,
641,643,91499.3525,25:24:59.353,B,,,,0,0,0,3794,0.04,,,
642,642,91499.3925,25:24:59.393,B,,,,0,0,0,8142,0.04,,,
643,644,91499.4325,25:24:59.433,B,,,,0,0,0,4798,0.04,,,
644,637,91499.4725,25:24:59.473,P,,,,0,0,0,60828,0.04,,,
645,648,91499.5125,25:24:59.513,B,,,,0,0,0,3198,0.04,,,
646,647,91499.5525,25:24:59.553,B,,,,0,0,0,7274,0.04,,,
647,649,91499.5925,25:24:59.593,B,,,,0,0,0,4970,0.04,,,
648,646,91499.6325,25:24:59.633,B,,,,0,0,0,16223,0.04,,,
649,651,91499.6725,25:24:59.673,B,,,,0,0,0,7384,0.04,,,
650,650,91499.7125,25:24:59.713,B,,,,0,0,0,11961,0.04,,,
651,652,91499.7525,25:24:59.753,B,,,,0,0,0,4895,0.04,,,
652,645,91499.7925,25:24:59.793,I,,1920,1080,0,0,1,83959,0.04,,,
653,656,91499.8325,25:24:59.833,B,,,,0,0,0,3687,0.04,,,
654,655,91499.8725,25:24:59.873,B,,,,0,0,0,5844,0.04,,,
655,657,91499.9125,25:24:59.913,B,,,,0,0,0,1320,0.04,,,
656,654,91499.9525,25:24:59.953,B,,,,0,0,0,5819,0.04,,,
657,659,91499.9925,25:24:59.993,B,,,,0,0,0,9918,0.04,,,
658,658,91500.0325,25:25:00.033,B,,,,0,0,0,2438,0.04,,,
659,660,91500.0725,25:25:00.073,B,,,,0,0,0,14694,0.04,,,
660,653,91500.1125,25:25:00.113,P,,,,0,0,0,39757,0.04,,,
661,664,91500.1525,25:25:00.153,B,,,,0,0,0,14699,0.04,,,
662,663,91500.1925,25:25:00.193,B,,,,0,0,0,14694,0.04,,,
663,662,91500.2325,25:25:00.233,B,,,,0,0,0,14694,0.04,,,
664,666,91500.2725,25:25:00.273,B,,,,0,0,0,14694,0.04,,,
665,665,91500.3125,25:25:00.313,B,,,,0,0,0,14694,0.04,,,
666,661,91500.3525,25:25:00.353,P,,,,0,0,0,14694,0.04,,,
667,667,91500.3925,25:25:00.393,I,,1920,1080,0,1,1,137086,0.04,,,
668,671,91500.4325,25:25:00.433,B,帧,,,0,0,0,3141,0.04,,,
669,670,91500.4725,25:25:00.473,B,帧,,,0,0,0,6606,0.04,,,
670,672,91500.5125,25:25:00.513,B,帧,,,0,0,0,6315,0.04,,,
671,669,91500.5525,25:25:00.553,B,帧,,,0,0,0,16541,0.04,,,
672,674,91500.5925,25:25:00.593,B,帧,,,0,0,0,5527,0.04,,,
673,673,91500.6325,25:25:00.633,B,帧,,,0,0,0,10802,0.04,,,
674,675,91500.6725,25:25:00.673,B,帧,,,0,0,0,5249,0.04,,,
675,668,91500.7125,25:25:00.713,P,帧,,,0,0,0,46316,0.04,,,
676,679,91500.7525,25:25:00.753,B,帧,,,0,0,0,4347,0.04,,,
677,678,91500.7925,25:25:00.793,B,帧,,,0,0,0,6988,0.04,,,
678,680,91500.8325,25:25:00.833,B,帧,,,0,0,0,3475,0.04,,,
679,677,91500.8725,25:25:00.873,B,帧,,,0,0,0,13590,0.04,,,
680,682,91500.9125,25:25:00.913,B,帧,,,0,0,0,4046,0.04,,,
681,681,91500.9525,25:25:00.953,B,帧,,,0,0,0,9078,0.04,,,
682,683,91500.9925,25:25:00.993,B,帧,,,0,0,0,4630,0.04,,,
683,676,91501.0325,25:25:01.033,P,帧,,,0,0,0,43329,0.04,,,
684,687,91501.0725,25:25:01.073,B,帧,,,0,0,0,5125,0.04,,,
685,686,91501.1125,25:25:01.113,B,帧,,,0,0,0,9199,0.04,,,
686,688,91501.1525,25:25:01.153,B,帧,,,0,0,0,4206,0.04,,,
687,685,91501.1925,25:25:01.193,B,帧,,,0,0,0,14385,0.04,,,
688,690,91501.2325,25:25:01.233,B,帧,,,0,0,0,5790,0.04,,,
689,689,91501.2725,25:25:01.273,B,帧,,,0,0,0,10413,0.04,,,
690,691,91501.3125,25:25:01.313,B,帧,,,0,0,0,4847,0.04,,,
691,684,91501.3525,25:25:01.353,I,帧,1920,1080,0,0,1,134863,0.04,,,
692,695,91501.3925,25:25:01.393,B,帧,,,0,0,0,5847,0.04,,,
693,694,91501.4325,25:25:01.433,B,帧,,,0,0,0,12096,0.04,,,
694,696,91501.4725,25:25:01.473,B,帧,,,0,0,0,6527,0.04,,,
695,693,91501.5125,25:25:01.513,B,帧,,,0,0,0,18781,0.04,,,
696,698,91501.5525,25:25:01.553,B,帧,,,0,0,0,5170,0.04,,,
697,697,91501.5925,25:25:01.593,B,帧,,,0,0,0,7270,0.04,,,
698,699,91501.6325,25:25:01.633,B,帧,,,0,0,0,3607,0.04,,,
699,692,91501.6725,25:25:01.673,P,帧,,,0,0,0,56253,0.04,,,
700,703,91501.7125,25:25:01.713,B,帧,,,0,0,0,4418,0.04,,,
701,702,91501.7525,25:25:01.753,B,帧,,,0,0,0,6607,0.04,,,
702,704,91501.7925,25:25:01.793,B,帧,,,0,0,0,3066,0.04,,,
703,701,91501.8325,25:25:01.833,B,帧,,,0,0,0,12615,0.04,,,
704,706,91501.8725,25:25:01.873,B,帧,,,0,0,0,3147,0.04,,,
705,705,91501.9125,25:25:01.913,B,帧,,,0,0,0,6702,0.04,,,
706,707,91501.9525,25:25:01.953,B,帧,,,0,0,0,7158,0.04,,,
707,700,91501.9925,25:25:01.993,P,帧,,,0,0,0,48074,0.04,,,
708,711,91502.0325,25:25:02.033,B,帧,,,0,0,0,3541,0.04,,,
709,710,91502.0725,25:25:02.073,B,帧,,,0,0,0,6548,0.04,,,
710,712,91502.1125,25:25:02.113,B,帧,,,0,0,0,3941,0.04,,,
711,709,91502.1525,25:25:02.153,B,帧,,,0,0,0,13643,0.04,,,
712,714,91502.1925,25:25:02.193,B,帧,,,0,0,0,4750,0.04,,,
713,713,91502.2325,25:25:02.233,B,帧,,,0,0,0,6695,0.04,,,
714,715,91502.2725,25:25:02.273,B,帧,,,0,0,0,3601,0.04,,,
715,708,91502.3125,25:25:02.313,I,帧,1920,1080,0,0,1,127968,0.04,,,
716,719,91502.3525,25:25:02.353,B,帧,,,0,0,0,3773,0.04,,,
717,718,91502.3925,25:25:02.393,B,帧,,,0,0,0,7003,0.04,,,
718,720,91502.4325,25:25:02.433,B,帧,,,0,0,0,3782,0.04,,,
719,717,91502.4725,25:25:02.473,B,帧,,,0,0,0,11254,0.04,,,
720,722,91502.5125,25:25:02.513,B,帧,,,0,0,0,3205,0.04,,,
721,721,91502.5525,25:25:02.553,B,帧,,,0,0,0,6213,0.04,,,
722,723,91502.5925,25:25:02.593,B,帧,,,0,0,0,6606,0.04,,,
723,716,91502.6325,25:25:02.633,P,帧,,,0,0,0,41485,0.04,,,
724,727,91502.6725,25:25:02.673,B,帧,,,0,0,0,15803,0.04,,,
725,726,91502.7125,25:25:02.713,B,帧,,,0,0,0,5686,0.04,,,
726,725,91502.7525,25:25:02.753,B,帧,,,0,0,0,9049,0.04,,,
727,728,91502.7925,25:25:02.793,B,帧,,,0,0,0,15798,0.04,,,
728,724,91502.8325,25:25:02.833,P,帧,,,0,0,0,32628,0.04,,,
729,729,91502.8725,25:25:02.873,I,,1920,1080,0,1,1,66934,0.04,,,
730,733,91502.9125,25:25:02.913,B,帧,,,0,0,0,12737,0.04,,,
731,732,91502.9525,25:25:02.953,B,帧,,,0,0,0,21082,0.04,,,
732,734,91502.9925,25:25:02.993,B,帧,,,0,0,0,8500,0.04,,,
733,731,91503.0325,25:25:03.033,B,帧,,,0,0,0,24931,0.04,,,
734,736,91503.0725,25:25:03.073,B,帧,,,0,0,0,9008,0.04,,,
735,735,91503.1125,25:25:03.113,B,帧,,,0,0,0,10091,0.04,,,
736,730,91503.1525,25:25:03.153,P,帧,,,0,0,0,48358,0.04,,,
737,738,91503.1925,25:25:03.193,B,帧,,,0,0,0,11042,0.04,,,
738,737,91503.2325,25:25:03.233,P,帧,,,0,0,0,41621,0.04,,,
739,742,91503.2725,25:25:03.273,B,帧,,,0,0,0,10054,0.04,,,
740,741,91503.3125,25:25:03.313,B,帧,,,0,0,0,10505,0.04,,,
741,740,91503.3525,25:25:03.353,B,帧,,,0,0,0,14500,0.04,,,
742,743,91503.3925,25:25:03.393,B,帧,,,0,0,0,6146,0.04,,,
743,739,91503.4325,25:25:03.433,P,帧,,,0,0,0,39774,0.04,,,
744,744,91503.4725,25:25:03.473,P,帧,,,0,0,0,37751,0.04,,,
745,748,91503.5125,25:25:03.513,B,帧,,,0,0,0,10051,0.04,,,
746,747,91503.5525,25:25:03.553,B,帧,,,0,0,0,14276,0.04,,,
747,746,91503.5925,25:25:03.593,B,帧,,,0,0,0,12329,0.04,,,
748,749,91503.6325,25:25:03.633,B,帧,,,0,0,0,8677,0.04,,,
749,745,91503.6725,25:25:03.673,P,帧,,,0,0,0,43895,0.04,,,
750,753,91503.7125,25:25:03.713,B,帧,,,0,0,0,9132,0.04,,,
751,752,91503.7525,25:25:03.753,B,帧,,,0,0,0,18031,0.04,,,
752,751,91503.7925,25:25:03.793,B,帧,,,0,0,0,26306,0.04,,,
753,754,91503.8325,25:25:03.833,B,帧,,,0,0,0,10090,0.04,,,
754,750,91503.8725,25:25:03.873,I,帧,1920,1080,0,0,1,59120,0.04,,,
755,757,91503.9125,25:25:03.913,B,帧,,,0,0,0,9179,0.04,,,
756,756,91503.9525,25:25:03.953,B,帧,,,0,0,0,21356,0.04,,,
757,758,91503.9925,25:25:03.993,B,帧,,,0,0,0,12374,0.04,,,
758,755,91504.0325,25:25:04.033,P,帧,,,0,0,0,37490,0.04,,,
759,759,91504.0725,25:25:04.073,I,,1920,1080,0,1,1,39615,0.04,,,
760,760,91504.0925,25:25:04.093,P,场,,,0,0,0,6960,0.04,,,场/帧模式切换
761,761,91504.1125,25:25:04.113,P,帧,,,0,0,0,35962,0.04,,,场/帧模式切换
762,762,91504.1525,25:25:04.153,I,,1920,1080,0,1,1,49122,0.04,,,
763,764,91504.1925,25:25:04.193,B,,,,0,0,0,26366,0.04,,,
764,763,91504.2325,25:25:04.233,P,,,,0,0,0,50717,0.04,,,
765,766,91504.2725,25:25:04.273,B,,,,0,0,0,19302,0.04,,,
766,765,91504.3125,25:25:04.313,P,,,,0,0,0,41830,0.04,,,
767,767,91504.3525,25:25:04.353,P,,,,0,0,0,34112,0.04,,,
768,769,91504.3925,25:25:04.393,B,,,,0,0,0,15098,0.04,,,
769,768,91504.4325,25:25:04.433,P,,,,0,0,0,44491,0.04,,,
770,770,91504.4725,25:25:04.473,I,,1920,1080,0,1,1,136843,0.04,,,
771,774,91504.5125,25:25:04.513,B,帧,,,0,0,0,6213,0.04,,,
772,773,91504.5525,25:25:04.553,B,帧,,,0,0,0,10936,0.04,,,
773,775,91504.5925,25:25:04.593,B,帧,,,0,0,0,6274,0.04,,,
774,772,91504.6325,25:25:04.633,B,帧,,,0,0,0,18322,0.04,,,
775,777,91504.6725,25:25:04.673,B,帧,,,0,0,0,5267,0.04,,,
776,776,91504.7125,25:25:04.713,B,帧,,,0,0,0,10353,0.04,,,
777,778,91504.7525,25:25:04.753,B,帧,,,0,0,0,4906,0.04,,,
778,771,91504.7925,25:25:04.793,P,帧,,,0,0,0,58084,0.04,,,
779,782,91504.8325,25:25:04.833,B,帧,,,0,0,0,12315,0.04,,,
780,781,91504.8725,25:25:04.873,B,帧,,,0,0,0,7853,0.04,,,
781,783,91504.9125,25:25:04.913,B,帧,,,0,0,0,35302,0.04,,,
782,780,91504.9525,25:25:04.953,B,帧,,,0,0,0,14103,0.04,,,
783,785,91504.9925,25:25:04.993,B,帧,,,0,0,0,35302,0.04,,,
784,784,91505.0325,25:25:05.033,B,帧,,,0,0,0,35302,0.04,,,
785,786,91505.0725,25:25:05.073,B,帧,,,0,0,0,35302,0.04,,,
786,779,91505.1125,25:25:05.113,P,帧,,,0,0,0,47705,0.04,,,
787,790,91505.1525,25:25:05.153,B,帧,,,0,0,0,9739,0.04,,,
788,789,91505.1925,25:25:05.193,B,帧,,,0,0,0,7708,0.04,,,
789,791,91505.2325,25:25:05.233,B,帧,,,0,0,0,35118,0.04,,,
790,788,91505.2725,25:25:05.273,B,帧,,,0,0,0,13125,0.04,,,
791,793,91505.3125,25:25:05.313,B,帧,,,0,0,0,35118,0.04,,,
792,792,91505.3525,25:25:05.353,B,帧,,,0,0,0,35118,0.04,,,
793,794,91505.3925,25:25:05.393,B,帧,,,0,0,0,35118,0.04,,,
794,787,91505.4325,25:25:05.433,I,帧,1920,1080,0,0,1,110630,0.04,,,
795,797,91505.4725,25:25:05.473,B,帧,,,0,0,0,7894,0.04,,,
796,796,91505.5125,25:25:05.513,B,帧,,,0,0,0,8498,0.04,,,
797,798,91505.5525,25:25:05.553,B,帧,,,0,0,0,17638,0.04,,,
798,795,91505.5925,25:25:05.593,P,帧,,,0,0,0,50215,0.04,,,
799,799,91505.6325,25:25:05.633,I,,1920,1080,0,1,1,101124,0.04,,,
800,802,91505.6725,25:25:05.673,B,帧,,,0,0,0,9220,0.04,,,
801,801,91505.7125,25:25:05.713,B,帧,,,0,0,0,14907,0.04,,,
802,803,91505.7525,25:25:05.753,B,帧,,,0,0,0,9291,0.04,,,
803,800,91505.7925,25:25:05.793,P,帧,,,0,0,0,51448,0.04,,,
804,807,91505.8325,25:25:05.833,B,帧,,,0,0,0,8249,0.04,,,
805,806,91505.8725,25:25:05.873,B,帧,,,0,0,0,8629,0.04,,,
806,805,91505.9125,25:25:05.913,B,帧,,,0,0,0,14079,0.04,,,
807,809,91505.9525,25:25:05.953,B,帧,,,0,0,0,6315,0.04,,,
808,808,91505.9925,25:25:05.993,B,帧,,,0,0,0,6781,0.04,,,
809,804,91506.0325,25:25:06.033,P,帧,,,0,0,0,64988,0.04,,,
810,813,91506.0725,25:25:06.073,B,帧,,,0,0,0,4369,0.04,,,
811,812,91506.1125,25:25:06.113,B,帧,,,0,0,0,7831,0.04,,,
812,814,91506.1525,25:25:06.153,B,帧,,,0,0,0,4111,0.04,,,
813,811,91506.1925,25:25:06.193,B,帧,,,0,0,0,9936,0.04,,,
814,816,91506.2325,25:25:06.233,B,帧,,,0,0,0,3588,0.04,,,
815,815,91506.2725,25:25:06.273,B,帧,,,0,0,0,4450,0.04,,,
816,810,91506.3125,25:25:06.313,P,帧,,,0,0,0,41394,0.04,,,
817,819,91506.3525,25:25:06.353,B,帧,,,0,0,0,3806,0.04,,,
818,818,91506.3925,25:25:06.393,B,帧,,,0,0,0,7080,0.04,,,
819,820,91506.4325,25:25:06.433,B,帧,,,0,0,0,5359,0.04,,,
820,817,91506.4725,25:25:06.473,P,帧,,,0,0,0,32931,0.04,,,
821,823,91506.5125,25:25:06.513,B,帧,,,0,0,0,25266,0.04,,,
822,822,91506.5525,25:25:06.553,B,帧,,,0,0,0,26375,0.04,,,
823,821,91506.5925,25:25:06.593,I,帧,1920,1080,0,0,1,90803,0.04,,,
824,824,91506.6325,25:25:06.633,P,帧,,,0,0,0,47528,0.04,,,
825,831,91506.6725,25:25:06.673,B,场,,,0,0,0,6409,0.04,40ms,,场/帧模式切换;duration变为40ms
826,832,91506.6925,25:25:06.693,B,场,,,0,0,0,6073,0.02,20ms,,duration变为20ms
827,829,91506.7125,25:25:06.713,B,场,,,0,0,0,7467,0.02,,,
828,830,91506.7325,25:25:06.733,B,场,,,0,0,0,3489,0.02,,,
829,833,91506.7525,25:25:06.753,B,场,,,0,0,0,2408,0.02,,,
830,834,91506.7725,25:25:06.773,B,场,,,0,0,0,1857,0.02,,,
831,827,91506.7925,25:25:06.793,B,场,,,0,0,0,6408,0.02,,,
832,828,91506.8125,25:25:06.813,B,场,,,0,0,0,4106,0.02,,,
833,837,91506.8325,25:25:06.833,B,场,,,0,0,0,1593,0.02,,,
834,838,91506.8525,25:25:06.853,B,场,,,0,0,0,1382,0.02,,,
835,835,91506.8725,25:25:06.873,B,场,,,0,0,0,2158,0.02,,,
836,836,91506.8925,25:25:06.893,B,场,,,0,0,0,1295,0.02,,,
837,825,91506.9125,25:25:06.913,P,场,,,0,0,0,30477,0.02,,,
838,826,91506.9325,25:25:06.933,P,场,,,0,0,0,8138,0.02,,,
839,843,91506.9525,25:25:06.953,B,场,,,0,0,0,2283,0.02,,,
840,844,91506.9725,25:25:06.973,B,场,,,0,0,0,2062,0.02,,,
841,841,91506.9925,25:25:06.993,B,场,,,0,0,0,7378,0.02,,,
842,842,91507.0125,25:25:07.013,B,场,,,0,0,0,3623,0.02,,,
843,839,91507.0325,25:25:07.033,P,场,,,0,0,0,31742,0.02,,,
844,840,91507.0525,25:25:07.053,P,场,,,0,0,0,8446,0.02,,,
845,845,91507.0725,25:25:07.073,I,,1920,1080,0,1,1,114451,0.02,20ms,,duration变为20ms
846,849,91507.1125,25:25:07.113,B,帧,,,0,0,0,6217,0.04,40ms,,场/帧模式切换;duration变为40ms
847,848,91507.1525,25:25:07.153,B,帧,,,0,0,0,9209,0.04,,,
848,850,91507.1925,25:25:07.193,B,帧,,,0,0,0,8533,0.04,,,
849,847,91507.2325,25:25:07.233,B,帧,,,0,0,0,12043,0.04,,,
850,852,91507.2725,25:25:07.273,B,帧,,,0,0,0,4804,0.04,,,
851,851,91507.3125,25:25:07.313,B,帧,,,0,0,0,7525,0.04,,,
852,853,91507.3525,25:25:07.353,B,帧,,,0,0,0,3700,0.04,,,
853,846,91507.3925,25:25:07.393,P,帧,,,0,0,0,31115,0.04,,,
854,857,91507.4325,25:25:07.433,B,帧,,,0,0,0,4200,0.04,,,
855,856,91507.4725,25:25:07.473,B,帧,,,0,0,0,6814,0.04,,,
856,858,91507.5125,25:25:07.513,B,帧,,,0,0,0,4267,0.04,,,
857,855,91507.5525,25:25:07.553,B,帧,,,0,0,0,9894,0.04,,,
858,860,91507.5925,25:25:07.593,B,帧,,,0,0,0,5100,0.04,,,
859,859,91507.6325,25:25:07.633,B,帧,,,0,0,0,6832,0.04,,,
860,861,91507.6725,25:25:07.673,B,帧,,,0,0,0,5134,0.04,,,
861,854,91507.7125,25:25:07.713,P,帧,,,0,0,0,42149,0.04,,,
862,865,91507.7525,25:25:07.753,B,帧,,,0,0,0,4254,0.04,,,
863,864,91507.7925,25:25:07.793,B,帧,,,0,0,0,6258,0.04,,,
864,866,91507.8325,25:25:07.833,B,帧,,,0,0,0,3364,0.04,,,
865,863,91507.8725,25:25:07.873,B,帧,,,0,0,0,7583,0.04,,,
866,868,91507.9125,25:25:07.913,B,帧,,,0,0,0,3740,0.04,,,
867,867,91507.9525,25:25:07.953,B,帧,,,0,0,0,5278,0.04,,,
868,869,91507.9925,25:25:07.993,B,帧,,,0,0,0,3336,0.04,,,
869,862,91508.0325,25:25:08.033,I,帧,1920,1080,0,0,1,141290,0.04,,,
870,873,91508.0725,25:25:08.073,B,帧,,,0,0,0,3814,0.04,,,
871,872,91508.1125,25:25:08.113,B,帧,,,0,0,0,5184,0.04,,,
872,871,91508.1525,25:25:08.153,B,帧,,,0,0,0,11785,0.04,,,
873,875,91508.1925,25:25:08.193,B,帧,,,0,0,0,3460,0.04,,,
874,874,91508.2325,25:25:08.233,B,帧,,,0,0,0,6376,0.04,,,
875,870,91508.2725,25:25:08.273,P,帧,,,0,0,0,43311,0.04,,,
876,876,91508.3125,25:25:08.313,I,,1920,1080,0,1,1,98683,0.04,,,
877,880,91508.3525,25:25:08.353,B,,,,0,0,0,4658,0.04,,,
878,879,91508.3925,25:25:08.393,B,,,,0,0,0,6953,0.04,,,
879,881,91508.4325,25:25:08.433,B,,,,0,0,0,13509,0.04,,,
880,878,91508.4725,25:25:08.473,B,,,,0,0,0,13382,0.04,,,
881,883,91508.5125,25:25:08.513,B,,,,0,0,0,10419,0.04,,,
882,882,91508.5525,25:25:08.553,B,,,,0,0,0,11912,0.04,,,
883,884,91508.5925,25:25:08.593,B,,,,0,0,0,7859,0.04,,,
884,877,91508.6325,25:25:08.633,P,,,,0,0,0,33463,0.04,,,
885,888,91508.6725,25:25:08.673,B,,,,0,0,0,5831,0.04,,,
886,887,91508.7125,25:25:08.713,B,,,,0,0,0,8384,0.04,,,
887,889,91508.7525,25:25:08.753,B,,,,0,0,0,5746,0.04,,,
888,886,91508.7925,25:25:08.793,B,,,,0,0,0,7063,0.04,,,
889,891,91508.8325,25:25:08.833,B,,,,0,0,0,6399,0.04,,,
890,890,91508.8725,25:25:08.873,B,,,,0,0,0,10284,0.04,,,
891,892,91508.9125,25:25:08.913,B,,,,0,0,0,7933,0.04,,,
892,885,91508.9525,25:25:08.953,P,,,,0,0,0,28987,0.04,,,
893,896,91508.9925,25:25:08.993,B,,,,0,0,0,7097,0.04,,,
894,895,91509.0325,25:25:09.033,B,,,,0,0,0,11305,0.04,,,
895,897,91509.0725,25:25:09.073,B,,,,0,0,0,6716,0.04,,,
896,894,91509.1125,25:25:09.113,B,,,,0,0,0,9570,0.04,,,
897,899,91509.1525,25:25:09.153,B,,,,0,0,0,6455,0.04,,,
898,898,91509.1925,25:25:09.193,B,,,,0,0,0,8642,0.04,,,
899,900,91509.2325,25:25:09.233,B,,,,0,0,0,6033,0.04,,,
900,893,91509.2725,25:25:09.273,I,,1920,1080,0,0,1,110967,0.04,,,
901,904,91509.3125,25:25:09.313,B,,,,0,0,0,6648,0.04,,,
902,903,91509.3525,25:25:09.353,B,,,,0,0,0,5291,0.04,,,
903,905,91509.3925,25:25:09.393,B,,,,0,0,0,6940,0.04,,,
904,902,91509.4325,25:25:09.433,B,,,,0,0,0,9959,0.04,,,
905,907,91509.4725,25:25:09.473,B,,,,0,0,0,6460,0.04,,,
906,906,91509.5125,25:25:09.513,B,,,,0,0,0,6027,0.04,,,
907,908,91509.5525,25:25:09.553,B,,,,0,0,0,6606,0.04,,,
908,901,91509.5925,25:25:09.593,P,,,,0,0,0,41435,0.04,,,
909,912,91509.6325,25:25:09.633,B,,,,0,0,0,6648,0.04,,,
910,911,91509.6725,25:25:09.673,B,,,,0,0,0,9650,0.04,,,
911,913,91509.7125,25:25:09.713,B,,,,0,0,0,9091,0.04,,,
912,910,91509.7525,25:25:09.753,B,,,,0,0,0,14501,0.04,,,
913,915,91509.7925,25:25:09.793,B,,,,0,0,0,7013,0.04,,,
914,914,91509.8325,25:25:09.833,B,,,,0,0,0,6968,0.04,,,
915,916,91509.8725,25:25:09.873,B,,,,0,0,0,5879,0.04,,,
916,909,91509.9125,25:25:09.913,P,,,,0,0,0,47754,0.04,,,
917,920,91509.9525,25:25:09.953,B,,,,0,0,0,8223,0.04,,,
918,919,91509.9925,25:25:09.993,B,,,,0,0,0,4369,0.04,,,
919,921,91510.0325,25:25:10.033,B,,,,0,0,0,3834,0.04,,,
920,918,91510.0725,25:25:10.073,B,,,,0,0,0,9755,0.04,,,
921,923,91510.1125,25:25:10.113,B,,,,0,0,0,6202,0.04,,,
922,922,91510.1525,25:25:10.153,B,,,,0,0,0,7984,0.04,,,
923,924,91510.1925,25:25:10.193,B,,,,0,0,0,4744,0.04,,,
924,917,91510.2325,25:25:10.233,I,,1920,1080,0,0,1,93091,0.04,,,
925,928,91510.2725,25:25:10.273,B,,,,0,0,0,5451,0.04,,,
926,927,91510.3125,25:25:10.313,B,,,,0,0,0,11974,0.04,,,
927,929,91510.3525,25:25:10.353,B,,,,0,0,0,6951,0.04,,,
928,926,91510.3925,25:25:10.393,B,,,,0,0,0,9630,0.04,,,
929,931,91510.4325,25:25:10.433,B,,,,0,0,0,5534,0.04,,,
930,930,91510.4725,25:25:10.473,B,,,,0,0,0,7736,0.04,,,
931,932,91510.5125,25:25:10.513,B,,,,0,0,0,5323,0.04,,,
932,925,91510.5525,25:25:10.553,P,,,,0,0,0,35879,0.04,,,
933,936,91510.5925,25:25:10.593,B,,,,0,0,0,3335,0.04,,,
934,935,91510.6325,25:25:10.633,B,,,,0,0,0,4830,0.04,,,
935,937,91510.6725,25:25:10.673,B,,,,0,0,0,5134,0.04,,,
936,934,91510.7125,25:25:10.713,B,,,,0,0,0,6604,0.04,,,
937,939,91510.7525,25:25:10.753,B,,,,0,0,0,14326,0.04,,,
938,938,91510.7925,25:25:10.793,B,,,,0,0,0,14510,0.04,,,
939,940,91510.8325,25:25:10.833,B,,,,0,0,0,13774,0.04,,,
940,933,91510.8725,25:25:10.873,P,,,,0,0,0,24617,0.04,,,
941,944,91510.9125,25:25:10.913,B,,,,0,0,0,7452,0.04,,,
942,943,91510.9525,25:25:10.953,B,,,,0,0,0,6618,0.04,,,
943,945,91510.9925,25:25:10.993,B,,,,0,0,0,4655,0.04,,,
944,942,91511.0325,25:25:11.033,B,,,,0,0,0,9096,0.04,,,
945,947,91511.0725,25:25:11.073,B,,,,0,0,0,3906,0.04,,,
946,946,91511.1125,25:25:11.113,B,,,,0,0,0,4209,0.04,,,
947,948,91511.1525,25:25:11.153,B,,,,0,0,0,2923,0.04,,,
948,941,91511.1925,25:25:11.193,I,,1920,1080,0,0,1,85832,0.04,,,
949,952,91511.2325,25:25:11.233,B,,,,0,0,0,4858,0.04,,,
950,951,91511.2725,25:25:11.273,B,,,,0,0,0,7588,0.04,,,
951,953,91511.3125,25:25:11.313,B,,,,0,0,0,5328,0.04,,,
952,950,91511.3525,25:25:11.353,B,,,,0,0,0,7318,0.04,,,
953,955,91511.3925,25:25:11.393,B,,,,0,0,0,7224,0.04,,,
954,954,91511.4325,25:25:11.433,B,,,,0,0,0,6306,0.04,,,
955,956,91511.4725,25:25:11.473,B,,,,0,0,0,4436,0.04,,,
956,949,91511.5125,25:25:11.513,P,,,,0,0,0,35400,0.04,,,
957,960,91511.5525,25:25:11.553,B,,,,0,0,0,4263,0.04,,,
958,959,91511.5925,25:25:11.593,B,,,,0,0,0,5225,0.04,,,
959,961,91511.6325,25:25:11.633,B,,,,0,0,0,3591,0.04,,,
960,958,91511.6725,25:25:11.673,B,,,,0,0,0,7944,0.04,,,
961,963,91511.7125,25:25:11.713,B,,,,0,0,0,2677,0.04,,,
962,962,91511.7525,25:25:11.753,B,,,,0,0,0,4830,0.04,,,
963,964,91511.7925,25:25:11.793,B,,,,0,0,0,10286,0.04,,,
964,957,91511.8325,25:25:11.833,P,,,,0,0,0,25313,0.04,,,
965,966,91511.8725,25:25:11.873,B,,,,0,0,0,5938,0.04,,,
966,965,91511.9125,25:25:11.913,P,,,,0,0,0,26360,0.04,,,
967,969,91511.9525,25:25:11.953,B,,,,0,0,0,7139,0.04,,,
968,968,91511.9925,25:25:11.993,B,,,,0,0,0,7753,0.04,,,
969,967,91512.0325,25:25:12.033,P,,,,0,0,0,35611,0.04,,,
970,972,91512.0725,25:25:12.073,B,,,,0,0,0,4705,0.04,,,
971,971,91512.1125,25:25:12.113,B,,,,0,0,0,6234,0.04,,,
972,973,91512.1525,25:25:12.153,B,,,,0,0,0,5137,0.04,,,
973,970,91512.1925,25:25:12.193,I,,1920,1080,0,0,1,88258,0.04,,,
974,977,91512.2325,25:25:12.233,B,,,,0,0,0,7013,0.04,,,
975,976,91512.2725,25:25:12.273,B,,,,0,0,0,6418,0.04,,,
976,975,91512.3125,25:25:12.313,B,,,,0,0,0,11464,0.04,,,
977,979,91512.3525,25:25:12.353,B,,,,0,0,0,10748,0.04,,,
978,978,91512.3925,25:25:12.393,B,,,,0,0,0,7321,0.04,,,
979,974,91512.4325,25:25:12.433,P,,,,0,0,0,30060,0.04,,,
980,983,91512.4725,25:25:12.473,B,,,,0,0,0,3949,0.04,,,
981,982,91512.5125,25:25:12.513,B,,,,0,0,0,5243,0.04,,,
982,981,91512.5525,25:25:12.553,B,,,,0,0,0,5070,0.04,,,
983,984,91512.5925,25:25:12.593,B,,,,0,0,0,1575,0.04,,,
984,980,91512.6325,25:25:12.633,P,,,,0,0,0,38936,0.04,,,
985,988,91512.6725,25:25:12.673,B,,,,0,0,0,2011,0.04,,,
986,987,91512.7125,25:25:12.713,B,,,,0,0,0,5337,0.04,,,
987,989,91512.7525,25:25:12.753,B,,,,0,0,0,3472,0.04,,,
988,986,91512.7925,25:25:12.793,B,,,,0,0,0,5514,0.04,,,
989,991,91512.8325,25:25:12.833,B,,,,0,0,0,1358,0.04,,,
990,990,91512.8725,25:25:12.873,B,,,,0,0,0,2967,0.04,,,
991,985,91512.9125,25:25:12.913,P,,,,0,0,0,31226,0.04,,,
992,994,91512.9525,25:25:12.953,B,,,,0,0,0,2620,0.04,,,
993,993,91512.9925,25:25:12.993,B,,,,0,0,0,3212,0.04,,,
994,995,91513.0325,25:25:13.033,B,,,,0,0,0,11758,0.04,,,
995,992,91513.0725,25:25:13.073,P,,,,0,0,0,25648,0.04,,,
996,996,91513.1125,25:25:13.113,I,,1920,1080,0,1,1,101712,0.04,,,
997,1000,91513.1525,25:25:13.153,B,,,,0,0,0,4796,0.04,,,
998,999,91513.1925,25:25:13.193,B,,,,0,0,0,9228,0.04,,,
999,1001,91513.2325,25:25:13.233,B,,,,0,0,0,4745,0.04,,,
1000,998,91513.2725,25:25:13.273,B,,,,0,0,0,8611,0.04,,,
1001,1003,91513.3125,25:25:13.313,B,,,,0,0,0,4219,0.04,,,
1002,1002,91513.3525,25:25:13.353,B,,,,0,0,0,6182,0.04,,,
1003,1004,91513.3925,25:25:13.393,B,,,,0,0,0,2955,0.04,,,
1004,997,91513.4325,25:25:13.433,P,,,,0,0,0,24565,0.04,,,
1005,1008,91513.4725,25:25:13.473,B,,,,0,0,0,3411,0.04,,,
1006,1007,91513.5125,25:25:13.513,B,,,,0,0,0,7219,0.04,,,
1007,1009,91513.5525,25:25:13.553,B,,,,0,0,0,4371,0.04,,,
1008,1006,91513.5925,25:25:13.593,B,,,,0,0,0,15633,0.04,,,
1009,1011,91513.6325,25:25:13.633,B,,,,0,0,0,4841,0.04,,,
1010,1010,91513.6725,25:25:13.673,B,,,,0,0,0,9401,0.04,,,
1011,1012,91513.7125,25:25:13.713,B,,,,0,0,0,3825,0.04,,,
1012,1005,91513.7525,25:25:13.753,P,,,,0,0,0,55300,0.04,,,
1013,1016,91513.7925,25:25:13.793,B,,,,0,0,0,2977,0.04,,,
1014,1015,91513.8325,25:25:13.833,B,,,,0,0,0,4513,0.04,,,
1015,1014,91513.8725,25:25:13.873,B,,,,0,0,0,9328,0.04,,,
1016,1018,91513.9125,25:25:13.913,B,,,,0,0,0,13230,0.04,,,
1017,1017,91513.9525,25:25:13.953,B,,,,0,0,0,4995,0.04,,,
1018,1013,91513.9925,25:25:13.993,P,,,,0,0,0,40983,0.04,,,
1019,1019,91514.0325,25:25:14.033,I,,1920,1080,0,1,1,71309,0.04,,,
1020,1023,91514.0725,25:25:14.073,B,,,,0,0,0,8678,0.04,,,
1021,1022,91514.1125,25:25:14.113,B,,,,0,0,0,10070,0.04,,,
1022,1024,91514.1525,25:25:14.153,B,,,,0,0,0,5925,0.04,,,
1023,1021,91514.1925,25:25:14.193,B,,,,0,0,0,12549,0.04,,,
1024,1026,91514.2325,25:25:14.233,B,,,,0,0,0,5599,0.04,,,
1025,1025,91514.2725,25:25:14.273,B,,,,0,0,0,8363,0.04,,,
1026,1027,91514.3125,25:25:14.313,B,,,,0,0,0,6160,0.04,,,
1027,1020,91514.3525,25:25:14.353,P,,,,0,0,0,53960,0.04,,,
1028,1031,91514.3925,25:25:14.393,B,,,,0,0,0,2986,0.04,,,
1029,1030,91514.4325,25:25:14.433,B,,,,0,0,0,7304,0.04,,,
1030,1032,91514.4725,25:25:14.473,B,,,,0,0,0,4543,0.04,,,
1031,1029,91514.5125,25:25:14.513,B,,,,0,0,0,12237,0.04,,,
1032,1034,91514.5525,25:25:14.553,B,,,,0,0,0,11942,0.04,,,
1033,1033,91514.5925,25:25:14.593,B,,,,0,0,0,5557,0.04,,,
1034,1035,91514.6325,25:25:14.633,B,,,,0,0,0,17822,0.04,,,
1035,1028,91514.6725,25:25:14.673,P,,,,0,0,0,53111,0.04,,,
1036,1038,91514.7125,25:25:14.713,B,,,,0,0,0,14702,0.04,,,
1037,1037,91514.7525,25:25:14.753,B,,,,0,0,0,3195,0.04,,,
1038,1036,91514.7925,25:25:14.793,P,,,,0,0,0,35380,0.04,,,
1039,1040,91514.8325,25:25:14.833,B,,,,0,0,0,5627,0.04,,,
1040,1039,91514.8725,25:25:14.873,P,,,,0,0,0,32862,0.04,,,
1041,1043,91514.9125,25:25:14.913,B,,,,0,0,0,3360,0.04,,,
1042,1042,91514.9525,25:25:14.953,B,,,,0,0,0,9493,0.04,,,
1043,1044,91514.9925,25:25:14.993,B,,,,0,0,0,6484,0.04,,,
1044,1041,91515.0325,25:25:15.033,I,,1920,1080,0,0,1,79395,0.04,,,
1045,1045,91515.0725,25:25:15.073,I,,1920,1080,0,1,1,167433,0.04,,,
1046,1049,91515.1125,25:25:15.113,B,,,,0,0,0,3789,0.04,,,
1047,1048,91515.1525,25:25:15.153,B,,,,0,0,0,9904,0.04,,,
1048,1050,91515.1925,25:25:15.193,B,,,,0,0,0,10478,0.04,,,
1049,1047,91515.2325,25:25:15.233,B,,,,0,0,0,29046,0.04,,,
1050,1052,91515.2725,25:25:15.273,B,,,,0,0,0,8608,0.04,,,
1051,1051,91515.3125,25:25:15.313,B,,,,0,0,0,16597,0.04,,,
1052,1053,91515.3525,25:25:15.353,B,,,,0,0,0,7263,0.04,,,
1053,1046,91515.3925,25:25:15.393,P,,,,0,0,0,58981,0.04,,,
1054,1057,91515.4325,25:25:15.433,B,,,,0,0,0,5147,0.04,,,
1055,1056,91515.4725,25:25:15.473,B,,,,0,0,0,10584,0.04,,,
1056,1058,91515.5125,25:25:15.513,B,,,,0,0,0,4672,0.04,,,
1057,1055,91515.5525,25:25:15.553,B,,,,0,0,0,19054,0.04,,,
1058,1060,91515.5925,25:25:15.593,B,,,,0,0,0,4604,0.04,,,
1059,1059,91515.6325,25:25:15.633,B,,,,0,0,0,8932,0.04,,,
1060,1061,91515.6725,25:25:15.673,B,,,,0,0,0,4443,0.04,,,
1061,1054,91515.7125,25:25:15.713,P,,,,0,0,0,56354,0.04,,,
1062,1065,91515.7525,25:25:15.753,B,,,,0,0,0,3776,0.04,,,
1063,1064,91515.7925,25:25:15.793,B,,,,0,0,0,6823,0.04,,,
1064,1066,91515.8325,25:25:15.833,B,,,,0,0,0,3242,0.04,,,
1065,1063,91515.8725,25:25:15.873,B,,,,0,0,0,11971,0.04,,,
1066,1068,91515.9125,25:25:15.913,B,,,,0,0,0,13598,0.04,,,
1067,1067,91515.9525,25:25:15.953,B,,,,0,0,0,6227,0.04,,,
1068,1069,91515.9925,25:25:15.993,B,,,,0,0,0,23158,0.04,,,
1069,1062,91516.0325,25:25:16.033,P,,,,0,0,0,44227,0.04,,,
1070,1070,91516.0725,25:25:16.073,I,,1920,1080,0,1,1,85042,0.04,,,
1071,1074,91516.1125,25:25:16.113,B,,,,0,0,0,9135,0.04,,,
1072,1073,91516.1525,25:25:16.153,B,,,,0,0,0,6155,0.04,,,
1073,1072,91516.1925,25:25:16.193,B,,,,0,0,0,22358,0.04,,,
1074,1076,91516.2325,25:25:16.233,B,,,,0,0,0,4309,0.04,,,
1075,1075,91516.2725,25:25:16.273,B,,,,0,0,0,13327,0.04,,,
1076,1071,91516.3125,25:25:16.313,P,,,,0,0,0,30421,0.04,,,
1077,1080,91516.3525,25:25:16.353,B,,,,0,0,0,12155,0.04,,,
1078,1079,91516.3925,25:25:16.393,B,,,,0,0,0,6160,0.04,,,
1079,1078,91516.4325,25:25:16.433,B,,,,0,0,0,10356,0.04,,,
1080,1082,91516.4725,25:25:16.473,B,,,,0,0,0,20582,0.04,,,
1081,1081,91516.5125,25:25:16.513,B,,,,0,0,0,6790,0.04,,,
1082,1077,91516.5525,25:25:16.553,P,,,,0,0,0,43849,0.04,,,
1083,1085,91516.5925,25:25:16.593,B,,,,0,0,0,4583,0.04,,,
1084,1084,91516.6325,25:25:16.633,B,,,,0,0,0,17344,0.04,,,
1085,1086,91516.6725,25:25:16.673,B,,,,0,0,0,12674,0.04,,,
1086,1083,91516.7125,25:25:16.713,P,,,,0,0,0,48972,0.04,,,
1087,1089,91516.7525,25:25:16.753,B,,,,0,0,0,19553,0.04,,,
1088,1088,91516.7925,25:25:16.793,B,,,,0,0,0,28934,0.04,,,
1089,1090,91516.8325,25:25:16.833,B,,,,0,0,0,15243,0.04,,,
1090,1087,91516.8725,25:25:16.873,P,,,,0,0,0,55147,0.04,,,
1091,1094,91516.9125,25:25:16.913,B,,,,0,0,0,14755,0.04,,,
1092,1093,91516.9525,25:25:16.953,B,,,,0,0,0,12714,0.04,,,
1093,1092,91516.9925,25:25:16.993,B,,,,0,0,0,23523,0.04,,,
1094,1095,91517.0325,25:25:17.033,B,,,,0,0,0,8193,0.04,,,
1095,1091,91517.0725,25:25:17.073,I,,1920,1080,0,0,1,80377,0.04,,,
1096,1099,91517.1125,25:25:17.113,B,,,,0,0,0,7327,0.04,,,
1097,1098,91517.1525,25:25:17.153,B,,,,0,0,0,11975,0.04,,,
1098,1097,91517.1925,25:25:17.193,B,,,,0,0,0,15592,0.04,,,
1099,1101,91517.2325,25:25:17.233,B,,,,0,0,0,4542,0.04,,,
1100,1100,91517.2725,25:25:17.273,B,,,,0,0,0,6641,0.04,,,
1101,1096,91517.3125,25:25:17.313,P,,,,0,0,0,60669,0.04,,,
1102,1103,91517.3525,25:25:17.353,B,,,,0,0,0,8033,0.04,,,
1103,1102,91517.3925,25:25:17.393,P,,,,0,0,0,46500,0.04,,,
1104,1104,91517.4325,25:25:17.433,I,,1920,1080,0,1,1,157167,0.04,,,
1105,1108,91517.4725,25:25:17.473,B,,,,0,0,0,2651,0.04,,,
1106,1107,91517.5125,25:25:17.513,B,,,,0,0,0,5829,0.04,,,
1107,1109,91517.5525,25:25:17.553,B,,,,0,0,0,3189,0.04,,,
1108,1106,91517.5925,25:25:17.593,B,,,,0,0,0,8188,0.04,,,
1109,1111,91517.6325,25:25:17.633,B,,,,0,0,0,4894,0.04,,,
1110,1110,91517.6725,25:25:17.673,B,,,,0,0,0,12418,0.04,,,
1111,1112,91517.7125,25:25:17.713,B,,,,0,0,0,4852,0.04,,,
1112,1105,91517.7525,25:25:17.753,P,,,,0,0,0,38449,0.04,,,
1113,1116,91517.7925,25:25:17.793,B,,,,0,0,0,4175,0.04,,,
1114,1115,91517.8325,25:25:17.833,B,,,,0,0,0,6292,0.04,,,
1115,1117,91517.8725,25:25:17.873,B,,,,0,0,0,2320,0.04,,,
1116,1114,91517.9125,25:25:17.913,B,,,,0,0,0,13261,0.04,,,
1117,1119,91517.9525,25:25:17.953,B,,,,0,0,0,2940,0.04,,,
1118,1118,91517.9925,25:25:17.993,B,,,,0,0,0,7144,0.04,,,
1119,1120,91518.0325,25:25:18.033,B,,,,0,0,0,4565,0.04,,,
1120,1113,91518.0725,25:25:18.073,P,,,,0,0,0,48937,0.04,,,
1121,1124,91518.1125,25:25:18.113,B,,,,0,0,0,5560,0.04,,,
1122,1123,91518.1525,25:25:18.153,B,,,,0,0,0,11285,0.04,,,
1123,1125,91518.1925,25:25:18.193,B,,,,0,0,0,4473,0.04,,,
1124,1122,91518.2325,25:25:18.233,B,,,,0,0,0,16714,0.04,,,
1125,1127,91518.2725,25:25:18.273,B,,,,0,0,0,5157,0.04,,,
1126,1126,91518.3125,25:25:18.313,B,,,,0,0,0,8053,0.04,,,
1127,1128,91518.3525,25:25:18.353,B,,,,0,0,0,3788,0.04,,,
1128,1121,91518.3925,25:25:18.393,I,,1920,1080,0,0,1,168789,0.04,,,
1129,1132,91518.4325,25:25:18.433,B,,,,0,0,0,4324,0.04,,,
1130,1131,91518.4725,25:25:18.473,B,,,,0,0,0,8955,0.04,,,
1131,1133,91518.5125,25:25:18.513,B,,,,0,0,0,4672,0.04,,,
1132,1130,91518.5525,25:25:18.553,B,,,,0,0,0,17094,0.04,,,
1133,1135,91518.5925,25:25:18.593,B,,,,0,0,0,3071,0.04,,,
1134,1134,91518.6325,25:25:18.633,B,,,,0,0,0,9488,0.04,,,
1135,1136,91518.6725,25:25:18.673,B,,,,0,0,0,3033,0.04,,,
1136,1129,91518.7125,25:25:18.713,P,,,,0,0,0,44568,0.04,,,
1137,1140,91518.7525,25:25:18.753,B,,,,0,0,0,5275,0.04,,,
1138,1139,91518.7925,25:25:18.793,B,,,,0,0,0,8225,0.04,,,
1139,1138,91518.8325,25:25:18.833,B,,,,0,0,0,17894,0.04,,,
1140,1141,91518.8725,25:25:18.873,B,,,,0,0,0,6608,0.04,,,
1141,1137,91518.9125,25:25:18.913,P,,,,0,0,0,45981,0.04,,,
1142,1142,91518.9525,25:25:18.953,I,,1920,1080,0,1,1,114278,0.04,,,
1143,1146,91518.9925,25:25:18.993,B,,,,0,0,0,13836,0.04,,,
1144,1145,91519.0325,25:25:19.033,B,,,,0,0,0,13839,0.04,,,
1145,1147,91519.0725,25:25:19.073,B,,,,0,0,0,6212,0.04,,,
1146,1144,91519.1125,25:25:19.113,B,,,,0,0,0,22958,0.04,,,
1147,1149,91519.1525,25:25:19.153,B,,,,0,0,0,4140,0.04,,,
1148,1148,91519.1925,25:25:19.193,B,,,,0,0,0,9152,0.04,,,
1149,1150,91519.2325,25:25:19.233,B,,,,0,0,0,5328,0.04,,,
1150,1143,91519.2725,25:25:19.273,P,,,,0,0,0,78512,0.04,,,
1151,1154,91519.3125,25:25:19.313,B,,,,0,0,0,5009,0.04,,,
1152,1153,91519.3525,25:25:19.353,B,,,,0,0,0,13046,0.04,,,
1153,1155,91519.3925,25:25:19.393,B,,,,0,0,0,4827,0.04,,,
1154,1152,91519.4325,25:25:19.433,B,,,,0,0,0,16871,0.04,,,
1155,1157,91519.4725,25:25:19.473,B,,,,0,0,0,9006,0.04,,,
1156,1156,91519.5125,25:25:19.513,B,,,,0,0,0,24046,0.04,,,
1157,1158,91519.5525,25:25:19.553,B,,,,0,0,0,8826,0.04,,,
1158,1151,91519.5925,25:25:19.593,P,,,,0,0,0,56843,0.04,,,
1159,1162,91519.6325,25:25:19.633,B,,,,0,0,0,5764,0.04,,,
1160,1161,91519.6725,25:25:19.673,B,,,,0,0,0,11353,0.04,,,
1161,1163,91519.7125,25:25:19.713,B,,,,0,0,0,5723,0.04,,,
1162,1160,91519.7525,25:25:19.753,B,,,,0,0,0,15156,0.04,,,
1163,1165,91519.7925,25:25:19.793,B,,,,0,0,0,6504,0.04,,,
1164,1164,91519.8325,25:25:19.833,B,,,,0,0,0,14511,0.04,,,
1165,1166,91519.8725,25:25:19.873,B,,,,0,0,0,13707,0.04,,,
1166,1159,91519.9125,25:25:19.913,I,,1920,1080,0,0,1,126340,0.04,,,
1167,1170,91519.9525,25:25:19.953,B,,,,0,0,0,10806,0.04,,,
1168,1169,91519.9925,25:25:19.993,B,,,,0,0,0,12412,0.04,,,
1169,1171,91520.0325,25:25:20.033,B,,,,0,0,0,6245,0.04,,,
1170,1168,91520.0725,25:25:20.073,B,,,,0,0,0,26401,0.04,,,
1171,1173,91520.1125,25:25:20.113,B,,,,0,0,0,5695,0.04,,,
1172,1172,91520.1525,25:25:20.153,B,,,,0,0,0,14190,0.04,,,
1173,1174,91520.1925,25:25:20.193,B,,,,0,0,0,8256,0.04,,,
1174,1167,91520.2325,25:25:20.233,P,,,,0,0,0,45752,0.04,,,
1175,1178,91520.2725,25:25:20.273,B,,,,0,0,0,7777,0.04,,,
1176,1177,91520.3125,25:25:20.313,B,,,,0,0,0,14358,0.04,,,
1177,1179,91520.3525,25:25:20.353,B,,,,0,0,0,6886,0.04,,,
1178,1176,91520.3925,25:25:20.393,B,,,,0,0,0,14503,0.04,,,
1179,1181,91520.4325,25:25:20.433,B,,,,0,0,0,4690,0.04,,,
1180,1180,91520.4725,25:25:20.473,B,,,,0,0,0,7707,0.04,,,
1181,1182,91520.5125,25:25:20.513,B,,,,0,0,0,3450,0.04,,,
1182,1175,91520.5525,25:25:20.553,P,,,,0,0,0,63686,0.04,,,
1183,1186,91520.5925,25:25:20.593,B,,,,0,0,0,2498,0.04,,,
1184,1185,91520.6325,25:25:20.633,B,,,,0,0,0,6612,0.04,,,
1185,1187,91520.6725,25:25:20.673,B,,,,0,0,0,2745,0.04,,,
1186,1184,91520.7125,25:25:20.713,B,,,,0,0,0,8693,0.04,,,
1187,1189,91520.7525,25:25:20.753,B,,,,0,0,0,2735,0.04,,,
1188,1188,91520.7925,25:25:20.793,B,,,,0,0,0,5883,0.04,,,
1189,1190,91520.8325,25:25:20.833,B,,,,0,0,0,4054,0.04,,,
1190,1183,91520.8725,25:25:20.873,I,,1920,1080,0,0,1,101050,0.04,,,
1191,1194,91520.9125,25:25:20.913,B,,,,0,0,0,7531,0.04,,,
1192,1193,91520.9525,25:25:20.953,B,,,,0,0,0,7509,0.04,,,
1193,1192,91520.9925,25:25:20.993,B,,,,0,0,0,15745,0.04,,,
1194,1196,91521.0325,25:25:21.033,B,,,,0,0,0,21134,0.04,,,
1195,1195,91521.0725,25:25:21.073,B,,,,0,0,0,20766,0.04,,,
1196,1191,91521.1125,25:25:21.113,P,,,,0,0,0,28461,0.04,,,
1197,1197,91521.1525,25:25:21.153,P,,,,0,0,0,33304,0.04,,,
1198,1198,91521.1925,25:25:21.193,P,,,,0,0,0,45785,0.04,,,
1199,1202,91521.2325,25:25:21.233,B,,,,0,0,0,23300,0.04,,,
1200,1201,91521.2725,25:25:21.273,B,,,,0,0,0,10079,0.04,,,
1201,1200,91521.3125,25:25:21.313,B,,,,0,0,0,13160,0.04,,,
1202,1203,91521.3525,25:25:21.353,B,,,,0,0,0,2844,0.04,,,
1203,1199,91521.3925,25:25:21.393,P,,,,0,0,0,78239,0.04,,,
1204,1204,91521.4325,25:25:21.433,P,,,,0,0,0,29759,0.04,,,
1205,1205,91521.4725,25:25:21.473,I,,1920,1080,0,1,1,159780,0.04,,,
1206,1209,91521.5125,25:25:21.513,B,,,,0,0,0,3404,0.04,,,
1207,1208,91521.5525,25:25:21.553,B,,,,0,0,0,7435,0.04,,,
1208,1210,91521.5925,25:25:21.593,B,,,,0,0,0,5207,0.04,,,
1209,1207,91521.6325,25:25:21.633,B,,,,0,0,0,15566,0.04,,,
1210,1212,91521.6725,25:25:21.673,B,,,,0,0,0,5765,0.04,,,
1211,1211,91521.7125,25:25:21.713,B,,,,0,0,0,11355,0.04,,,
1212,1213,91521.7525,25:25:21.753,B,,,,0,0,0,3708,0.04,,,
1213,1206,91521.7925,25:25:21.793,P,,,,0,0,0,52735,0.04,,,
1214,1217,91521.8325,25:25:21.833,B,,,,0,0,0,3872,0.04,,,
1215,1216,91521.8725,25:25:21.873,B,,,,0,0,0,6874,0.04,,,
1216,1218,91521.9125,25:25:21.913,B,,,,0,0,0,3338,0.04,,,
1217,1215,91521.9525,25:25:21.953,B,,,,0,0,0,12853,0.04,,,
1218,1220,91521.9925,25:25:21.993,B,,,,0,0,0,3679,0.04,,,
1219,1219,91522.0325,25:25:22.033,B,,,,0,0,0,7293,0.04,,,
1220,1221,91522.0725,25:25:22.073,B,,,,0,0,0,3663,0.04,,,
1221,1214,91522.1125,25:25:22.113,P,,,,0,0,0,46220,0.04,,,
1222,1225,91522.1525,25:25:22.153,B,,,,0,0,0,2879,0.04,,,
1223,1224,91522.1925,25:25:22.193,B,,,,0,0,0,8116,0.04,,,
1224,1226,91522.2325,25:25:22.233,B,,,,0,0,0,2643,0.04,,,
1225,1223,91522.2725,25:25:22.273,B,,,,0,0,0,10509,0.04,,,
1226,1228,91522.3125,25:25:22.313,B,,,,0,0,0,2832,0.04,,,
1227,1227,91522.3525,25:25:22.353,B,,,,0,0,0,5664,0.04,,,
1228,1229,91522.3925,25:25:22.393,B,,,,0,0,0,2634,0.04,,,
1229,1222,91522.4325,25:25:22.433,I,,1920,1080,0,0,1,164016,0.04,,,
1230,1233,91522.4725,25:25:22.473,B,,,,0,0,0,3129,0.04,,,
1231,1232,91522.5125,25:25:22.513,B,,,,0,0,0,5701,0.04,,,
1232,1234,91522.5525,25:25:22.553,B,,,,0,0,0,2972,0.04,,,
1233,1231,91522.5925,25:25:22.593,B,,,,0,0,0,12864,0.04,,,
1234,1236,91522.6325,25:25:22.633,B,,,,0,0,0,2386,0.04,,,
1235,1235,91522.6725,25:25:22.673,B,,,,0,0,0,8162,0.04,,,
1236,1237,91522.7125,25:25:22.713,B,,,,0,0,0,4672,0.04,,,
1237,1230,91522.7525,25:25:22.753,P,,,,0,0,0,47533,0.04,,,
1238,1241,91522.7925,25:25:22.793,B,,,,0,0,0,5560,0.04,,,
1239,1240,91522.8325,25:25:22.833,B,,,,0,0,0,8619,0.04,,,
1240,1242,91522.8725,25:25:22.873,B,,,,0,0,0,3786,0.04,,,
1241,1239,91522.9125,25:25:22.913,B,,,,0,0,0,13058,0.04,,,
1242,1244,91522.9525,25:25:22.953,B,,,,0,0,0,2705,0.04,,,
1243,1243,91522.9925,25:25:22.993,B,,,,0,0,0,7170,0.04,,,
1244,1245,91523.0325,25:25:23.033,B,,,,0,0,0,2577,0.04,,,
1245,1238,91523.0725,25:25:23.073,P,,,,0,0,0,51247,0.04,,,
1246,1249,91523.1125,25:25:23.113,B,,,,0,0,0,2027,0.04,,,
1247,1248,91523.1525,25:25:23.153,B,,,,0,0,0,5773,0.04,,,
1248,1250,91523.1925,25:25:23.193,B,,,,0,0,0,2369,0.04,,,
1249,1247,91523.2325,25:25:23.233,B,,,,0,0,0,9168,0.04,,,
1250,1252,91523.2725,25:25:23.273,B,,,,0,0,0,2410,0.04,,,
1251,1251,91523.3125,25:25:23.313,B,,,,0,0,0,4310,0.04,,,
1252,1253,91523.3525,25:25:23.353,B,,,,0,0,0,2216,0.04,,,
1253,1246,91523.3925,25:25:23.393,I,,1920,1080,0,0,1,154881,0.04,,,
1254,1257,91523.4325,25:25:23.433,B,,,,0,0,0,2663,0.04,,,
1255,1256,91523.4725,25:25:23.473,B,,,,0,0,0,4091,0.04,,,
1256,1258,91523.5125,25:25:23.513,B,,,,0,0,0,3165,0.04,,,
1257,1255,91523.5525,25:25:23.553,B,,,,0,0,0,8260,0.04,,,
1258,1260,91523.5925,25:25:23.593,B,,,,0,0,0,1925,0.04,,,
1259,1259,91523.6325,25:25:23.633,B,,,,0,0,0,3327,0.04,,,
1260,1261,91523.6725,25:25:23.673,B,,,,0,0,0,10470,0.04,,,
1261,1254,91523.7125,25:25:23.713,P,,,,0,0,0,39729,0.04,,,
1262,1265,91523.7525,25:25:23.753,B,,,,0,0,0,16171,0.04,,,
1263,1264,91523.7925,25:25:23.793,B,,,,0,0,0,9550,0.04,,,
1264,1266,91523.8325,25:25:23.833,B,,,,0,0,0,16166,0.04,,,
1265,1263,91523.8725,25:25:23.873,B,,,,0,0,0,7769,0.04,,,
1266,1268,91523.9125,25:25:23.913,B,,,,0,0,0,15614,0.04,,,
1267,1267,91523.9525,25:25:23.953,B,,,,0,0,0,16166,0.04,,,
1268,1269,91523.9925,25:25:23.993,B,,,,0,0,0,14694,0.04,,,
1269,1262,91524.0325,25:25:24.033,P,,,,0,0,0,31406,0.04,,,
1270,1273,91524.0725,25:25:24.073,B,,,,0,0,0,1636,0.04,,,
1271,1272,91524.1125,25:25:24.113,B,,,,0,0,0,4731,0.04,,,
1272,1274,91524.1525,25:25:24.153,B,,,,0,0,0,1764,0.04,,,
1273,1271,91524.1925,25:25:24.193,B,,,,0,0,0,8560,0.04,,,
1274,1276,91524.2325,25:25:24.233,B,,,,0,0,0,3099,0.04,,,
1275,1275,91524.2725,25:25:24.273,B,,,,0,0,0,6675,0.04,,,
1276,1277,91524.3125,25:25:24.313,B,,,,0,0,0,3871,0.04,,,
1277,1270,91524.3525,25:25:24.353,I,,1920,1080,0,0,1,155282,0.04,,,
1278,1281,91524.3925,25:25:24.393,B,,,,0,0,0,4176,0.04,,,
1279,1280,91524.4325,25:25:24.433,B,,,,0,0,0,8845,0.04,,,
1280,1282,91524.4725,25:25:24.473,B,,,,0,0,0,4489,0.04,,,
1281,1279,91524.5125,25:25:24.513,B,,,,0,0,0,15064,0.04,,,
1282,1284,91524.5525,25:25:24.553,B,,,,0,0,0,3654,0.04,,,
1283,1283,91524.5925,25:25:24.593,B,,,,0,0,0,7810,0.04,,,
1284,1285,91524.6325,25:25:24.633,B,,,,0,0,0,2963,0.04,,,
1285,1278,91524.6725,25:25:24.673,P,,,,0,0,0,58381,0.04,,,
1286,1288,91524.7125,25:25:24.713,B,,,,0,0,0,3377,0.04,,,
1287,1287,91524.7525,25:25:24.753,B,,,,0,0,0,5876,0.04,,,
1288,1289,91524.7925,25:25:24.793,B,,,,0,0,0,3207,0.04,,,
1289,1286,91524.8325,25:25:24.833,P,,,,0,0,0,32536,0.04,,,
1290,1290,91524.8725,25:25:24.873,I,,1920,1080,0,1,1,100059,0.04,,,
1291,1294,91524.9125,25:25:24.913,B,,,,0,0,0,5097,0.04,,,
1292,1293,91524.9525,25:25:24.953,B,,,,0,0,0,7947,0.04,,,
1293,1295,91524.9925,25:25:24.993,B,,,,0,0,0,7904,0.04,,,
1294,1292,91525.0325,25:25:25.033,B,,,,0,0,0,29059,0.04,,,
1295,1297,91525.0725,25:25:25.073,B,,,,0,0,0,8783,0.04,,,
1296,1296,91525.1125,25:25:25.113,B,,,,0,0,0,36414,0.04,,,
1297,1298,91525.1525,25:25:25.153,B,,,,0,0,0,7450,0.04,,,
1298,1291,91525.1925,25:25:25.193,P,,,,0,0,0,60675,0.04,,,
1299,1302,91525.2325,25:25:25.233,B,,,,0,0,0,8983,0.04,,,
1300,1301,91525.2725,25:25:25.273,B,,,,0,0,0,10332,0.04,,,
1301,1303,91525.3125,25:25:25.313,B,,,,0,0,0,6049,0.04,,,
1302,1300,91525.3525,25:25:25.353,B,,,,0,0,0,15322,0.04,,,
1303,1305,91525.3925,25:25:25.393,B,,,,0,0,0,5432,0.04,,,
1304,1304,91525.4325,25:25:25.433,B,,,,0,0,0,9989,0.04,,,
1305,1306,91525.4725,25:25:25.473,B,,,,0,0,0,3917,0.04,,,
1306,1299,91525.5125,25:25:25.513,P,,,,0,0,0,69718,0.04,,,
1307,1310,91525.5525,25:25:25.553,B,,,,0,0,0,6153,0.04,,,
1308,1309,91525.5925,25:25:25.593,B,,,,0,0,0,13402,0.04,,,
1309,1311,91525.6325,25:25:25.633,B,,,,0,0,0,7376,0.04,,,
1310,1308,91525.6725,25:25:25.673,B,,,,0,0,0,19782,0.04,,,
1311,1313,91525.7125,25:25:25.713,B,,,,0,0,0,9519,0.04,,,
1312,1312,91525.7525,25:25:25.753,B,,,,0,0,0,17051,0.04,,,
1313,1314,91525.7925,25:25:25.793,B,,,,0,0,0,8005,0.04,,,
1314,1307,91525.8325,25:25:25.833,I,,1920,1080,0,0,1,103392,0.04,,,
1315,1315,91525.8725,25:25:25.873,P,,,,0,0,0,33083,0.04,,,
1316,1316,91525.9125,25:25:25.913,P,,,,0,0,0,54919,0.04,,,
1317,1320,91525.9525,25:25:25.953,B,,,,0,0,0,11398,0.04,,,
1318,1319,91525.9925,25:25:25.993,B,,,,0,0,0,12047,0.04,,,
1319,1321,91526.0325,25:25:26.033,B,,,,0,0,0,5825,0.04,,,
1320,1318,91526.0725,25:25:26.073,B,,,,0,0,0,5974,0.04,,,
1321,1323,91526.1125,25:25:26.113,B,,,,0,0,0,1925,0.04,,,
1322,1322,91526.1525,25:25:26.153,B,,,,0,0,0,2542,0.04,,,
1323,1317,91526.1925,25:25:26.193,P,,,,0,0,0,61963,0.04,,,
1324,1327,91526.2325,25:25:26.233,B,,,,0,0,0,2350,0.04,,,
1325,1326,91526.2725,25:25:26.273,B,,,,0,0,0,3983,0.04,,,
1326,1328,91526.3125,25:25:26.313,B,,,,0,0,0,2649,0.04,,,
1327,1325,91526.3525,25:25:26.353,B,,,,0,0,0,8753,0.04,,,
1328,1330,91526.3925,25:25:26.393,B,,,,0,0,0,3516,0.04,,,
1329,1329,91526.4325,25:25:26.433,B,,,,0,0,0,8861,0.04,,,
1330,1331,91526.4725,25:25:26.473,B,,,,0,0,0,6496,0.04,,,
1331,1324,91526.5125,25:25:26.513,P,,,,0,0,0,65893,0.04,,,
1332,1335,91526.5525,25:25:26.553,B,,,,0,0,0,5850,0.04,,,
1333,1334,91526.5925,25:25:26.593,B,,,,0,0,0,4642,0.04,,,
1334,1333,91526.6325,25:25:26.633,B,,,,0,0,0,6589,0.04,,,
1335,1337,91526.6725,25:25:26.673,B,,,,0,0,0,17822,0.04,,,
1336,1336,91526.7125,25:25:26.713,B,,,,0,0,0,1780,0.04,,,
1337,1332,91526.7525,25:25:26.753,P,,,,0,0,0,46724,0.04,,,
1338,1338,91526.7925,25:25:26.793,I,,1920,1080,0,1,1,133594,0.04,,,
1339,1342,91526.8325,25:25:26.833,B,帧,,,0,0,0,6357,0.04,,,
1340,1341,91526.8725,25:25:26.873,B,帧,,,0,0,0,11381,0.04,,,
1341,1343,91526.9125,25:25:26.913,B,帧,,,0,0,0,5386,0.04,,,
1342,1340,91526.9525,25:25:26.953,B,帧,,,0,0,0,14833,0.04,,,
1343,1345,91526.9925,25:25:26.993,B,帧,,,0,0,0,4610,0.04,,,
1344,1344,91527.0325,25:25:27.033,B,帧,,,0,0,0,7660,0.04,,,
1345,1346,91527.0725,25:25:27.073,B,帧,,,0,0,0,3878,0.04,,,
1346,1339,91527.1125,25:25:27.113,P,帧,,,0,0,0,52815,0.04,,,
1347,1350,91527.1525,25:25:27.153,B,帧,,,0,0,0,3341,0.04,,,
1348,1349,91527.1925,25:25:27.193,B,帧,,,0,0,0,6354,0.04,,,
1349,1351,91527.2325,25:25:27.233,B,帧,,,0,0,0,3945,0.04,,,
1350,1348,91527.2725,25:25:27.273,B,帧,,,0,0,0,10737,0.04,,,
1351,1353,91527.3125,25:25:27.313,B,帧,,,0,0,0,3410,0.04,,,
1352,1352,91527.3525,25:25:27.353,B,帧,,,0,0,0,6331,0.04,,,
1353,1354,91527.3925,25:25:27.393,B,帧,,,0,0,0,8262,0.04,,,
1354,1347,91527.4325,25:25:27.433,P,帧,,,0,0,0,44802,0.04,,,
1355,1358,91527.4725,25:25:27.473,B,帧,,,0,0,0,4107,0.04,,,
1356,1357,91527.5125,25:25:27.513,B,帧,,,0,0,0,7878,0.04,,,
1357,1359,91527.5525,25:25:27.553,B,帧,,,0,0,0,4199,0.04,,,
1358,1356,91527.5925,25:25:27.593,B,帧,,,0,0,0,13020,0.04,,,
1359,1361,91527.6325,25:25:27.633,B,帧,,,0,0,0,4692,0.04,,,
1360,1360,91527.6725,25:25:27.673,B,帧,,,0,0,0,7491,0.04,,,
1361,1362,91527.7125,25:25:27.713,B,帧,,,0,0,0,4680,0.04,,,
1362,1355,91527.7525,25:25:27.753,I,帧,1920,1080,0,0,1,146998,0.04,,,
1363,1366,91527.7925,25:25:27.793,B,帧,,,0,0,0,3987,0.04,,,
1364,1365,91527.8325,25:25:27.833,B,帧,,,0,0,0,7476,0.04,,,
1365,1367,91527.8725,25:25:27.873,B,帧,,,0,0,0,3967,0.04,,,
1366,1364,91527.9125,25:25:27.913,B,帧,,,0,0,0,14010,0.04,,,
1367,1369,91527.9525,25:25:27.953,B,帧,,,0,0,0,4384,0.04,,,
1368,1368,91527.9925,25:25:27.993,B,帧,,,0,0,0,7907,0.04,,,
1369,1370,91528.0325,25:25:28.033,B,帧,,,0,0,0,3755,0.04,,,
1370,1363,91528.0725,25:25:28.073,P,帧,,,0,0,0,51504,0.04,,,
1371,1374,91528.1125,25:25:28.113,B,帧,,,0,0,0,3887,0.04,,,
1372,1373,91528.1525,25:25:28.153,B,帧,,,0,0,0,5781,0.04,,,
1373,1372,91528.1925,25:25:28.193,B,帧,,,0,0,0,14532,0.04,,,
1374,1376,91528.2325,25:25:28.233,B,帧,,,0,0,0,3327,0.04,,,
1375,1375,91528.2725,25:25:28.273,B,帧,,,0,0,0,6233,0.04,,,
1376,1371,91528.3125,25:25:28.313,P,帧,,,0,0,0,45349,0.04,,,
1377,1377,91528.3525,25:25:28.353,I,,1920,1080,0,1,1,77522,0.04,,,
1378,1381,91528.3925,25:25:28.393,B,帧,,,0,0,0,9248,0.04,,,
1379,1380,91528.4325,25:25:28.433,B,帧,,,0,0,0,14939,0.04,,,
1380,1382,91528.4725,25:25:28.473,B,帧,,,0,0,0,9162,0.04,,,
1381,1379,91528.5125,25:25:28.513,B,帧,,,0,0,0,20522,0.04,,,
1382,1384,91528.5525,25:25:28.553,B,帧,,,0,0,0,7268,0.04,,,
1383,1383,91528.5925,25:25:28.593,B,帧,,,0,0,0,9161,0.04,,,
1384,1385,91528.6325,25:25:28.633,B,帧,,,0,0,0,7537,0.04,,,
1385,1378,91528.6725,25:25:28.673,P,帧,,,0,0,0,40953,0.04,,,
1386,1389,91528.7125,25:25:28.713,B,帧,,,0,0,0,8042,0.04,,,
1387,1388,91528.7525,25:25:28.753,B,帧,,,0,0,0,12029,0.04,,,
1388,1390,91528.7925,25:25:28.793,B,帧,,,0,0,0,7159,0.04,,,
1389,1387,91528.8325,25:25:28.833,B,帧,,,0,0,0,17396,0.04,,,
1390,1392,91528.8725,25:25:28.873,B,帧,,,0,0,0,8848,0.04,,,
1391,1391,91528.9125,25:25:28.913,B,帧,,,0,0,0,12979,0.04,,,
1392,1393,91528.9525,25:25:28.953,B,帧,,,0,0,0,8900,0.04,,,
1393,1386,91528.9925,25:25:28.993,P,帧,,,0,0,0,51112,0.04,,,
1394,1397,91529.0325,25:25:29.033,B,帧,,,0,0,0,7447,0.04,,,
1395,1396,91529.0725,25:25:29.073,B,帧,,,0,0,0,9548,0.04,,,
1396,1398,91529.1125,25:25:29.113,B,帧,,,0,0,0,7920,0.04,,,
1397,1395,91529.1525,25:25:29.153,B,帧,,,0,0,0,13942,0.04,,,
1398,1400,91529.1925,25:25:29.193,B,帧,,,0,0,0,8450,0.04,,,
1399,1399,91529.2325,25:25:29.233,B,帧,,,0,0,0,14587,0.04,,,
1400,1401,91529.2725,25:25:29.273,B,帧,,,0,0,0,8309,0.04,,,
1401,1394,91529.3125,25:25:29.313,I,帧,1920,1080,0,0,1,74851,0.04,,,
1402,1405,91529.3525,25:25:29.353,B,帧,,,0,0,0,7141,0.04,,,
1403,1404,91529.3925,25:25:29.393,B,帧,,,0,0,0,11915,0.04,,,
1404,1406,91529.4325,25:25:29.433,B,帧,,,0,0,0,6330,0.04,,,
1405,1403,91529.4725,25:25:29.473,B,帧,,,0,0,0,15786,0.04,,,
1406,1408,91529.5125,25:25:29.513,B,帧,,,0,0,0,8034,0.04,,,
1407,1407,91529.5525,25:25:29.553,B,帧,,,0,0,0,12882,0.04,,,
1408,1409,91529.5925,25:25:29.593,B,帧,,,0,0,0,6331,0.04,,,
1409,1402,91529.6325,25:25:29.633,P,帧,,,0,0,0,45393,0.04,,,
1410,1413,91529.6725,25:25:29.673,B,帧,,,0,0,0,7577,0.04,,,
1411,1412,91529.7125,25:25:29.713,B,帧,,,0,0,0,14633,0.04,,,
1412,1414,91529.7525,25:25:29.753,B,帧,,,0,0,0,9554,0.04,,,
1413,1411,91529.7925,25:25:29.793,B,帧,,,0,0,0,24307,0.04,,,
1414,1416,91529.8325,25:25:29.833,B,帧,,,0,0,0,10758,0.04,,,
1415,1415,91529.8725,25:25:29.873,B,帧,,,0,0,0,16752,0.04,,,
1416,1417,91529.9125,25:25:29.913,B,帧,,,0,0,0,11746,0.04,,,
1417,1410,91529.9525,25:25:29.953,P,帧,,,0,0,0,38623,0.04,,,
1418,1420,91529.9925,25:25:29.993,B,帧,,,0,0,0,8769,0.04,,,
1419,1419,91530.0325,25:25:30.033,B,帧,,,0,0,0,12584,0.04,,,
1420,1418,91530.0725,25:25:30.073,P,帧,,,0,0,0,32159,0.04,,,
1421,1421,91530.1125,25:25:30.113,P,帧,,,0,0,0,40672,0.04,,,
1422,1423,91530.1525,25:25:30.153,B,帧,,,0,0,0,13651,0.04,,,
1423,1422,91530.1925,25:25:30.193,P,帧,,,0,0,0,48533,0.04,,,
1424,1426,91530.2325,25:25:30.233,B,帧,,,0,0,0,9228,0.04,,,
1425,1425,91530.2725,25:25:30.273,B,帧,,,0,0,0,9426,0.04,,,
1426,1424,91530.3125,25:25:30.313,I,帧,1920,1080,0,0,1,62000,0.04,,,
1427,1430,91530.3525,25:25:30.353,B,帧,,,0,0,0,6244,0.04,,,
1428,1429,91530.3925,25:25:30.393,B,帧,,,0,0,0,6681,0.04,,,
1429,1428,91530.4325,25:25:30.433,B,帧,,,0,0,0,13668,0.04,,,
1430,1432,91530.4725,25:25:30.473,B,帧,,,0,0,0,7645,0.04,,,
1431,1431,91530.5125,25:25:30.513,B,帧,,,0,0,0,8622,0.04,,,
1432,1427,91530.5525,25:25:30.553,P,帧,,,0,0,0,28290,0.04,,,
1433,1435,91530.5925,25:25:30.593,B,帧,,,0,0,0,6634,0.04,,,
1434,1434,91530.6325,25:25:30.633,B,帧,,,0,0,0,8017,0.04,,,
1435,1433,91530.6725,25:25:30.673,P,帧,,,0,0,0,25544,0.04,,,
1436,1436,91530.7125,25:25:30.713,I,,1920,1080,0,1,1,130039,0.04,,,
1437,1440,91530.7525,25:25:30.753,B,帧,,,0,0,0,3994,0.04,,,
1438,1439,91530.7925,25:25:30.793,B,帧,,,0,0,0,7468,0.04,,,
1439,1441,91530.8325,25:25:30.833,B,帧,,,0,0,0,6047,0.04,,,
1440,1438,91530.8725,25:25:30.873,B,帧,,,0,0,0,15402,0.04,,,
1441,1443,91530.9125,25:25:30.913,B,帧,,,0,0,0,5165,0.04,,,
1442,1442,91530.9525,25:25:30.953,B,帧,,,0,0,0,8144,0.04,,,
1443,1444,91530.9925,25:25:30.993,B,帧,,,0,0,0,3798,0.04,,,
1444,1437,91531.0325,25:25:31.033,P,帧,,,0,0,0,42975,0.04,,,
1445,1448,91531.0725,25:25:31.073,B,帧,,,0,0,0,3855,0.04,,,
1446,1447,91531.1125,25:25:31.113,B,帧,,,0,0,0,7601,0.04,,,
1447,1449,91531.1525,25:25:31.153,B,帧,,,0,0,0,3878,0.04,,,
1448,1446,91531.1925,25:25:31.193,B,帧,,,0,0,0,10632,0.04,,,
1449,1451,91531.2325,25:25:31.233,B,帧,,,0,0,0,4055,0.04,,,
1450,1450,91531.2725,25:25:31.273,B,帧,,,0,0,0,6015,0.04,,,
1451,1452,91531.3125,25:25:31.313,B,帧,,,0,0,0,2874,0.04,,,
1452,1445,91531.3525,25:25:31.353,P,帧,,,0,0,0,43909,0.04,,,
1453,1456,91531.3925,25:25:31.393,B,帧,,,0,0,0,3068,0.04,,,
1454,1455,91531.4325,25:25:31.433,B,帧,,,0,0,0,6270,0.04,,,
1455,1457,91531.4725,25:25:31.473,B,帧,,,0,0,0,3344,0.04,,,
1456,1454,91531.5125,25:25:31.513,B,帧,,,0,0,0,11852,0.04,,,
1457,1459,91531.5525,25:25:31.553,B,帧,,,0,0,0,4082,0.04,,,
1458,1458,91531.5925,25:25:31.593,B,帧,,,0,0,0,6396,0.04,,,
1459,1453,91531.6325,25:25:31.633,P,帧,,,0,0,0,46864,0.04,,,
1460,1460,91531.6725,25:25:31.673,I,,1920,1080,0,1,1,71558,0.04,,,
1461,1464,91531.7125,25:25:31.713,B,帧,,,0,0,0,8007,0.04,,,
1462,1463,91531.7525,25:25:31.753,B,帧,,,0,0,0,11557,0.04,,,
1463,1465,91531.7925,25:25:31.793,B,帧,,,0,0,0,7407,0.04,,,
1464,1462,91531.8325,25:25:31.833,B,帧,,,0,0,0,9937,0.04,,,
1465,1467,91531.8725,25:25:31.873,B,帧,,,0,0,0,8231,0.04,,,
1466,1466,91531.9125,25:25:31.913,B,帧,,,0,0,0,10575,0.04,,,
1467,1468,91531.9525,25:25:31.953,B,帧,,,0,0,0,6323,0.04,,,
1468,1461,91531.9925,25:25:31.993,P,帧,,,0,0,0,35677,0.04,,,
1469,1472,91532.0325,25:25:32.033,B,帧,,,0,0,0,6269,0.04,,,
1470,1471,91532.0725,25:25:32.073,B,帧,,,0,0,0,14344,0.04,,,
1471,1473,91532.1125,25:25:32.113,B,帧,,,0,0,0,10889,0.04,,,
1472,1470,91532.1525,25:25:32.153,B,帧,,,0,0,0,23265,0.04,,,
1473,1475,91532.1925,25:25:32.193,B,帧,,,0,0,0,9832,0.04,,,
1474,1474,91532.2325,25:25:32.233,B,帧,,,0,0,0,15854,0.04,,,
1475,1476,91532.2725,25:25:32.273,B,帧,,,0,0,0,9773,0.04,,,
1476,1469,91532.3125,25:25:32.313,P,帧,,,0,0,0,36261,0.04,,,
1477,1479,91532.3525,25:25:32.353,B,帧,,,0,0,0,6269,0.04,,,
1478,1478,91532.3925,25:25:32.393,B,帧,,,0,0,0,10581,0.04,,,
1479,1480,91532.4325,25:25:32.433,B,帧,,,0,0,0,15438,0.04,,,
1480,1477,91532.4725,25:25:32.473,P,帧,,,0,0,0,43076,0.04,,,
1481,1481,91532.5125,25:25:32.513,P,帧,,,0,0,0,35246,0.04,,,
1482,1482,91532.5525,25:25:32.553,P,帧,,,0,0,0,34968,0.04,,,
1483,1485,91532.5925,25:25:32.593,B,帧,,,0,0,0,13317,0.04,,,
1484,1484,91532.6325,25:25:32.633,B,帧,,,0,0,0,8532,0.04,,,
1485,1483,91532.6725,25:25:32.673,I,帧,1920,1080,0,0,1,74284,0.04,,,
1486,1487,91532.7125,25:25:32.713,B,帧,,,0,0,0,8229,0.04,,,
1487,1486,91532.7525,25:25:32.753,P,帧,,,0,0,0,35298,0.04,,,
1488,1490,91532.7925,25:25:32.793,B,帧,,,0,0,0,8138,0.04,,,
1489,1489,91532.8325,25:25:32.833,B,帧,,,0,0,0,8966,0.04,,,
1490,1491,91532.8725,25:25:32.873,B,帧,,,0,0,0,5791,0.04,,,
1491,1488,91532.9125,25:25:32.913,P,帧,,,0,0,0,52289,0.04,,,
1492,1492,91532.9525,25:25:32.953,P,帧,,,0,0,0,28669,0.04,,,
1493,1493,91532.9925,25:25:32.993,I,,1920,1080,0,1,1,126036,0.04,,,
1494,1497,91533.0325,25:25:33.033,B,帧,,,0,0,0,3215,0.04,,,
1495,1496,91533.0725,25:25:33.073,B,帧,,,0,0,0,5733,0.04,,,
1496,1498,91533.1125,25:25:33.113,B,帧,,,0,0,0,5278,0.04,,,
1497,1495,91533.1525,25:25:33.153,B,帧,,,0,0,0,11712,0.04,,,
1498,1500,91533.1925,25:25:33.193,B,帧,,,0,0,0,3449,0.04,,,
1499,1499,91533.2325,25:25:33.233,B,帧,,,0,0,0,7690,0.04,,,
1500,1501,91533.2725,25:25:33.273,B,帧,,,0,0,0,3797,0.04,,,
1501,1494,91533.3125,25:25:33.313,P,帧,,,0,0,0,36956,0.04,,,
1502,1505,91533.3525,25:25:33.353,B,帧,,,0,0,0,4062,0.04,,,
1503,1504,91533.3925,25:25:33.393,B,帧,,,0,0,0,6789,0.04,,,
1504,1506,91533.4325,25:25:33.433,B,帧,,,0,0,0,3473,0.04,,,
1505,1503,91533.4725,25:25:33.473,B,帧,,,0,0,0,10572,0.04,,,
1506,1508,91533.5125,25:25:33.513,B,帧,,,0,0,0,11758,0.04,,,
1507,1507,91533.5525,25:25:33.553,B,帧,,,0,0,0,5971,0.04,,,
1508,1509,91533.5925,25:25:33.593,B,帧,,,0,0,0,20766,0.04,,,
1509,1502,91533.6325,25:25:33.633,P,帧,,,0,0,0,41548,0.04,,,
1510,1510,91533.6725,25:25:33.673,P,帧,,,0,0,0,27549,0.04,,,
1511,1511,91533.7125,25:25:33.713,I,,1920,1080,0,1,1,89725,0.04,,,
1512,1515,91533.7525,25:25:33.753,B,帧,,,0,0,0,12497,0.04,,,
1513,1514,91533.7925,25:25:33.793,B,帧,,,0,0,0,12682,0.04,,,
1514,1516,91533.8325,25:25:33.833,B,帧,,,0,0,0,9320,0.04,,,
1515,1513,91533.8725,25:25:33.873,B,帧,,,0,0,0,18375,0.04,,,
1516,1518,91533.9125,25:25:33.913,B,帧,,,0,0,0,7095,0.04,,,
1517,1517,91533.9525,25:25:33.953,B,帧,,,0,0,0,10541,0.04,,,
1518,1519,91533.9925,25:25:33.993,B,帧,,,0,0,0,5790,0.04,,,
1519,1512,91534.0325,25:25:34.033,P,帧,,,0,0,0,55631,0.04,,,
1520,1523,91534.0725,25:25:34.073,B,帧,,,0,0,0,4771,0.04,,,
1521,1522,91534.1125,25:25:34.113,B,帧,,,0,0,0,7980,0.04,,,
1522,1524,91534.1525,25:25:34.153,B,帧,,,0,0,0,5585,0.04,,,
1523,1521,91534.1925,25:25:34.193,B,帧,,,0,0,0,13234,0.04,,,
1524,1526,91534.2325,25:25:34.233,B,帧,,,0,0,0,4879,0.04,,,
1525,1525,91534.2725,25:25:34.273,B,帧,,,0,0,0,7260,0.04,,,
1526,1527,91534.3125,25:25:34.313,B,帧,,,0,0,0,17086,0.04,,,
1527,1520,91534.3525,25:25:34.353,P,帧,,,0,0,0,40634,0.04,,,
1528,1531,91534.3925,25:25:34.393,B,帧,,,0,0,0,5323,0.04,,,
1529,1530,91534.4325,25:25:34.433,B,帧,,,0,0,0,5125,0.04,,,
1530,1532,91534.4725,25:25:34.473,B,帧,,,0,0,0,20582,0.04,,,
1531,1529,91534.5125,25:25:34.513,B,帧,,,0,0,0,9829,0.04,,,
1532,1534,91534.5525,25:25:34.553,B,帧,,,0,0,0,20766,0.04,,,
1533,1533,91534.5925,25:25:34.593,B,帧,,,0,0,0,20766,0.04,,,
1534,1528,91534.6325,25:25:34.633,I,帧,1920,1080,0,0,1,56582,0.04,,,
1535,1537,91534.6725,25:25:34.673,B,帧,,,0,0,0,34313,0.04,,,
1536,1536,91534.7125,25:25:34.713,B,帧,,,0,0,0,42676,0.04,,,
1537,1538,91534.7525,25:25:34.753,B,帧,,,0,0,0,25531,0.04,,,
1538,1535,91534.7925,25:25:34.793,P,帧,,,0,0,0,51750,0.04,,,
1539,1540,91534.8325,25:25:34.833,B,帧,,,0,0,0,6137,0.04,,,
1540,1539,91534.8725,25:25:34.873,P,帧,,,0,0,0,39424,0.04,,,
1541,1541,91534.9125,25:25:34.913,I,,1920,1080,0,1,1,157505,0.04,,,
1542,1545,91534.9525,25:25:34.953,B,,,,0,0,0,3093,0.04,,,
1543,1544,91534.9925,25:25:34.993,B,,,,0,0,0,7323,0.04,,,
1544,1546,91535.0325,25:25:35.033,B,,,,0,0,0,4522,0.04,,,
1545,1543,91535.0725,25:25:35.073,B,,,,0,0,0,16237,0.04,,,
1546,1548,91535.1125,25:25:35.113,B,,,,0,0,0,5782,0.04,,,
1547,1547,91535.1525,25:25:35.153,B,,,,0,0,0,13102,0.04,,,
1548,1549,91535.1925,25:25:35.193,B,,,,0,0,0,5784,0.04,,,
1549,1542,91535.2325,25:25:35.233,P,,,,0,0,0,49812,0.04,,,
1550,1553,91535.2725,25:25:35.273,B,,,,0,0,0,6100,0.04,,,
1551,1552,91535.3125,25:25:35.313,B,,,,0,0,0,12752,0.04,,,
1552,1554,91535.3525,25:25:35.353,B,,,,0,0,0,6993,0.04,,,
1553,1551,91535.3925,25:25:35.393,B,,,,0,0,0,20694,0.04,,,
1554,1556,91535.4325,25:25:35.433,B,,,,0,0,0,7623,0.04,,,
1555,1555,91535.4725,25:25:35.473,B,,,,0,0,0,11364,0.04,,,
1556,1557,91535.5125,25:25:35.513,B,,,,0,0,0,5681,0.04,,,
1557,1550,91535.5525,25:25:35.553,P,,,,0,0,0,57443,0.04,,,
1558,1561,91535.5925,25:25:35.593,B,,,,0,0,0,4677,0.04,,,
1559,1560,91535.6325,25:25:35.633,B,,,,0,0,0,7919,0.04,,,
1560,1562,91535.6725,25:25:35.673,B,,,,0,0,0,3676,0.04,,,
1561,1559,91535.7125,25:25:35.713,B,,,,0,0,0,11324,0.04,,,
1562,1564,91535.7525,25:25:35.753,B,,,,0,0,0,3854,0.04,,,
1563,1563,91535.7925,25:25:35.793,B,,,,0,0,0,6275,0.04,,,
1564,1565,91535.8325,25:25:35.833,B,,,,0,0,0,3129,0.04,,,
1565,1558,91535.8725,25:25:35.873,I,,1920,1080,0,0,1,166340,0.04,,,
1566,1569,91535.9125,25:25:35.913,B,,,,0,0,0,3145,0.04,,,
1567,1568,91535.9525,25:25:35.953,B,,,,0,0,0,6438,0.04,,,
1568,1570,91535.9925,25:25:35.993,B,,,,0,0,0,3026,0.04,,,
1569,1567,91536.0325,25:25:36.033,B,,,,0,0,0,12769,0.04,,,
1570,1572,91536.0725,25:25:36.073,B,,,,0,0,0,2480,0.04,,,
1571,1571,91536.1125,25:25:36.113,B,,,,0,0,0,4276,0.04,,,
1572,1573,91536.1525,25:25:36.153,B,,,,0,0,0,2699,0.04,,,
1573,1566,91536.1925,25:25:36.193,P,,,,0,0,0,51619,0.04,,,
1574,1577,91536.2325,25:25:36.233,B,,,,0,0,0,2626,0.04,,,
1575,1576,91536.2725,25:25:36.273,B,,,,0,0,0,5421,0.04,,,
1576,1578,91536.3125,25:25:36.313,B,,,,0,0,0,3118,0.04,,,
1577,1575,91536.3525,25:25:36.353,B,,,,0,0,0,10506,0.04,,,
1578,1580,91536.3925,25:25:36.393,B,,,,0,0,0,6790,0.04,,,
1579,1579,91536.4325,25:25:36.433,B,,,,0,0,0,5725,0.04,,,
1580,1581,91536.4725,25:25:36.473,B,,,,0,0,0,17638,0.04,,,
1581,1574,91536.5125,25:25:36.513,P,,,,0,0,0,45477,0.04,,,
1582,1585,91536.5525,25:25:36.553,B,,,,0,0,0,1898,0.04,,,
1583,1584,91536.5925,25:25:36.593,B,,,,0,0,0,4612,0.04,,,
1584,1586,91536.6325,25:25:36.633,B,,,,0,0,0,15254,0.04,,,
1585,1583,91536.6725,25:25:36.673,B,,,,0,0,0,16319,0.04,,,
1586,1588,91536.7125,25:25:36.713,B,,,,0,0,0,17638,0.04,,,
1587,1587,91536.7525,25:25:36.753,B,,,,0,0,0,17638,0.04,,,
1588,1582,91536.7925,25:25:36.793,P,,,,0,0,0,49511,0.04,,,
1589,1589,91536.8325,25:25:36.833,I,,1920,1080,0,1,1,65132,0.04,,,
1590,1593,91536.8725,25:25:36.873,B,,,,0,0,0,7973,0.04,,,
1591,1592,91536.9125,25:25:36.913,B,,,,0,0,0,13807,0.04,,,
1592,1594,91536.9525,25:25:36.953,B,,,,0,0,0,8406,0.04,,,
1593,1591,91536.9925,25:25:36.993,B,,,,0,0,0,14873,0.04,,,
1594,1596,91537.0325,25:25:37.033,B,,,,0,0,0,7953,0.04,,,
1595,1595,91537.0725,25:25:37.073,B,,,,0,0,0,13312,0.04,,,
1596,1597,91537.1125,25:25:37.113,B,,,,0,0,0,9353,0.04,,,
1597,1590,91537.1525,25:25:37.153,P,,,,0,0,0,39770,0.04,,,
1598,1601,91537.1925,25:25:37.193,B,,,,0,0,0,15443,0.04,,,
1599,1600,91537.2325,25:25:37.233,B,,,,0,0,0,13847,0.04,,,
1600,1602,91537.2725,25:25:37.273,B,,,,0,0,0,23526,0.04,,,
1601,1599,91537.3125,25:25:37.313,B,,,,0,0,0,20311,0.04,,,
1602,1604,91537.3525,25:25:37.353,B,,,,0,0,0,23526,0.04,,,
1603,1603,91537.3925,25:25:37.393,B,,,,0,0,0,23526,0.04,,,
1604,1598,91537.4325,25:25:37.433,P,,,,0,0,0,38726,0.04,,,
1605,1605,91537.4725,25:25:37.473,P,,,,0,0,0,53836,0.04,,,
1606,1606,91537.5125,25:25:37.513,P,,,,0,0,0,56827,0.04,,,
1607,1608,91537.5525,25:25:37.553,B,,,,0,0,0,24527,0.04,,,
1608,1607,91537.5925,25:25:37.593,P,,,,0,0,0,72542,0.04,,,
1609,1612,91537.6325,25:25:37.633,B,,,,0,0,0,14482,0.04,,,
1610,1611,91537.6725,25:25:37.673,B,,,,0,0,0,18547,0.04,,,
1611,1610,91537.7125,25:25:37.713,B,,,,0,0,0,29660,0.04,,,
1612,1614,91537.7525,25:25:37.753,B,,,,0,0,0,11324,0.04,,,
1613,1613,91537.7925,25:25:37.793,B,,,,0,0,0,12511,0.04,,,
1614,1609,91537.8325,25:25:37.833,I,,1920,1080,0,0,1,75124,0.04,,,
1615,1618,91537.8725,25:25:37.873,B,,,,0,0,0,10082,0.04,,,
1616,1617,91537.9125,25:25:37.913,B,,,,0,0,0,11390,0.04,,,
1617,1616,91537.9525,25:25:37.953,B,,,,0,0,0,16064,0.04,,,
1618,1619,91537.9925,25:25:37.993,B,,,,0,0,0,9556,0.04,,,
1619,1615,91538.0325,25:25:38.033,P,,,,0,0,0,45427,0.04,,,
1620,1623,91538.0725,25:25:38.073,B,,,,0,0,0,13481,0.04,,,
1621,1622,91538.1125,25:25:38.113,B,,,,0,0,0,19132,0.04,,,
1622,1621,91538.1525,25:25:38.153,B,,,,0,0,0,18322,0.04,,,
1623,1625,91538.1925,25:25:38.193,B,,,,0,0,0,8907,0.04,,,
1624,1624,91538.2325,25:25:38.233,B,,,,0,0,0,9005,0.04,,,
1625,1620,91538.2725,25:25:38.273,P,,,,0,0,0,41898,0.04,,,
1626,1629,91538.3125,25:25:38.313,B,,,,0,0,0,7650,0.04,,,
1627,1628,91538.3525,25:25:38.353,B,,,,0,0,0,15720,0.04,,,
1628,1630,91538.3925,25:25:38.393,B,,,,0,0,0,11569,0.04,,,
1629,1627,91538.4325,25:25:38.433,B,,,,0,0,0,33759,0.04,,,
1630,1632,91538.4725,25:25:38.473,B,,,,0,0,0,15254,0.04,,,
1631,1631,91538.5125,25:25:38.513,B,,,,0,0,0,9451,0.04,,,
1632,1626,91538.5525,25:25:38.553,P,,,,0,0,0,47416,0.04,,,
1633,1636,91538.5925,25:25:38.593,B,,,,0,0,0,6425,0.04,,,
1634,1635,91538.6325,25:25:38.633,B,,,,0,0,0,9867,0.04,,,
1635,1634,91538.6725,25:25:38.673,B,,,,0,0,0,17171,0.04,,,
1636,1638,91538.7125,25:25:38.713,B,,,,0,0,0,18566,0.04,,,
1637,1637,91538.7525,25:25:38.753,B,,,,0,0,0,25429,0.04,,,
1638,1633,91538.7925,25:25:38.793,I,,1920,1080,0,0,1,74103,0.04,,,
1639,1642,91538.8325,25:25:38.833,B,,,,0,0,0,15811,0.04,,,
1640,1641,91538.8725,25:25:38.873,B,,,,0,0,0,20556,0.04,,,
1641,1640,91538.9125,25:25:38.913,B,,,,0,0,0,16886,0.04,,,
1642,1643,91538.9525,25:25:38.953,B,,,,0,0,0,24814,0.04,,,
1643,1639,91538.9925,25:25:38.993,P,,,,0,0,0,47089,0.04,,,
1644,1647,91539.0325,25:25:39.033,B,,,,0,0,0,10127,0.04,,,
1645,1646,91539.0725,25:25:39.073,B,,,,0,0,0,8541,0.04,,,
1646,1645,91539.1125,25:25:39.113,B,,,,0,0,0,17778,0.04,,,
1647,1649,91539.1525,25:25:39.153,B,,,,0,0,0,19478,0.04,,,
1648,1648,91539.1925,25:25:39.193,B,,,,0,0,0,10102,0.04,,,
1649,1644,91539.2325,25:25:39.233,P,,,,0,0,0,56489,0.04,,,
1650,1652,91539.2725,25:25:39.273,B,,,,0,0,0,6790,0.04,,,
1651,1651,91539.3125,25:25:39.313,B,,,,0,0,0,11599,0.04,,,
1652,1653,91539.3525,25:25:39.353,B,,,,0,0,0,19662,0.04,,,
1653,1650,91539.3925,25:25:39.393,P,,,,0,0,0,40517,0.04,,,
1654,1657,91539.4325,25:25:39.433,B,,,,0,0,0,17523,0.04,,,
1655,1656,91539.4725,25:25:39.473,B,,,,0,0,0,18954,0.04,,,
1656,1655,91539.5125,25:25:39.513,B,,,,0,0,0,32608,0.04,,,
1657,1658,91539.5525,25:25:39.553,B,,,,0,0,0,10324,0.04,,,
1658,1654,91539.5925,25:25:39.593,P,,,,0,0,0,50244,0.04,,,
1659,1662,91539.6325,25:25:39.633,B,,,,0,0,0,5603,0.04,,,
1660,1661,91539.6725,25:25:39.673,B,,,,0,0,0,7478,0.04,,,
1661,1660,91539.7125,25:25:39.713,B,,,,0,0,0,10345,0.04,,,
1662,1663,91539.7525,25:25:39.753,B,,,,0,0,0,3555,0.04,,,
1663,1659,91539.7925,25:25:39.793,I,,1920,1080,0,0,1,80516,0.04,,,
1664,1667,91539.8325,25:25:39.833,B,,,,0,0,0,7974,0.04,,,
1665,1666,91539.8725,25:25:39.873,B,,,,0,0,0,13698,0.04,,,
1666,1665,91539.9125,25:25:39.913,B,,,,0,0,0,21484,0.04,,,
1667,1669,91539.9525,25:25:39.953,B,,,,0,0,0,12605,0.04,,,
1668,1668,91539.9925,25:25:39.993,B,,,,0,0,0,25581,0.04,,,
1669,1664,91540.0325,25:25:40.033,P,,,,0,0,0,32572,0.04,,,
1670,1671,91540.0725,25:25:40.073,B,,,,0,0,0,15092,0.04,,,
1671,1670,91540.1125,25:25:40.113,P,,,,0,0,0,44365,0.04,,,
1672,1672,91540.1525,25:25:40.153,P,,,,0,0,0,58020,0.04,,,
1673,1675,91540.1925,25:25:40.193,B,,,,0,0,0,39012,0.04,,,
1674,1674,91540.2325,25:25:40.233,B,,,,0,0,0,25918,0.04,,,
1675,1673,91540.2725,25:25:40.273,P,,,,0,0,0,75697,0.04,,,
1676,1676,91540.3125,25:25:40.313,I,,1920,1080,0,1,1,160692,0.04,,,
1677,1680,91540.3525,25:25:40.353,B,,,,0,0,0,4409,0.04,,,
1678,1679,91540.3925,25:25:40.393,B,,,,0,0,0,8392,0.04,,,
1679,1681,91540.4325,25:25:40.433,B,,,,0,0,0,5558,0.04,,,
1680,1678,91540.4725,25:25:40.473,B,,,,0,0,0,19703,0.04,,,
1681,1683,91540.5125,25:25:40.513,B,,,,0,0,0,6995,0.04,,,
1682,1682,91540.5525,25:25:40.553,B,,,,0,0,0,13678,0.04,,,
1683,1684,91540.5925,25:25:40.593,B,,,,0,0,0,6893,0.04,,,
1684,1677,91540.6325,25:25:40.633,P,,,,0,0,0,56950,0.04,,,
1685,1688,91540.6725,25:25:40.673,B,,,,0,0,0,5383,0.04,,,
1686,1687,91540.7125,25:25:40.713,B,,,,0,0,0,11575,0.04,,,
1687,1689,91540.7525,25:25:40.753,B,,,,0,0,0,5524,0.04,,,
1688,1686,91540.7925,25:25:40.793,B,,,,0,0,0,17827,0.04,,,
1689,1691,91540.8325,25:25:40.833,B,,,,0,0,0,10102,0.04,,,
1690,1690,91540.8725,25:25:40.873,B,,,,0,0,0,8706,0.04,,,
1691,1692,91540.9125,25:25:40.913,B,,,,0,0,0,30334,0.04,,,
1692,1685,91540.9525,25:25:40.953,P,,,,0,0,0,59238,0.04,,,
1693,1696,91540.9925,25:25:40.993,B,,,,0,0,0,3704,0.04,,,
1694,1695,91541.0325,25:25:41.033,B,,,,0,0,0,7404,0.04,,,
1695,1697,91541.0725,25:25:41.073,B,,,,0,0,0,3335,0.04,,,
1696,1694,91541.1125,25:25:41.113,B,,,,0,0,0,10573,0.04,,,
1697,1699,91541.1525,25:25:41.153,B,,,,0,0,0,3328,0.04,,,
1698,1698,91541.1925,25:25:41.193,B,,,,0,0,0,7013,0.04,,,
1699,1700,91541.2325,25:25:41.233,B,,,,0,0,0,4030,0.04,,,
1700,1693,91541.2725,25:25:41.273,I,,1920,1080,0,0,1,169795,0.04,,,
1701,1704,91541.3125,25:25:41.313,B,,,,0,0,0,15075,0.04,,,
1702,1703,91541.3525,25:25:41.353,B,,,,0,0,0,6601,0.04,,,
1703,1705,91541.3925,25:25:41.393,B,,,,0,0,0,20030,0.04,,,
1704,1702,91541.4325,25:25:41.433,B,,,,0,0,0,13054,0.04,,,
1705,1707,91541.4725,25:25:41.473,B,,,,0,0,0,20030,0.04,,,
1706,1706,91541.5125,25:25:41.513,B,,,,0,0,0,19846,0.04,,,
1707,1708,91541.5525,25:25:41.553,B,,,,0,0,0,20030,0.04,,,
1708,1701,91541.5925,25:25:41.593,P,,,,0,0,0,50235,0.04,,,
1709,1712,91541.6325,25:25:41.633,B,,,,0,0,0,4403,0.04,,,
1710,1711,91541.6725,25:25:41.673,B,,,,0,0,0,8472,0.04,,,
1711,1713,91541.7125,25:25:41.713,B,,,,0,0,0,18374,0.04,,,
1712,1710,91541.7525,25:25:41.753,B,,,,0,0,0,13523,0.04,,,
1713,1715,91541.7925,25:25:41.793,B,,,,0,0,0,18006,0.04,,,
1714,1714,91541.8325,25:25:41.833,B,,,,0,0,0,18190,0.04,,,
1715,1716,91541.8725,25:25:41.873,B,,,,0,0,0,17270,0.04,,,
1716,1709,91541.9125,25:25:41.913,P,,,,0,0,0,50082,0.04,,,
1717,1720,91541.9525,25:25:41.953,B,,,,0,0,0,2039,0.04,,,
1718,1719,91541.9925,25:25:41.993,B,,,,0,0,0,4835,0.04,,,
1719,1721,91542.0325,25:25:42.033,B,,,,0,0,0,2174,0.04,,,
1720,1718,91542.0725,25:25:42.073,B,,,,0,0,0,8599,0.04,,,
1721,1723,91542.1125,25:25:42.113,B,,,,0,0,0,2133,0.04,,,
1722,1722,91542.1525,25:25:42.153,B,,,,0,0,0,5351,0.04,,,
1723,1724,91542.1925,25:25:42.193,B,,,,0,0,0,2462,0.04,,,
1724,1717,91542.2325,25:25:42.233,I,,1920,1080,0,0,1,166693,0.04,,,
1725,1728,91542.2725,25:25:42.273,B,,,,0,0,0,2141,0.04,,,
1726,1727,91542.3125,25:25:42.313,B,,,,0,0,0,4768,0.04,,,
1727,1729,91542.3525,25:25:42.353,B,,,,0,0,0,1866,0.04,,,
1728,1726,91542.3925,25:25:42.393,B,,,,0,0,0,8695,0.04,,,
1729,1731,91542.4325,25:25:42.433,B,,,,0,0,0,1806,0.04,,,
1730,1730,91542.4725,25:25:42.473,B,,,,0,0,0,4401,0.04,,,
1731,1732,91542.5125,25:25:42.513,B,,,,0,0,0,12310,0.04,,,
1732,1725,91542.5525,25:25:42.553,P,,,,0,0,0,37738,0.04,,,
1733,1736,91542.5925,25:25:42.593,B,,,,0,0,0,4771,0.04,,,
1734,1735,91542.6325,25:25:42.633,B,,,,0,0,0,7606,0.04,,,
1735,1737,91542.6725,25:25:42.673,B,,,,0,0,0,16350,0.04,,,
1736,1734,91542.7125,25:25:42.713,B,,,,0,0,0,13952,0.04,,,
1737,1739,91542.7525,25:25:42.753,B,,,,0,0,0,16718,0.04,,,
1738,1738,91542.7925,25:25:42.793,B,,,,0,0,0,16534,0.04,,,
1739,1740,91542.8325,25:25:42.833,B,,,,0,0,0,15982,0.04,,,
1740,1733,91542.8725,25:25:42.873,P,,,,0,0,0,39905,0.04,,,
1741,1744,91542.9125,25:25:42.913,B,,,,0,0,0,10291,0.04,,,
1742,1743,91542.9525,25:25:42.953,B,,,,0,0,0,5987,0.04,,,
1743,1745,91542.9925,25:25:42.993,B,,,,0,0,0,12854,0.04,,,
1744,1742,91543.0325,25:25:43.033,B,,,,0,0,0,8317,0.04,,,
1745,1747,91543.0725,25:25:43.073,B,,,,0,0,0,12854,0.04,,,
1746,1746,91543.1125,25:25:43.113,B,,,,0,0,0,13038,0.04,,,
1747,1741,91543.1525,25:25:43.153,P,,,,0,0,0,31337,0.04,,,
1748,1748,91543.1925,25:25:43.193,I,,1920,1080,0,1,1,80712,0.04,,,
1749,1752,91543.2325,25:25:43.233,B,,,,0,0,0,7131,0.04,,,
1750,1751,91543.2725,25:25:43.273,B,,,,0,0,0,17206,0.04,,,
1751,1753,91543.3125,25:25:43.313,B,,,,0,0,0,11661,0.04,,,
1752,1750,91543.3525,25:25:43.353,B,,,,0,0,0,32601,0.04,,,
1753,1755,91543.3925,25:25:43.393,B,,,,0,0,0,24706,0.04,,,
1754,1754,91543.4325,25:25:43.433,B,,,,0,0,0,26438,0.04,,,
1755,1756,91543.4725,25:25:43.473,B,,,,0,0,0,9924,0.04,,,
1756,1749,91543.5125,25:25:43.513,P,,,,0,0,0,66206,0.04,,,
1757,1759,91543.5525,25:25:43.553,B,,,,0,0,0,14544,0.04,,,
1758,1758,91543.5925,25:25:43.593,B,,,,0,0,0,15669,0.04,,,
1759,1760,91543.6325,25:25:43.633,B,,,,0,0,0,6780,0.04,,,
1760,1757,91543.6725,25:25:43.673,P,,,,0,0,0,62944,0.04,,,
1761,1763,91543.7125,25:25:43.713,B,,,,0,0,0,6411,0.04,,,
1762,1762,91543.7525,25:25:43.753,B,,,,0,0,0,11059,0.04,,,
1763,1764,91543.7925,25:25:43.793,B,,,,0,0,0,4434,0.04,,,
1764,1761,91543.8325,25:25:43.833,P,,,,0,0,0,63749,0.04,,,
1765,1767,91543.8725,25:25:43.873,B,,,,0,0,0,6514,0.04,,,
1766,1766,91543.9125,25:25:43.913,B,,,,0,0,0,9859,0.04,,,
1767,1768,91543.9525,25:25:43.953,B,,,,0,0,0,6130,0.04,,,
1768,1765,91543.9925,25:25:43.993,P,,,,0,0,0,63849,0.04,,,
1769,1772,91544.0325,25:25:44.033,B,,,,0,0,0,8944,0.04,,,
1770,1771,91544.0725,25:25:44.073,B,,,,0,0,0,15347,0.04,,,
1771,1770,91544.1125,25:25:44.113,B,,,,0,0,0,26556,0.04,,,
1772,1773,91544.1525,25:25:44.153,B,,,,0,0,0,12256,0.04,,,
1773,1769,91544.1925,25:25:44.193,I,,1920,1080,0,0,1,86733,0.04,,,
1774,1777,91544.2325,25:25:44.233,B,,,,0,0,0,12836,0.04,,,
1775,1776,91544.2725,25:25:44.273,B,,,,0,0,0,15064,0.04,,,
1776,1775,91544.3125,25:25:44.313,B,,,,0,0,0,33035,0.04,,,
1777,1778,91544.3525,25:25:44.353,B,,,,0,0,0,19482,0.04,,,
1778,1774,91544.3925,25:25:44.393,P,,,,0,0,0,58993,0.04,,,
1779,1779,91544.4325,25:25:44.433,P,,,,0,0,0,57088,0.04,,,
1780,1783,91544.4725,25:25:44.473,B,,,,0,0,0,8540,0.04,,,
1781,1782,91544.5125,25:25:44.513,B,,,,0,0,0,4164,0.04,,,
1782,1781,91544.5525,25:25:44.553,B,,,,0,0,0,8291,0.04,,,
1783,1785,91544.5925,25:25:44.593,B,,,,0,0,0,1326,0.04,,,
1784,1784,91544.6325,25:25:44.633,B,,,,0,0,0,3469,0.04,,,
1785,1780,91544.6725,25:25:44.673,P,,,,0,0,0,64527,0.04,,,
1786,1789,91544.7125,25:25:44.713,B,,,,0,0,0,6705,0.04,,,
1787,1788,91544.7525,25:25:44.753,B,,,,0,0,0,6103,0.04,,,
1788,1787,91544.7925,25:25:44.793,B,,,,0,0,0,11448,0.04,,,
1789,1791,91544.8325,25:25:44.833,B,,,,0,0,0,22422,0.04,,,
1790,1790,91544.8725,25:25:44.873,B,,,,0,0,0,8998,0.04,,,
1791,1786,91544.9125,25:25:44.913,P,,,,0,0,0,51052,0.04,,,
1792,1795,91544.9525,25:25:44.953,B,,,,0,0,0,1852,0.04,,,
1793,1794,91544.9925,25:25:44.993,B,,,,0,0,0,3036,0.04,,,
1794,1796,91545.0325,25:25:45.033,B,,,,0,0,0,11574,0.04,,,
1795,1793,91545.0725,25:25:45.073,B,,,,0,0,0,3572,0.04,,,
1796,1798,91545.1125,25:25:45.113,B,,,,0,0,0,21686,0.04,,,
1797,1797,91545.1525,25:25:45.153,B,,,,0,0,0,22238,0.04,,,
1798,1792,91545.1925,25:25:45.193,I,,1920,1080,0,0,1,95257,0.04,,,
1799,1802,91545.2325,25:25:45.233,B,,,,0,0,0,21875,0.04,,,
1800,1801,91545.2725,25:25:45.273,B,,,,0,0,0,8998,0.04,,,
1801,1803,91545.3125,25:25:45.313,B,,,,0,0,0,21502,0.04,,,
1802,1800,91545.3525,25:25:45.353,B,,,,0,0,0,6524,0.04,,,
1803,1805,91545.3925,25:25:45.393,B,,,,0,0,0,19294,0.04,,,
1804,1804,91545.4325,25:25:45.433,B,,,,0,0,0,20214,0.04,,,
1805,1806,91545.4725,25:25:45.473,B,,,,0,0,0,19110,0.04,,,
1806,1799,91545.5125,25:25:45.513,P,,,,0,0,0,49684,0.04,,,
1807,1810,91545.5525,25:25:45.553,B,,,,0,0,0,10843,0.04,,,
1808,1809,91545.5925,25:25:45.593,B,,,,0,0,0,5537,0.04,,,
1809,1811,91545.6325,25:25:45.633,B,,,,0,0,0,19110,0.04,,,
1810,1808,91545.6725,25:25:45.673,B,,,,0,0,0,5149,0.04,,,
1811,1813,91545.7125,25:25:45.713,B,,,,0,0,0,17822,0.04,,,
1812,1812,91545.7525,25:25:45.753,B,,,,0,0,0,18742,0.04,,,
1813,1807,91545.7925,25:25:45.793,P,,,,0,0,0,55262,0.04,,,
1814,1814,91545.8325,25:25:45.833,I,,1920,1080,0,1,1,129250,0.04,,,
1815,1818,91545.8725,25:25:45.873,B,帧,,,0,0,0,4995,0.04,,,
1816,1817,91545.9125,25:25:45.913,B,帧,,,0,0,0,12594,0.04,,,
1817,1819,91545.9525,25:25:45.953,B,帧,,,0,0,0,6336,0.04,,,
1818,1816,91545.9925,25:25:45.993,B,帧,,,0,0,0,22109,0.04,,,
1819,1821,91546.0325,25:25:46.033,B,帧,,,0,0,0,6574,0.04,,,
1820,1820,91546.0725,25:25:46.073,B,帧,,,0,0,0,12963,0.04,,,
1821,1822,91546.1125,25:25:46.113,B,帧,,,0,0,0,7101,0.04,,,
1822,1815,91546.1525,25:25:46.153,P,帧,,,0,0,0,55986,0.04,,,
1823,1826,91546.1925,25:25:46.193,B,帧,,,0,0,0,5960,0.04,,,
1824,1825,91546.2325,25:25:46.233,B,帧,,,0,0,0,11528,0.04,,,
1825,1827,91546.2725,25:25:46.273,B,帧,,,0,0,0,5739,0.04,,,
1826,1824,91546.3125,25:25:46.313,B,帧,,,0,0,0,20820,0.04,,,
1827,1829,91546.3525,25:25:46.353,B,帧,,,0,0,0,6025,0.04,,,
1828,1828,91546.3925,25:25:46.393,B,帧,,,0,0,0,13572,0.04,,,
1829,1830,91546.4325,25:25:46.433,B,帧,,,0,0,0,5875,0.04,,,
1830,1823,91546.4725,25:25:46.473,P,帧,,,0,0,0,59145,0.04,,,
1831,1834,91546.5125,25:25:46.513,B,帧,,,0,0,0,6323,0.04,,,
1832,1833,91546.5525,25:25:46.553,B,帧,,,0,0,0,13187,0.04,,,
1833,1835,91546.5925,25:25:46.593,B,帧,,,0,0,0,6416,0.04,,,
1834,1832,91546.6325,25:25:46.633,B,帧,,,0,0,0,19621,0.04,,,
1835,1837,91546.6725,25:25:46.673,B,帧,,,0,0,0,6857,0.04,,,
1836,1836,91546.7125,25:25:46.713,B,帧,,,0,0,0,11970,0.04,,,
1837,1838,91546.7525,25:25:46.753,B,帧,,,0,0,0,6258,0.04,,,
1838,1831,91546.7925,25:25:46.793,I,帧,1920,1080,0,0,1,129979,0.04,,,
1839,1842,91546.8325,25:25:46.833,B,帧,,,0,0,0,6503,0.04,,,
1840,1841,91546.8725,25:25:46.873,B,帧,,,0,0,0,13205,0.04,,,
1841,1843,91546.9125,25:25:46.913,B,帧,,,0,0,0,7272,0.04,,,
1842,1840,91546.9525,25:25:46.953,B,帧,,,0,0,0,16868,0.04,,,
1843,1845,91546.9925,25:25:46.993,B,帧,,,0,0,0,5245,0.04,,,
1844,1844,91547.0325,25:25:47.033,B,帧,,,0,0,0,8196,0.04,,,
1845,1846,91547.0725,25:25:47.073,B,帧,,,0,0,0,4637,0.04,,,
1846,1839,91547.1125,25:25:47.113,P,帧,,,0,0,0,64358,0.04,,,
1847,1850,91547.1525,25:25:47.153,B,帧,,,0,0,0,4436,0.04,,,
1848,1849,91547.1925,25:25:47.193,B,帧,,,0,0,0,8854,0.04,,,
1849,1851,91547.2325,25:25:47.233,B,帧,,,0,0,0,4496,0.04,,,
1850,1848,91547.2725,25:25:47.273,B,帧,,,0,0,0,14891,0.04,,,
1851,1853,91547.3125,25:25:47.313,B,帧,,,0,0,0,3354,0.04,,,
1852,1852,91547.3525,25:25:47.353,B,帧,,,0,0,0,7883,0.04,,,
1853,1854,91547.3925,25:25:47.393,B,帧,,,0,0,0,3076,0.04,,,
1854,1847,91547.4325,25:25:47.433,P,帧,,,0,0,0,60115,0.04,,,
1855,1858,91547.4725,25:25:47.473,B,帧,,,0,0,0,2943,0.04,,,
1856,1857,91547.5125,25:25:47.513,B,帧,,,0,0,0,5233,0.04,,,
1857,1859,91547.5525,25:25:47.553,B,帧,,,0,0,0,2962,0.04,,,
1858,1856,91547.5925,25:25:47.593,B,帧,,,0,0,0,11022,0.04,,,
1859,1861,91547.6325,25:25:47.633,B,帧,,,0,0,0,3621,0.04,,,
1860,1860,91547.6725,25:25:47.673,B,帧,,,0,0,0,7603,0.04,,,
1861,1862,91547.7125,25:25:47.713,B,帧,,,0,0,0,4329,0.04,,,
1862,1855,91547.7525,25:25:47.753,I,帧,1920,1080,0,0,1,120531,0.04,,,
1863,1866,91547.7925,25:25:47.793,B,帧,,,0,0,0,4652,0.04,,,
1864,1865,91547.8325,25:25:47.833,B,帧,,,0,0,0,10096,0.04,,,
1865,1867,91547.8725,25:25:47.873,B,帧,,,0,0,0,4568,0.04,,,
1866,1864,91547.9125,25:25:47.913,B,帧,,,0,0,0,12993,0.04,,,
1867,1869,91547.9525,25:25:47.953,B,帧,,,0,0,0,4150,0.04,,,
1868,1868,91547.9925,25:25:47.993,B,帧,,,0,0,0,6910,0.04,,,
1869,1870,91548.0325,25:25:48.033,B,帧,,,0,0,0,15798,0.04,,,
1870,1863,91548.0725,25:25:48.073,P,帧,,,0,0,0,49479,0.04,,,
1871,1874,91548.1125,25:25:48.113,B,帧,,,0,0,0,9003,0.04,,,
1872,1873,91548.1525,25:25:48.153,B,帧,,,0,0,0,6769,0.04,,,
1873,1875,91548.1925,25:25:48.193,B,帧,,,0,0,0,16718,0.04,,,
1874,1872,91548.2325,25:25:48.233,B,帧,,,0,0,0,10850,0.04,,,
1875,1877,91548.2725,25:25:48.273,B,帧,,,0,0,0,15982,0.04,,,
1876,1876,91548.3125,25:25:48.313,B,帧,,,0,0,0,16902,0.04,,,
1877,1878,91548.3525,25:25:48.353,B,帧,,,0,0,0,14878,0.04,,,
1878,1871,91548.3925,25:25:48.393,P,帧,,,0,0,0,40740,0.04,,,
1879,1882,91548.4325,25:25:48.433,B,帧,,,0,0,0,3056,0.04,,,
1880,1881,91548.4725,25:25:48.473,B,帧,,,0,0,0,5578,0.04,,,
1881,1883,91548.5125,25:25:48.513,B,帧,,,0,0,0,2727,0.04,,,
1882,1880,91548.5525,25:25:48.553,B,帧,,,0,0,0,9077,0.04,,,
1883,1885,91548.5925,25:25:48.593,B,帧,,,0,0,0,2699,0.04,,,
1884,1884,91548.6325,25:25:48.633,B,帧,,,0,0,0,5832,0.04,,,
1885,1886,91548.6725,25:25:48.673,B,帧,,,0,0,0,3595,0.04,,,
1886,1879,91548.7125,25:25:48.713,I,帧,1920,1080,0,0,1,127936,0.04,,,
1887,1890,91548.7525,25:25:48.753,B,帧,,,0,0,0,2657,0.04,,,
1888,1889,91548.7925,25:25:48.793,B,帧,,,0,0,0,6171,0.04,,,
1889,1891,91548.8325,25:25:48.833,B,帧,,,0,0,0,2522,0.04,,,
1890,1888,91548.8725,25:25:48.873,B,帧,,,0,0,0,8218,0.04,,,
1891,1893,91548.9125,25:25:48.913,B,帧,,,0,0,0,2333,0.04,,,
1892,1892,91548.9525,25:25:48.953,B,帧,,,0,0,0,3859,0.04,,,
1893,1894,91548.9925,25:25:48.993,B,帧,,,0,0,0,2098,0.04,,,
1894,1887,91549.0325,25:25:49.033,P,帧,,,0,0,0,38584,0.04,,,
1895,1898,91549.0725,25:25:49.073,B,帧,,,0,0,0,2413,0.04,,,
1896,1897,91549.1125,25:25:49.113,B,帧,,,0,0,0,4792,0.04,,,
1897,1899,91549.1525,25:25:49.153,B,帧,,,0,0,0,2389,0.04,,,
1898,1896,91549.1925,25:25:49.193,B,帧,,,0,0,0,9868,0.04,,,
1899,1901,91549.2325,25:25:49.233,B,帧,,,0,0,0,12854,0.04,,,
1900,1900,91549.2725,25:25:49.273,B,帧,,,0,0,0,6054,0.04,,,
1901,1902,91549.3125,25:25:49.313,B,帧,,,0,0,0,12486,0.04,,,
1902,1895,91549.3525,25:25:49.353,P,帧,,,0,0,0,32366,0.04,,,
1903,1906,91549.3925,25:25:49.393,B,帧,,,0,0,0,2999,0.04,,,
1904,1905,91549.4325,25:25:49.433,B,帧,,,0,0,0,5830,0.04,,,
1905,1907,91549.4725,25:25:49.473,B,帧,,,0,0,0,2732,0.04,,,
1906,1904,91549.5125,25:25:49.513,B,帧,,,0,0,0,11042,0.04,,,
1907,1909,91549.5525,25:25:49.553,B,帧,,,0,0,0,3292,0.04,,,
1908,1908,91549.5925,25:25:49.593,B,帧,,,0,0,0,6372,0.04,,,
1909,1910,91549.6325,25:25:49.633,B,帧,,,0,0,0,4367,0.04,,,
1910,1903,91549.6725,25:25:49.673,I,帧,1920,1080,0,0,1,127488,0.04,,,
1911,1914,91549.7125,25:25:49.713,B,帧,,,0,0,0,3645,0.04,,,
1912,1913,91549.7525,25:25:49.753,B,帧,,,0,0,0,7186,0.04,,,
1913,1915,91549.7925,25:25:49.793,B,帧,,,0,0,0,2631,0.04,,,
1914,1912,91549.8325,25:25:49.833,B,帧,,,0,0,0,10773,0.04,,,
1915,1917,91549.8725,25:25:49.873,B,帧,,,0,0,0,2641,0.04,,,
1916,1916,91549.9125,25:25:49.913,B,帧,,,0,0,0,4607,0.04,,,
1917,1918,91549.9525,25:25:49.953,B,帧,,,0,0,0,2683,0.04,,,
1918,1911,91549.9925,25:25:49.993,P,帧,,,0,0,0,57302,0.04,,,
1919,1921,91550.0325,25:25:50.033,B,帧,,,0,0,0,2714,0.04,,,
1920,1920,91550.0725,25:25:50.073,B,帧,,,0,0,0,3708,0.04,,,
1921,1919,91550.1125,25:25:50.113,P,帧,,,0,0,0,25480,0.04,,,
1922,1922,91550.1525,25:25:50.153,I,,1920,1080,0,1,1,69895,0.04,,,
1923,1926,91550.1925,25:25:50.193,B,帧,,,0,0,0,10217,0.04,,,
1924,1925,91550.2325,25:25:50.233,B,帧,,,0,0,0,12030,0.04,,,
1925,1927,91550.2725,25:25:50.273,B,帧,,,0,0,0,6619,0.04,,,
1926,1924,91550.3125,25:25:50.313,B,帧,,,0,0,0,25096,0.04,,,
1927,1929,91550.3525,25:25:50.353,B,帧,,,0,0,0,6841,0.04,,,
1928,1928,91550.3925,25:25:50.393,B,帧,,,0,0,0,11981,0.04,,,
1929,1930,91550.4325,25:25:50.433,B,帧,,,0,0,0,7603,0.04,,,
1930,1923,91550.4725,25:25:50.473,P,帧,,,0,0,0,55776,0.04,,,
1931,1934,91550.5125,25:25:50.513,B,帧,,,0,0,0,7857,0.04,,,
1932,1933,91550.5525,25:25:50.553,B,帧,,,0,0,0,11901,0.04,,,
1933,1935,91550.5925,25:25:50.593,B,帧,,,0,0,0,6483,0.04,,,
1934,1932,91550.6325,25:25:50.633,B,帧,,,0,0,0,22318,0.04,,,
1935,1937,91550.6725,25:25:50.673,B,帧,,,0,0,0,5825,0.04,,,
1936,1936,91550.7125,25:25:50.713,B,帧,,,0,0,0,10760,0.04,,,
1937,1938,91550.7525,25:25:50.753,B,帧,,,0,0,0,5747,0.04,,,
1938,1931,91550.7925,25:25:50.793,P,帧,,,0,0,0,57733,0.04,,,
1939,1942,91550.8325,25:25:50.833,B,帧,,,0,0,0,5027,0.04,,,
1940,1941,91550.8725,25:25:50.873,B,帧,,,0,0,0,8611,0.04,,,
1941,1943,91550.9125,25:25:50.913,B,帧,,,0,0,0,4424,0.04,,,
1942,1940,91550.9525,25:25:50.953,B,帧,,,0,0,0,17653,0.04,,,
1943,1945,91550.9925,25:25:50.993,B,帧,,,0,0,0,5847,0.04,,,
1944,1944,91551.0325,25:25:51.033,B,帧,,,0,0,0,9063,0.04,,,
1945,1946,91551.0725,25:25:51.073,B,帧,,,0,0,0,6063,0.04,,,
1946,1939,91551.1125,25:25:51.113,I,帧,1920,1080,0,0,1,67755,0.04,,,
1947,1950,91551.1525,25:25:51.153,B,帧,,,0,0,0,8697,0.04,,,
1948,1949,91551.1925,25:25:51.193,B,帧,,,0,0,0,12876,0.04,,,
1949,1951,91551.2325,25:25:51.233,B,帧,,,0,0,0,6452,0.04,,,
1950,1948,91551.2725,25:25:51.273,B,帧,,,0,0,0,22029,0.04,,,
1951,1953,91551.3125,25:25:51.313,B,帧,,,0,0,0,6743,0.04,,,
1952,1952,91551.3525,25:25:51.353,B,帧,,,0,0,0,11048,0.04,,,
1953,1954,91551.3925,25:25:51.393,B,帧,,,0,0,0,6462,0.04,,,
1954,1947,91551.4325,25:25:51.433,P,帧,,,0,0,0,57586,0.04,,,
1955,1958,91551.4725,25:25:51.473,B,帧,,,0,0,0,6720,0.04,,,
1956,1957,91551.5125,25:25:51.513,B,帧,,,0,0,0,11782,0.04,,,
1957,1959,91551.5525,25:25:51.553,B,帧,,,0,0,0,6740,0.04,,,
1958,1956,91551.5925,25:25:51.593,B,帧,,,0,0,0,16709,0.04,,,
1959,1961,91551.6325,25:25:51.633,B,帧,,,0,0,0,5330,0.04,,,
1960,1960,91551.6725,25:25:51.673,B,帧,,,0,0,0,8021,0.04,,,
1961,1962,91551.7125,25:25:51.713,B,帧,,,0,0,0,5120,0.04,,,
1962,1955,91551.7525,25:25:51.753,P,帧,,,0,0,0,57939,0.04,,,
1963,1969,91551.7925,25:25:51.793,B,场,,,0,0,0,1548,0.04,40ms,,场/帧模式切换;duration变为40ms
1964,1970,91551.8125,25:25:51.813,B,场,,,0,0,0,1837,0.02,20ms,,duration变为20ms
1965,1967,91551.8325,25:25:51.833,B,场,,,0,0,0,2782,0.02,,,
1966,1968,91551.8525,25:25:51.853,B,场,,,0,0,0,1766,0.02,,,
1967,1965,91551.8725,25:25:51.873,B,场,,,0,0,0,8240,0.02,,,
1968,1966,91551.8925,25:25:51.893,B,场,,,0,0,0,3134,0.02,,,
1969,1973,91551.9125,25:25:51.913,B,场,,,0,0,0,2156,0.02,,,
1970,1974,91551.9325,25:25:51.933,B,场,,,0,0,0,1462,0.02,,,
1971,1971,91551.9525,25:25:51.953,B,场,,,0,0,0,5226,0.02,,,
1972,1972,91551.9725,25:25:51.973,B,场,,,0,0,0,2897,0.02,,,
1973,1963,91551.9925,25:25:51.993,P,场,,,0,0,0,25558,0.02,,,
1974,1964,91552.0125,25:25:52.013,P,场,,,0,0,0,6778,0.02,,,
1975,1975,91552.0325,25:25:52.033,P,场,,,0,0,0,25619,0.02,,,
1976,1976,91552.0525,25:25:52.053,P,场,,,0,0,0,1543,0.02,,,
1977,1979,91552.0725,25:25:52.073,B,场,,,0,0,0,25462,0.02,,,
1978,1980,91552.0925,25:25:52.093,B,场,,,0,0,0,2821,0.02,,,
1979,1977,91552.1125,25:25:52.113,I,场,1920,1080,0,0,1,39221,0.02,,,
1980,1978,91552.1325,25:25:52.133,P,场,,,0,0,0,6385,0.02,,,
1981,1985,91552.1525,25:25:52.153,B,场,,,0,0,0,25717,0.02,,,
1982,1986,91552.1725,25:25:52.173,B,场,,,0,0,0,2747,0.02,,,
1983,1983,91552.1925,25:25:52.193,B,场,,,0,0,0,10812,0.02,,,
1984,1984,91552.2125,25:25:52.213,B,场,,,0,0,0,5159,0.02,,,
1985,1981,91552.2325,25:25:52.233,P,场,,,0,0,0,35763,0.02,,,
1986,1982,91552.2525,25:25:52.253,P,场,,,0,0,0,8980,0.02,,,
1987,1993,91552.2725,25:25:52.273,B,场,,,0,0,0,2234,0.02,,,
1988,1994,91552.2925,25:25:52.293,B,场,,,0,0,0,2339,0.02,,,
1989,1991,91552.3125,25:25:52.313,B,场,,,0,0,0,3550,0.02,,,
1990,1992,91552.3325,25:25:52.333,B,场,,,0,0,0,2589,0.02,,,
1991,1989,91552.3525,25:25:52.353,B,场,,,0,0,0,4937,0.02,,,
1992,1990,91552.3725,25:25:52.373,B,场,,,0,0,0,4658,0.02,,,
1993,1995,91552.3925,25:25:52.393,B,场,,,0,0,0,2645,0.02,,,
1994,1996,91552.4125,25:25:52.413,B,场,,,0,0,0,3032,0.02,,,
1995,1987,91552.4325,25:25:52.433,P,场,,,0,0,0,18338,0.02,,,
1996,1988,91552.4525,25:25:52.453,P,场,,,0,0,0,14046,0.02,,,
1997,2001,91552.4725,25:25:52.473,B,场,,,0,0,0,2617,0.02,,,
1998,2002,91552.4925,25:25:52.493,B,场,,,0,0,0,2180,0.02,,,
1999,1999,91552.5125,25:25:52.513,B,场,,,0,0,0,5611,0.02,,,
2000,2000,91552.5325,25:25:52.533,B,场,,,0,0,0,3350,0.02,,,
2001,1997,91552.5525,25:25:52.553,P,场,,,0,0,0,16661,0.02,,,
2002,1998,91552.5725,25:25:52.573,P,场,,,0,0,0,10175,0.02,,,
2003,2005,91552.5925,25:25:52.593,B,场,,,0,0,0,5411,0.02,,,
2004,2006,91552.6125,25:25:52.613,B,场,,,0,0,0,2261,0.02,,,
2005,2003,91552.6325,25:25:52.633,P,场,,,0,0,0,25594,0.02,,,
2006,2004,91552.6525,25:25:52.653,P,场,,,0,0,0,10498,0.02,,,
2007,2007,91552.6725,25:25:52.673,P,场,,,0,0,0,12948,0.02,,,
2008,2008,91552.6925,25:25:52.693,P,场,,,0,0,0,8483,0.02,,,
2009,2009,91552.7125,25:25:52.713,I,,1920,1080,0,1,1,160051,0.02,20ms,,duration变为20ms
2010,2013,91552.7525,25:25:52.753,B,帧,,,0,0,0,2913,0.04,40ms,,场/帧模式切换;duration变为40ms
2011,2012,91552.7925,25:25:52.793,B,帧,,,0,0,0,5829,0.04,,,
2012,2014,91552.8325,25:25:52.833,B,帧,,,0,0,0,3703,0.04,,,
2013,2011,91552.8725,25:25:52.873,B,帧,,,0,0,0,10718,0.04,,,
2014,2016,91552.9125,25:25:52.913,B,帧,,,0,0,0,3646,0.04,,,
2015,2015,91552.9525,25:25:52.953,B,帧,,,0,0,0,11922,0.04,,,
2016,2017,91552.9925,25:25:52.993,B,帧,,,0,0,0,5465,0.04,,,
2017,2010,91553.0325,25:25:53.033,P,帧,,,0,0,0,44337,0.04,,,
2018,2021,91553.0725,25:25:53.073,B,帧,,,0,0,0,5065,0.04,,,
2019,2020,91553.1125,25:25:53.113,B,帧,,,0,0,0,9626,0.04,,,
2020,2022,91553.1525,25:25:53.153,B,帧,,,0,0,0,5182,0.04,,,
2021,2019,91553.1925,25:25:53.193,B,帧,,,0,0,0,13618,0.04,,,
2022,2024,91553.2325,25:25:53.233,B,帧,,,0,0,0,6254,0.04,,,
2023,2023,91553.2725,25:25:53.273,B,帧,,,0,0,0,10221,0.04,,,
2024,2025,91553.3125,25:25:53.313,B,帧,,,0,0,0,5076,0.04,,,
2025,2018,91553.3525,25:25:53.353,P,帧,,,0,0,0,53250,0.04,,,
2026,2029,91553.3925,25:25:53.393,B,帧,,,0,0,0,5589,0.04,,,
2027,2028,91553.4325,25:25:53.433,B,帧,,,0,0,0,9035,0.04,,,
2028,2030,91553.4725,25:25:53.473,B,帧,,,0,0,0,4787,0.04,,,
2029,2027,91553.5125,25:25:53.513,B,帧,,,0,0,0,16219,0.04,,,
2030,2032,91553.5525,25:25:53.553,B,帧,,,0,0,0,4436,0.04,,,
2031,2031,91553.5925,25:25:53.593,B,帧,,,0,0,0,8422,0.04,,,
2032,2033,91553.6325,25:25:53.633,B,帧,,,0,0,0,4610,0.04,,,
2033,2026,91553.6725,25:25:53.673,I,帧,1920,1080,0,0,1,162539,0.04,,,
2034,2037,91553.7125,25:25:53.713,B,帧,,,0,0,0,5956,0.04,,,
2035,2036,91553.7525,25:25:53.753,B,帧,,,0,0,0,11008,0.04,,,
2036,2038,91553.7925,25:25:53.793,B,帧,,,0,0,0,6465,0.04,,,
2037,2035,91553.8325,25:25:53.833,B,帧,,,0,0,0,21880,0.04,,,
2038,2040,91553.8725,25:25:53.873,B,帧,,,0,0,0,7421,0.04,,,
2039,2039,91553.9125,25:25:53.913,B,帧,,,0,0,0,13344,0.04,,,
2040,2041,91553.9525,25:25:53.953,B,帧,,,0,0,0,6991,0.04,,,
2041,2034,91553.9925,25:25:53.993,P,帧,,,0,0,0,55245,0.04,,,
2042,2042,91554.0325,25:25:54.033,I,,1920,1080,0,1,1,59635,0.04,,,
2043,2046,91554.0725,25:25:54.073,B,,,,0,0,0,15555,0.04,,,
2044,2045,91554.1125,25:25:54.113,B,,,,0,0,0,25875,0.04,,,
2045,2044,91554.1525,25:25:54.153,B,,,,0,0,0,42262,0.04,,,
2046,2047,91554.1925,25:25:54.193,B,,,,0,0,0,23012,0.04,,,
2047,2043,91554.2325,25:25:54.233,P,,,,0,0,0,51938,0.04,,,
2048,2048,91554.2725,25:25:54.273,I,,1920,1080,0,1,1,46650,0.04,,,
2049,2052,91554.3125,25:25:54.313,B,,,,0,0,0,10817,0.04,,,
2050,2051,91554.3525,25:25:54.353,B,,,,0,0,0,13522,0.04,,,
2051,2053,91554.3925,25:25:54.393,B,,,,0,0,0,9826,0.04,,,
2052,2050,91554.4325,25:25:54.433,B,,,,0,0,0,22402,0.04,,,
2053,2055,91554.4725,25:25:54.473,B,,,,0,0,0,7557,0.04,,,
2054,2054,91554.5125,25:25:54.513,B,,,,0,0,0,13035,0.04,,,
2055,2056,91554.5525,25:25:54.553,B,,,,0,0,0,8628,0.04,,,
2056,2049,91554.5925,25:25:54.593,P,,,,0,0,0,46412,0.04,,,
2057,2060,91554.6325,25:25:54.633,B,,,,0,0,0,7567,0.04,,,
2058,2059,91554.6725,25:25:54.673,B,,,,0,0,0,13512,0.04,,,
2059,2058,91554.7125,25:25:54.713,B,,,,0,0,0,21311,0.04,,,
2060,2061,91554.7525,25:25:54.753,B,,,,0,0,0,14014,0.04,,,
2061,2057,91554.7925,25:25:54.793,P,,,,0,0,0,40587,0.04,,,
2062,2065,91554.8325,25:25:54.833,B,,,,0,0,0,10938,0.04,,,
2063,2064,91554.8725,25:25:54.873,B,,,,0,0,0,17361,0.04,,,
2064,2063,91554.9125,25:25:54.913,B,,,,0,0,0,23976,0.04,,,
2065,2066,91554.9525,25:25:54.953,B,,,,0,0,0,16986,0.04,,,
2066,2062,91554.9925,25:25:54.993,P,,,,0,0,0,43719,0.04,,,
2067,2067,91555.0325,25:25:55.033,P,,,,0,0,0,35077,0.04,,,
2068,2068,91555.0725,25:25:55.073,P,,,,0,0,0,37310,0.04,,,
2069,2069,91555.1125,25:25:55.113,P,,,,0,0,0,34039,0.04,,,
2070,2070,91555.1525,25:25:55.153,P,,,,0,0,0,36965,0.04,,,
2071,2071,91555.1925,25:25:55.193,P,,,,0,0,0,33389,0.04,,,
2072,2073,91555.2325,25:25:55.233,B,,,,0,0,0,5187,0.04,,,
2073,2072,91555.2725,25:25:55.273,I,,1920,1080,0,0,1,62223,0.04,,,
2074,2075,91555.3125,25:25:55.313,B,,,,0,0,0,5059,0.04,,,
2075,2074,91555.3525,25:25:55.353,P,,,,0,0,0,31184,0.04,,,
2076,2076,91555.3925,25:25:55.393,I,,1920,1080,0,1,1,108548,0.04,,,
2077,2080,91555.4325,25:25:55.433,B,,,,0,0,0,6399,0.04,,,
2078,2079,91555.4725,25:25:55.473,B,,,,0,0,0,7933,0.04,,,
2079,2081,91555.5125,25:25:55.513,B,,,,0,0,0,5131,0.04,,,
2080,2078,91555.5525,25:25:55.553,B,,,,0,0,0,11846,0.04,,,
2081,2083,91555.5925,25:25:55.593,B,,,,0,0,0,3857,0.04,,,
2082,2082,91555.6325,25:25:55.633,B,,,,0,0,0,7160,0.04,,,
2083,2084,91555.6725,25:25:55.673,B,,,,0,0,0,4090,0.04,,,
2084,2077,91555.7125,25:25:55.713,P,,,,0,0,0,34390,0.04,,,
2085,2088,91555.7525,25:25:55.753,B,,,,0,0,0,3629,0.04,,,
2086,2087,91555.7925,25:25:55.793,B,,,,0,0,0,6616,0.04,,,
2087,2089,91555.8325,25:25:55.833,B,,,,0,0,0,4213,0.04,,,
2088,2086,91555.8725,25:25:55.873,B,,,,0,0,0,13261,0.04,,,
2089,2091,91555.9125,25:25:55.913,B,,,,0,0,0,5746,0.04,,,
2090,2090,91555.9525,25:25:55.953,B,,,,0,0,0,7552,0.04,,,
2091,2092,91555.9925,25:25:55.993,B,,,,0,0,0,4010,0.04,,,
2092,2085,91556.0325,25:25:56.033,P,,,,0,0,0,48938,0.04,,,
2093,2096,91556.0725,25:25:56.073,B,,,,0,0,0,3420,0.04,,,
2094,2095,91556.1125,25:25:56.113,B,,,,0,0,0,6773,0.04,,,
2095,2097,91556.1525,25:25:56.153,B,,,,0,0,0,2906,0.04,,,
2096,2094,91556.1925,25:25:56.193,B,,,,0,0,0,9755,0.04,,,
2097,2099,91556.2325,25:25:56.233,B,,,,0,0,0,3122,0.04,,,
2098,2098,91556.2725,25:25:56.273,B,,,,0,0,0,6609,0.04,,,
2099,2100,91556.3125,25:25:56.313,B,,,,0,0,0,8446,0.04,,,
2100,2093,91556.3525,25:25:56.353,I,,1920,1080,0,0,1,135746,0.04,,,
2101,2104,91556.3925,25:25:56.393,B,,,,0,0,0,4904,0.04,,,
2102,2103,91556.4325,25:25:56.433,B,,,,0,0,0,6177,0.04,,,
2103,2105,91556.4725,25:25:56.473,B,,,,0,0,0,13782,0.04,,,
2104,2102,91556.5125,25:25:56.513,B,,,,0,0,0,11845,0.04,,,
2105,2107,91556.5525,25:25:56.553,B,,,,0,0,0,15798,0.04,,,
2106,2106,91556.5925,25:25:56.593,B,,,,0,0,0,15798,0.04,,,
2107,2108,91556.6325,25:25:56.633,B,,,,0,0,0,15798,0.04,,,
2108,2101,91556.6725,25:25:56.673,P,,,,0,0,0,45968,0.04,,,
2109,2112,91556.7125,25:25:56.713,B,,,,0,0,0,2387,0.04,,,
2110,2111,91556.7525,25:25:56.753,B,,,,0,0,0,4811,0.04,,,
2111,2113,91556.7925,25:25:56.793,B,,,,0,0,0,9550,0.04,,,
2112,2110,91556.8325,25:25:56.833,B,,,,0,0,0,10391,0.04,,,
2113,2115,91556.8725,25:25:56.873,B,,,,0,0,0,14142,0.04,,,
2114,2114,91556.9125,25:25:56.913,B,,,,0,0,0,14694,0.04,,,
2115,2109,91556.9525,25:25:56.953,P,,,,0,0,0,47984,0.04,,,
2116,2116,91556.9925,25:25:56.993,I,,1920,1080,0,1,1,75575,0.04,,,
2117,2120,91557.0325,25:25:57.033,B,,,,0,0,0,6038,0.04,,,
2118,2119,91557.0725,25:25:57.073,B,,,,0,0,0,8014,0.04,,,
2119,2121,91557.1125,25:25:57.113,B,,,,0,0,0,6011,0.04,,,
2120,2118,91557.1525,25:25:57.153,B,,,,0,0,0,13307,0.04,,,
2121,2123,91557.1925,25:25:57.193,B,,,,0,0,0,8100,0.04,,,
2122,2122,91557.2325,25:25:57.233,B,,,,0,0,0,12721,0.04,,,
2123,2124,91557.2725,25:25:57.273,B,,,,0,0,0,5401,0.04,,,
2124,2117,91557.3125,25:25:57.313,P,,,,0,0,0,45473,0.04,,,
2125,2128,91557.3525,25:25:57.353,B,,,,0,0,0,5883,0.04,,,
2126,2127,91557.3925,25:25:57.393,B,,,,0,0,0,6749,0.04,,,
2127,2129,91557.4325,25:25:57.433,B,,,,0,0,0,4979,0.04,,,
2128,2126,91557.4725,25:25:57.473,B,,,,0,0,0,15446,0.04,,,
2129,2131,91557.5125,25:25:57.513,B,,,,0,0,0,5180,0.04,,,
2130,2130,91557.5525,25:25:57.553,B,,,,0,0,0,6740,0.04,,,
2131,2132,91557.5925,25:25:57.593,B,,,,0,0,0,12678,0.04,,,
2132,2125,91557.6325,25:25:57.633,P,,,,0,0,0,65279,0.04,,,
2133,2136,91557.6725,25:25:57.673,B,,,,0,0,0,4741,0.04,,,
2134,2135,91557.7125,25:25:57.713,B,,,,0,0,0,10300,0.04,,,
2135,2137,91557.7525,25:25:57.753,B,,,,0,0,0,5243,0.04,,,
2136,2134,91557.7925,25:25:57.793,B,,,,0,0,0,17780,0.04,,,
2137,2139,91557.8325,25:25:57.833,B,,,,0,0,0,5665,0.04,,,
2138,2138,91557.8725,25:25:57.873,B,,,,0,0,0,9770,0.04,,,
2139,2140,91557.9125,25:25:57.913,B,,,,0,0,0,6394,0.04,,,
2140,2133,91557.9525,25:25:57.953,I,,1920,1080,0,0,1,91398,0.04,,,
2141,2144,91557.9925,25:25:57.993,B,,,,0,0,0,5996,0.04,,,
2142,2143,91558.0325,25:25:58.033,B,,,,0,0,0,10598,0.04,,,
2143,2145,91558.0725,25:25:58.073,B,,,,0,0,0,4603,0.04,,,
2144,2142,91558.1125,25:25:58.113,B,,,,0,0,0,20837,0.04,,,
2145,2147,91558.1525,25:25:58.153,B,,,,0,0,0,5023,0.04,,,
2146,2146,91558.1925,25:25:58.193,B,,,,0,0,0,9409,0.04,,,
2147,2148,91558.2325,25:25:58.233,B,,,,0,0,0,8078,0.04,,,
2148,2141,91558.2725,25:25:58.273,P,,,,0,0,0,67937,0.04,,,
2149,2152,91558.3125,25:25:58.313,B,,,,0,0,0,5472,0.04,,,
2150,2151,91558.3525,25:25:58.353,B,,,,0,0,0,10095,0.04,,,
2151,2153,91558.3925,25:25:58.393,B,,,,0,0,0,5142,0.04,,,
2152,2150,91558.4325,25:25:58.433,B,,,,0,0,0,11811,0.04,,,
2153,2155,91558.4725,25:25:58.473,B,,,,0,0,0,13774,0.04,,,
2154,2154,91558.5125,25:25:58.513,B,,,,0,0,0,10094,0.04,,,
2155,2156,91558.5525,25:25:58.553,B,,,,0,0,0,14878,0.04,,,
2156,2149,91558.5925,25:25:58.593,P,,,,0,0,0,56216,0.04,,,
2157,2160,91558.6325,25:25:58.633,B,,,,0,0,0,4679,0.04,,,
2158,2159,91558.6725,25:25:58.673,B,,,,0,0,0,13630,0.04,,,
2159,2161,91558.7125,25:25:58.713,B,,,,0,0,0,5140,0.04,,,
2160,2158,91558.7525,25:25:58.753,B,,,,0,0,0,11412,0.04,,,
2161,2163,91558.7925,25:25:58.793,B,,,,0,0,0,5327,0.04,,,
2162,2162,91558.8325,25:25:58.833,B,,,,0,0,0,7062,0.04,,,
2163,2164,91558.8725,25:25:58.873,B,,,,0,0,0,4369,0.04,,,
2164,2157,91558.9125,25:25:58.913,I,,1920,1080,0,0,1,82531,0.04,,,
2165,2168,91558.9525,25:25:58.953,B,,,,0,0,0,4328,0.04,,,
2166,2167,91558.9925,25:25:58.993,B,,,,0,0,0,5192,0.04,,,
2167,2169,91559.0325,25:25:59.033,B,,,,0,0,0,2762,0.04,,,
2168,2166,91559.0725,25:25:59.073,B,,,,0,0,0,13256,0.04,,,
2169,2171,91559.1125,25:25:59.113,B,,,,0,0,0,4349,0.04,,,
2170,2170,91559.1525,25:25:59.153,B,,,,0,0,0,9491,0.04,,,
2171,2172,91559.1925,25:25:59.193,B,,,,0,0,0,5591,0.04,,,
2172,2165,91559.2325,25:25:59.233,P,,,,0,0,0,58471,0.04,,,
2173,2176,91559.2725,25:25:59.273,B,,,,0,0,0,3799,0.04,,,
2174,2175,91559.3125,25:25:59.313,B,,,,0,0,0,5721,0.04,,,
2175,2177,91559.3525,25:25:59.353,B,,,,0,0,0,3294,0.04,,,
2176,2174,91559.3925,25:25:59.393,B,,,,0,0,0,15906,0.04,,,
2177,2179,91559.4325,25:25:59.433,B,,,,0,0,0,14142,0.04,,,
2178,2178,91559.4725,25:25:59.473,B,,,,0,0,0,14694,0.04,,,
2179,2180,91559.5125,25:25:59.513,B,,,,0,0,0,13774,0.04,,,
2180,2173,91559.5525,25:25:59.553,P,,,,0,0,0,40838,0.04,,,
2181,2183,91559.5925,25:25:59.593,B,,,,0,0,0,10140,0.04,,,
2182,2182,91559.6325,25:25:59.633,B,,,,0,0,0,14694,0.04,,,
2183,2181,91559.6725,25:25:59.673,P,,,,0,0,0,35246,0.04,,,
2184,2184,91559.7125,25:25:59.713,I,,1920,1080,0,1,1,131952,0.04,,,
2185,2188,91559.7525,25:25:59.753,B,,,,0,0,0,8816,0.04,,,
2186,2187,91559.7925,25:25:59.793,B,,,,0,0,0,17031,0.04,,,
2187,2189,91559.8325,25:25:59.833,B,,,,0,0,0,7258,0.04,,,
2188,2186,91559.8725,25:25:59.873,B,,,,0,0,0,29025,0.04,,,
2189,2191,91559.9125,25:25:59.913,B,,,,0,0,0,7127,0.04,,,
2190,2190,91559.9525,25:25:59.953,B,,,,0,0,0,12801,0.04,,,
2191,2192,91559.9925,25:25:59.993,B,,,,0,0,0,6675,0.04,,,
2192,2185,91560.0325,25:26:00.033,P,,,,0,0,0,69269,0.04,,,
2193,2196,91560.0725,25:26:00.073,B,,,,0,0,0,4473,0.04,,,
2194,2195,91560.1125,25:26:00.113,B,,,,0,0,0,9778,0.04,,,
2195,2197,91560.1525,25:26:00.153,B,,,,0,0,0,5286,0.04,,,
2196,2194,91560.1925,25:26:00.193,B,,,,0,0,0,21754,0.04,,,
2197,2199,91560.2325,25:26:00.233,B,,,,0,0,0,6405,0.04,,,
2198,2198,91560.2725,25:26:00.273,B,,,,0,0,0,13295,0.04,,,
2199,2200,91560.3125,25:26:00.313,B,,,,0,0,0,6686,0.04,,,
2200,2193,91560.3525,25:26:00.353,P,,,,0,0,0,69557,0.04,,,
2201,2204,91560.3925,25:26:00.393,B,,,,0,0,0,6475,0.04,,,
2202,2203,91560.4325,25:26:00.433,B,,,,0,0,0,13586,0.04,,,
2203,2205,91560.4725,25:26:00.473,B,,,,0,0,0,6855,0.04,,,
2204,2202,91560.5125,25:26:00.513,B,,,,0,0,0,23951,0.04,,,
2205,2207,91560.5525,25:26:00.553,B,,,,0,0,0,5982,0.04,,,
2206,2206,91560.5925,25:26:00.593,B,,,,0,0,0,11377,0.04,,,
2207,2208,91560.6325,25:26:00.633,B,,,,0,0,0,5202,0.04,,,
2208,2201,91560.6725,25:26:00.673,I,,1920,1080,0,0,1,132823,0.04,,,
2209,2212,91560.7125,25:26:00.713,B,,,,0,0,0,6014,0.04,,,
2210,2211,91560.7525,25:26:00.753,B,,,,0,0,0,12940,0.04,,,
2211,2213,91560.7925,25:26:00.793,B,,,,0,0,0,7547,0.04,,,
2212,2210,91560.8325,25:26:00.833,B,,,,0,0,0,26316,0.04,,,
2213,2215,91560.8725,25:26:00.873,B,,,,0,0,0,7254,0.04,,,
2214,2214,91560.9125,25:26:00.913,B,,,,0,0,0,15393,0.04,,,
2215,2216,91560.9525,25:26:00.953,B,,,,0,0,0,8226,0.04,,,
2216,2209,91560.9925,25:26:00.993,P,,,,0,0,0,70927,0.04,,,
2217,2220,91561.0325,25:26:01.033,B,,,,0,0,0,7616,0.04,,,
2218,2219,91561.0725,25:26:01.073,B,,,,0,0,0,13977,0.04,,,
2219,2221,91561.1125,25:26:01.113,B,,,,0,0,0,5850,0.04,,,
2220,2218,91561.1525,25:26:01.153,B,,,,0,0,0,21774,0.04,,,
2221,2223,91561.1925,25:26:01.193,B,,,,0,0,0,5169,0.04,,,
2222,2222,91561.2325,25:26:01.233,B,,,,0,0,0,10533,0.04,,,
2223,2224,91561.2725,25:26:01.273,B,,,,0,0,0,3636,0.04,,,
2224,2217,91561.3125,25:26:01.313,P,,,,0,0,0,71112,0.04,,,
2225,2228,91561.3525,25:26:01.353,B,,,,0,0,0,4264,0.04,,,
2226,2227,91561.3925,25:26:01.393,B,,,,0,0,0,9527,0.04,,,
2227,2229,91561.4325,25:26:01.433,B,,,,0,0,0,5680,0.04,,,
2228,2226,91561.4725,25:26:01.473,B,,,,0,0,0,15131,0.04,,,
2229,2231,91561.5125,25:26:01.513,B,,,,0,0,0,3713,0.04,,,
2230,2230,91561.5525,25:26:01.553,B,,,,0,0,0,7649,0.04,,,
2231,2232,91561.5925,25:26:01.593,B,,,,0,0,0,3549,0.04,,,
2232,2225,91561.6325,25:26:01.633,I,,1920,1080,0,0,1,133656,0.04,,,
2233,2236,91561.6725,25:26:01.673,B,,,,0,0,0,3155,0.04,,,
2234,2235,91561.7125,25:26:01.713,B,,,,0,0,0,5291,0.04,,,
2235,2234,91561.7525,25:26:01.753,B,,,,0,0,0,10699,0.04,,,
2236,2238,91561.7925,25:26:01.793,B,,,,0,0,0,4766,0.04,,,
2237,2237,91561.8325,25:26:01.833,B,,,,0,0,0,4681,0.04,,,
2238,2233,91561.8725,25:26:01.873,P,,,,0,0,0,35765,0.04,,,
2239,2239,91561.9125,25:26:01.913,I,,1920,1080,0,1,1,107454,0.04,,,
2240,2243,91561.9525,25:26:01.953,B,,,,0,0,0,5208,0.04,,,
2241,2242,91561.9925,25:26:01.993,B,,,,0,0,0,8046,0.04,,,
2242,2244,91562.0325,25:26:02.033,B,,,,0,0,0,5789,0.04,,,
2243,2241,91562.0725,25:26:02.073,B,,,,0,0,0,13687,0.04,,,
2244,2246,91562.1125,25:26:02.113,B,,,,0,0,0,4749,0.04,,,
2245,2245,91562.1525,25:26:02.153,B,,,,0,0,0,9900,0.04,,,
2246,2247,91562.1925,25:26:02.193,B,,,,0,0,0,4635,0.04,,,
2247,2240,91562.2325,25:26:02.233,P,,,,0,0,0,39000,0.04,,,
2248,2251,91562.2725,25:26:02.273,B,,,,0,0,0,3737,0.04,,,
2249,2250,91562.3125,25:26:02.313,B,,,,0,0,0,6602,0.04,,,
2250,2252,91562.3525,25:26:02.353,B,,,,0,0,0,3376,0.04,,,
2251,2249,91562.3925,25:26:02.393,B,,,,0,0,0,10323,0.04,,,
2252,2254,91562.4325,25:26:02.433,B,,,,0,0,0,16166,0.04,,,
2253,2253,91562.4725,25:26:02.473,B,,,,0,0,0,13782,0.04,,,
2254,2255,91562.5125,25:26:02.513,B,,,,0,0,0,15614,0.04,,,
2255,2248,91562.5525,25:26:02.553,P,,,,0,0,0,42395,0.04,,,
2256,2259,91562.5925,25:26:02.593,B,,,,0,0,0,3232,0.04,,,
2257,2258,91562.6325,25:26:02.633,B,,,,0,0,0,8178,0.04,,,
2258,2260,91562.6725,25:26:02.673,B,,,,0,0,0,4081,0.04,,,
2259,2257,91562.7125,25:26:02.713,B,,,,0,0,0,16836,0.04,,,
2260,2262,91562.7525,25:26:02.753,B,,,,0,0,0,6035,0.04,,,
2261,2261,91562.7925,25:26:02.793,B,,,,0,0,0,9952,0.04,,,
2262,2263,91562.8325,25:26:02.833,B,,,,0,0,0,4488,0.04,,,
2263,2256,91562.8725,25:26:02.873,I,,1920,1080,0,0,1,120340,0.04,,,
2264,2267,91562.9125,25:26:02.913,B,,,,0,0,0,4412,0.04,,,
2265,2266,91562.9525,25:26:02.953,B,,,,0,0,0,8356,0.04,,,
2266,2268,91562.9925,25:26:02.993,B,,,,0,0,0,4974,0.04,,,
2267,2265,91563.0325,25:26:03.033,B,,,,0,0,0,17332,0.04,,,
2268,2270,91563.0725,25:26:03.073,B,,,,0,0,0,5083,0.04,,,
2269,2269,91563.1125,25:26:03.113,B,,,,0,0,0,9839,0.04,,,
2270,2271,91563.1525,25:26:03.153,B,,,,0,0,0,4328,0.04,,,
2271,2264,91563.1925,25:26:03.193,P,,,,0,0,0,55531,0.04,,,
2272,2275,91563.2325,25:26:03.233,B,,,,0,0,0,4902,0.04,,,
2273,2274,91563.2725,25:26:03.273,B,,,,0,0,0,9236,0.04,,,
2274,2276,91563.3125,25:26:03.313,B,,,,0,0,0,4618,0.04,,,
2275,2273,91563.3525,25:26:03.353,B,,,,0,0,0,19234,0.04,,,
2276,2278,91563.3925,25:26:03.393,B,,,,0,0,0,4287,0.04,,,
2277,2277,91563.4325,25:26:03.433,B,,,,0,0,0,9870,0.04,,,
2278,2279,91563.4725,25:26:03.473,B,,,,0,0,0,4027,0.04,,,
2279,2272,91563.5125,25:26:03.513,P,,,,0,0,0,61316,0.04,,,
2280,2283,91563.5525,25:26:03.553,B,,,,0,0,0,3368,0.04,,,
2281,2282,91563.5925,25:26:03.593,B,,,,0,0,0,7539,0.04,,,
2282,2284,91563.6325,25:26:03.633,B,,,,0,0,0,3310,0.04,,,
2283,2281,91563.6725,25:26:03.673,B,,,,0,0,0,13833,0.04,,,
2284,2286,91563.7125,25:26:03.713,B,,,,0,0,0,3482,0.04,,,
2285,2285,91563.7525,25:26:03.753,B,,,,0,0,0,5063,0.04,,,
2286,2287,91563.7925,25:26:03.793,B,,,,0,0,0,2937,0.04,,,
2287,2280,91563.8325,25:26:03.833,I,,1920,1080,0,0,1,103320,0.04,,,
2288,2291,91563.8725,25:26:03.873,B,,,,0,0,0,2190,0.04,,,
2289,2290,91563.9125,25:26:03.913,B,,,,0,0,0,4990,0.04,,,
2290,2292,91563.9525,25:26:03.953,B,,,,0,0,0,2200,0.04,,,
2291,2289,91563.9925,25:26:03.993,B,,,,0,0,0,11899,0.04,,,
2292,2294,91564.0325,25:26:04.033,B,,,,0,0,0,2391,0.04,,,
2293,2293,91564.0725,25:26:04.073,B,,,,0,0,0,5593,0.04,,,
2294,2295,91564.1125,25:26:04.113,B,,,,0,0,0,7710,0.04,,,
2295,2288,91564.1525,25:26:04.153,P,,,,0,0,0,44082,0.04,,,
2296,2298,91564.1925,25:26:04.193,B,,,,0,0,0,15798,0.04,,,
2297,2297,91564.2325,25:26:04.233,B,,,,0,0,0,4950,0.04,,,
2298,2296,91564.2725,25:26:04.273,P,,,,0,0,0,26560,0.04,,,
2299,2299,91564.3125,25:26:04.313,I,,1920,1080,0,1,1,163090,0.04,,,
2300,2303,91564.3525,25:26:04.353,B,,,,0,0,0,11516,0.04,,,
2301,2302,91564.3925,25:26:04.393,B,,,,0,0,0,21010,0.04,,,
2302,2304,91564.4325,25:26:04.433,B,,,,0,0,0,9848,0.04,,,
2303,2301,91564.4725,25:26:04.473,B,,,,0,0,0,34065,0.04,,,
2304,2306,91564.5125,25:26:04.513,B,,,,0,0,0,9179,0.04,,,
2305,2305,91564.5525,25:26:04.553,B,,,,0,0,0,14711,0.04,,,
2306,2307,91564.5925,25:26:04.593,B,,,,0,0,0,7219,0.04,,,
2307,2300,91564.6325,25:26:04.633,P,,,,0,0,0,80750,0.04,,,
2308,2311,91564.6725,25:26:04.673,B,,,,0,0,0,6076,0.04,,,
2309,2310,91564.7125,25:26:04.713,B,,,,0,0,0,12413,0.04,,,
2310,2312,91564.7525,25:26:04.753,B,,,,0,0,0,5914,0.04,,,
2311,2309,91564.7925,25:26:04.793,B,,,,0,0,0,23017,0.04,,,
2312,2314,91564.8325,25:26:04.833,B,,,,0,0,0,5711,0.04,,,
2313,2313,91564.8725,25:26:04.873,B,,,,0,0,0,11732,0.04,,,
2314,2315,91564.9125,25:26:04.913,B,,,,0,0,0,5552,0.04,,,
2315,2308,91564.9525,25:26:04.953,P,,,,0,0,0,72181,0.04,,,
2316,2319,91564.9925,25:26:04.993,B,,,,0,0,0,4424,0.04,,,
2317,2318,91565.0325,25:26:05.033,B,,,,0,0,0,9918,0.04,,,
2318,2320,91565.0725,25:26:05.073,B,,,,0,0,0,4782,0.04,,,
2319,2317,91565.1125,25:26:05.113,B,,,,0,0,0,15041,0.04,,,
2320,2322,91565.1525,25:26:05.153,B,,,,0,0,0,4771,0.04,,,
2321,2321,91565.1925,25:26:05.193,B,,,,0,0,0,9346,0.04,,,
2322,2323,91565.2325,25:26:05.233,B,,,,0,0,0,4424,0.04,,,
2323,2316,91565.2725,25:26:05.273,I,,1920,1080,0,0,1,167756,0.04,,,
2324,2327,91565.3125,25:26:05.313,B,,,,0,0,0,3963,0.04,,,
2325,2326,91565.3525,25:26:05.353,B,,,,0,0,0,9041,0.04,,,
2326,2328,91565.3925,25:26:05.393,B,,,,0,0,0,17830,0.04,,,
2327,2325,91565.4325,25:26:05.433,B,,,,0,0,0,15968,0.04,,,
2328,2330,91565.4725,25:26:05.473,B,,,,0,0,0,24262,0.04,,,
2329,2329,91565.5125,25:26:05.513,B,,,,0,0,0,24078,0.04,,,
2330,2331,91565.5525,25:26:05.553,B,,,,0,0,0,24078,0.04,,,
2331,2324,91565.5925,25:26:05.593,P,,,,0,0,0,60397,0.04,,,
2332,2335,91565.6325,25:26:05.633,B,,,,0,0,0,16547,0.04,,,
2333,2334,91565.6725,25:26:05.673,B,,,,0,0,0,6705,0.04,,,
2334,2336,91565.7125,25:26:05.713,B,,,,0,0,0,21502,0.04,,,
2335,2333,91565.7525,25:26:05.753,B,,,,0,0,0,13281,0.04,,,
2336,2338,91565.7925,25:26:05.793,B,,,,0,0,0,20766,0.04,,,
2337,2337,91565.8325,25:26:05.833,B,,,,0,0,0,21502,0.04,,,
2338,2339,91565.8725,25:26:05.873,B,,,,0,0,0,19294,0.04,,,
2339,2332,91565.9125,25:26:05.913,P,,,,0,0,0,54917,0.04,,,
2340,2343,91565.9525,25:26:05.953,B,,,,0,0,0,2428,0.04,,,
2341,2342,91565.9925,25:26:05.993,B,,,,0,0,0,5194,0.04,,,
2342,2344,91566.0325,25:26:06.033,B,,,,0,0,0,2075,0.04,,,
2343,2341,91566.0725,25:26:06.073,B,,,,0,0,0,11793,0.04,,,
2344,2346,91566.1125,25:26:06.113,B,,,,0,0,0,2697,0.04,,,
2345,2345,91566.1525,25:26:06.153,B,,,,0,0,0,6678,0.04,,,
2346,2347,91566.1925,25:26:06.193,B,,,,0,0,0,4699,0.04,,,
2347,2340,91566.2325,25:26:06.233,I,,1920,1080,0,0,1,147192,0.04,,,
2348,2351,91566.2725,25:26:06.273,B,,,,0,0,0,5620,0.04,,,
2349,2350,91566.3125,25:26:06.313,B,,,,0,0,0,13109,0.04,,,
2350,2352,91566.3525,25:26:06.353,B,,,,0,0,0,6931,0.04,,,
2351,2349,91566.3925,25:26:06.393,B,,,,0,0,0,28996,0.04,,,
2352,2354,91566.4325,25:26:06.433,B,,,,0,0,0,7563,0.04,,,
2353,2353,91566.4725,25:26:06.473,B,,,,0,0,0,16691,0.04,,,
2354,2355,91566.5125,25:26:06.513,B,,,,0,0,0,8003,0.04,,,
2355,2348,91566.5525,25:26:06.553,P,,,,0,0,0,60256,0.04,,,
2356,2359,91566.5925,25:26:06.593,B,,,,0,0,0,8441,0.04,,,
2357,2358,91566.6325,25:26:06.633,B,,,,0,0,0,17222,0.04,,,
2358,2360,91566.6725,25:26:06.673,B,,,,0,0,0,8279,0.04,,,
2359,2357,91566.7125,25:26:06.713,B,,,,0,0,0,31439,0.04,,,
2360,2362,91566.7525,25:26:06.753,B,,,,0,0,0,7688,0.04,,,
2361,2361,91566.7925,25:26:06.793,B,,,,0,0,0,14753,0.04,,,
2362,2363,91566.8325,25:26:06.833,B,,,,0,0,0,6297,0.04,,,
2363,2356,91566.8725,25:26:06.873,P,,,,0,0,0,60565,0.04,,,
2364,2367,91566.9125,25:26:06.913,B,,,,0,0,0,5378,0.04,,,
2365,2366,91566.9525,25:26:06.953,B,,,,0,0,0,11183,0.04,,,
2366,2368,91566.9925,25:26:06.993,B,,,,0,0,0,5812,0.04,,,
2367,2365,91567.0325,25:26:07.033,B,,,,0,0,0,20422,0.04,,,
2368,2370,91567.0725,25:26:07.073,B,,,,0,0,0,5776,0.04,,,
2369,2369,91567.1125,25:26:07.113,B,,,,0,0,0,10915,0.04,,,
2370,2371,91567.1525,25:26:07.153,B,,,,0,0,0,5443,0.04,,,
2371,2364,91567.1925,25:26:07.193,I,,1920,1080,0,0,1,127837,0.04,,,
2372,2375,91567.2325,25:26:07.233,B,,,,0,0,0,4526,0.04,,,
2373,2374,91567.2725,25:26:07.273,B,,,,0,0,0,9438,0.04,,,
2374,2376,91567.3125,25:26:07.313,B,,,,0,0,0,4654,0.04,,,
2375,2373,91567.3525,25:26:07.353,B,,,,0,0,0,15559,0.04,,,
2376,2378,91567.3925,25:26:07.393,B,,,,0,0,0,5389,0.04,,,
2377,2377,91567.4325,25:26:07.433,B,,,,0,0,0,9411,0.04,,,
2378,2379,91567.4725,25:26:07.473,B,,,,0,0,0,6068,0.04,,,
2379,2372,91567.5125,25:26:07.513,P,,,,0,0,0,60500,0.04,,,
2380,2383,91567.5525,25:26:07.553,B,,,,0,0,0,5353,0.04,,,
2381,2382,91567.5925,25:26:07.593,B,,,,0,0,0,10505,0.04,,,
2382,2384,91567.6325,25:26:07.633,B,,,,0,0,0,5616,0.04,,,
2383,2381,91567.6725,25:26:07.673,B,,,,0,0,0,14235,0.04,,,
2384,2386,91567.7125,25:26:07.713,B,,,,0,0,0,4180,0.04,,,
2385,2385,91567.7525,25:26:07.753,B,,,,0,0,0,7581,0.04,,,
2386,2387,91567.7925,25:26:07.793,B,,,,0,0,0,3536,0.04,,,
2387,2380,91567.8325,25:26:07.833,P,,,,0,0,0,55712,0.04,,,
2388,2391,91567.8725,25:26:07.873,B,,,,0,0,0,3097,0.04,,,
2389,2390,91567.9125,25:26:07.913,B,,,,0,0,0,4371,0.04,,,
2390,2389,91567.9525,25:26:07.953,B,,,,0,0,0,9968,0.04,,,
2391,2393,91567.9925,25:26:07.993,B,,,,0,0,0,17086,0.04,,,
2392,2392,91568.0325,25:26:08.033,B,,,,0,0,0,10470,0.04,,,
2393,2388,91568.0725,25:26:08.073,P,,,,0,0,0,30872,0.04,,,
2394,2394,91568.1125,25:26:08.113,I,,1920,1080,0,1,1,88605,0.04,,,
2395,2398,91568.1525,25:26:08.153,B,,,,0,0,0,15038,0.04,,,
2396,2397,91568.1925,25:26:08.193,B,,,,0,0,0,27743,0.04,,,
2397,2399,91568.2325,25:26:08.233,B,,,,0,0,0,14655,0.04,,,
2398,2396,91568.2725,25:26:08.273,B,,,,0,0,0,46281,0.04,,,
2399,2401,91568.3125,25:26:08.313,B,,,,0,0,0,14408,0.04,,,
2400,2400,91568.3525,25:26:08.353,B,,,,0,0,0,24368,0.04,,,
2401,2402,91568.3925,25:26:08.393,B,,,,0,0,0,13487,0.04,,,
2402,2395,91568.4325,25:26:08.433,P,,,,0,0,0,76487,0.04,,,
2403,2406,91568.4725,25:26:08.473,B,,,,0,0,0,14170,0.04,,,
2404,2405,91568.5125,25:26:08.513,B,,,,0,0,0,25972,0.04,,,
2405,2407,91568.5525,25:26:08.553,B,,,,0,0,0,16851,0.04,,,
2406,2404,91568.5925,25:26:08.593,B,,,,0,0,0,42548,0.04,,,
2407,2409,91568.6325,25:26:08.633,B,,,,0,0,0,15793,0.04,,,
2408,2408,91568.6725,25:26:08.673,B,,,,0,0,0,27949,0.04,,,
2409,2410,91568.7125,25:26:08.713,B,,,,0,0,0,17300,0.04,,,
2410,2403,91568.7525,25:26:08.753,P,,,,0,0,0,65611,0.04,,,
2411,2414,91568.7925,25:26:08.793,B,,,,0,0,0,21343,0.04,,,
2412,2413,91568.8325,25:26:08.833,B,,,,0,0,0,30230,0.04,,,
2413,2415,91568.8725,25:26:08.873,B,,,,0,0,0,18332,0.04,,,
2414,2412,91568.9125,25:26:08.913,B,,,,0,0,0,46914,0.04,,,
2415,2417,91568.9525,25:26:08.953,B,,,,0,0,0,17934,0.04,,,
2416,2416,91568.9925,25:26:08.993,B,,,,0,0,0,27930,0.04,,,
2417,2418,91569.0325,25:26:09.033,B,,,,0,0,0,16597,0.04,,,
2418,2411,91569.0725,25:26:09.073,I,,1920,1080,0,0,1,63826,0.04,,,
2419,2422,91569.1125,25:26:09.113,B,,,,0,0,0,16696,0.04,,,
2420,2421,91569.1525,25:26:09.153,B,,,,0,0,0,27066,0.04,,,
2421,2423,91569.1925,25:26:09.193,B,,,,0,0,0,16976,0.04,,,
2422,2420,91569.2325,25:26:09.233,B,,,,0,0,0,42909,0.04,,,
2423,2425,91569.2725,25:26:09.273,B,,,,0,0,0,18519,0.04,,,
2424,2424,91569.3125,25:26:09.313,B,,,,0,0,0,29568,0.04,,,
2425,2426,91569.3525,25:26:09.353,B,,,,0,0,0,17783,0.04,,,
2426,2419,91569.3925,25:26:09.393,P,,,,0,0,0,66371,0.04,,,
2427,2430,91569.4325,25:26:09.433,B,,,,0,0,0,16895,0.04,,,
2428,2429,91569.4725,25:26:09.473,B,,,,0,0,0,24430,0.04,,,
2429,2431,91569.5125,25:26:09.513,B,,,,0,0,0,13825,0.04,,,
2430,2428,91569.5525,25:26:09.553,B,,,,0,0,0,32877,0.04,,,
2431,2433,91569.5925,25:26:09.593,B,,,,0,0,0,13339,0.04,,,
2432,2432,91569.6325,25:26:09.633,B,,,,0,0,0,15922,0.04,,,
2433,2427,91569.6725,25:26:09.673,P,,,,0,0,0,66457,0.04,,,
2434,2435,91569.7125,25:26:09.713,B,,,,0,0,0,13693,0.04,,,
2435,2434,91569.7525,25:26:09.753,P,,,,0,0,0,46199,0.04,,,
2436,2437,91569.7925,25:26:09.793,B,,,,0,0,0,15653,0.04,,,
2437,2436,91569.8325,25:26:09.833,P,,,,0,0,0,50917,0.04,,,
2438,2441,91569.8725,25:26:09.873,B,,,,0,0,0,16684,0.04,,,
2439,2440,91569.9125,25:26:09.913,B,,,,0,0,0,21023,0.04,,,
2440,2439,91569.9525,25:26:09.953,B,,,,0,0,0,32867,0.04,,,
2441,2443,91569.9925,25:26:09.993,B,,,,0,0,0,13353,0.04,,,
2442,2442,91570.0325,25:26:10.033,B,,,,0,0,0,17928,0.04,,,
2443,2438,91570.0725,25:26:10.073,I,,1920,1080,0,0,1,73951,0.04,,,
2444,2444,91570.1125,25:26:10.113,P,,,,0,0,0,41477,0.04,,,
2445,2445,91570.1525,25:26:10.153,P,,,,0,0,0,43903,0.04,,,
2446,2446,91570.1925,25:26:10.193,P,,,,0,0,0,38746,0.04,,,
2447,2447,91570.2325,25:26:10.233,I,,1920,1080,0,1,1,147017,0.04,,,
2448,2451,91570.2725,25:26:10.273,B,,,,0,0,0,5408,0.04,,,
2449,2450,91570.3125,25:26:10.313,B,,,,0,0,0,11121,0.04,,,
2450,2452,91570.3525,25:26:10.353,B,,,,0,0,0,5077,0.04,,,
2451,2449,91570.3925,25:26:10.393,B,,,,0,0,0,14830,0.04,,,
2452,2454,91570.4325,25:26:10.433,B,,,,0,0,0,4248,0.04,,,
2453,2453,91570.4725,25:26:10.473,B,,,,0,0,0,7559,0.04,,,
2454,2455,91570.5125,25:26:10.513,B,,,,0,0,0,3029,0.04,,,
2455,2448,91570.5525,25:26:10.553,P,,,,0,0,0,57631,0.04,,,
2456,2459,91570.5925,25:26:10.593,B,,,,0,0,0,2571,0.04,,,
2457,2458,91570.6325,25:26:10.633,B,,,,0,0,0,6194,0.04,,,
2458,2460,91570.6725,25:26:10.673,B,,,,0,0,0,2771,0.04,,,
2459,2457,91570.7125,25:26:10.713,B,,,,0,0,0,10992,0.04,,,
2460,2462,91570.7525,25:26:10.753,B,,,,0,0,0,2595,0.04,,,
2461,2461,91570.7925,25:26:10.793,B,,,,0,0,0,6516,0.04,,,
2462,2463,91570.8325,25:26:10.833,B,,,,0,0,0,2144,0.04,,,
2463,2456,91570.8725,25:26:10.873,P,,,,0,0,0,44295,0.04,,,
2464,2467,91570.9125,25:26:10.913,B,,,,0,0,0,2873,0.04,,,
2465,2466,91570.9525,25:26:10.953,B,,,,0,0,0,7385,0.04,,,
2466,2468,91570.9925,25:26:10.993,B,,,,0,0,0,2436,0.04,,,
2467,2465,91571.0325,25:26:11.033,B,,,,0,0,0,14894,0.04,,,
2468,2470,91571.0725,25:26:11.073,B,,,,0,0,0,3925,0.04,,,
2469,2469,91571.1125,25:26:11.113,B,,,,0,0,0,9243,0.04,,,
2470,2471,91571.1525,25:26:11.153,B,,,,0,0,0,4469,0.04,,,
2471,2464,91571.1925,25:26:11.193,I,,1920,1080,0,0,1,147275,0.04,,,
2472,2475,91571.2325,25:26:11.233,B,,,,0,0,0,4318,0.04,,,
2473,2474,91571.2725,25:26:11.273,B,,,,0,0,0,11379,0.04,,,
2474,2476,91571.3125,25:26:11.313,B,,,,0,0,0,4616,0.04,,,
2475,2473,91571.3525,25:26:11.353,B,,,,0,0,0,19977,0.04,,,
2476,2478,91571.3925,25:26:11.393,B,,,,0,0,0,4268,0.04,,,
2477,2477,91571.4325,25:26:11.433,B,,,,0,0,0,9833,0.04,,,
2478,2479,91571.4725,25:26:11.473,B,,,,0,0,0,10654,0.04,,,
2479,2472,91571.5125,25:26:11.513,P,,,,0,0,0,62601,0.04,,,
2480,2483,91571.5525,25:26:11.553,B,,,,0,0,0,4526,0.04,,,
2481,2482,91571.5925,25:26:11.593,B,,,,0,0,0,10352,0.04,,,
2482,2484,91571.6325,25:26:11.633,B,,,,0,0,0,4404,0.04,,,
2483,2481,91571.6725,25:26:11.673,B,,,,0,0,0,18933,0.04,,,
2484,2486,91571.7125,25:26:11.713,B,,,,0,0,0,5870,0.04,,,
2485,2485,91571.7525,25:26:11.753,B,,,,0,0,0,10151,0.04,,,
2486,2487,91571.7925,25:26:11.793,B,,,,0,0,0,17638,0.04,,,
2487,2480,91571.8325,25:26:11.833,P,,,,0,0,0,67430,0.04,,,
2488,2491,91571.8725,25:26:11.873,B,,,,0,0,0,3345,0.04,,,
2489,2490,91571.9125,25:26:11.913,B,,,,0,0,0,8734,0.04,,,
2490,2492,91571.9525,25:26:11.953,B,,,,0,0,0,3152,0.04,,,
2491,2489,91571.9925,25:26:11.993,B,,,,0,0,0,13286,0.04,,,
2492,2494,91572.0325,25:26:12.033,B,,,,0,0,0,2847,0.04,,,
2493,2493,91572.0725,25:26:12.073,B,,,,0,0,0,6199,0.04,,,
2494,2495,91572.1125,25:26:12.113,B,,,,0,0,0,3084,0.04,,,
2495,2488,91572.1525,25:26:12.153,I,,1920,1080,0,0,1,116789,0.04,,,
2496,2498,91572.1925,25:26:12.193,B,,,,0,0,0,2457,0.04,,,
2497,2497,91572.2325,25:26:12.233,B,,,,0,0,0,4423,0.04,,,
2498,2496,91572.2725,25:26:12.273,P,,,,0,0,0,33482,0.04,,,
2499,2499,91572.3125,25:26:12.313,I,,1920,1080,0,1,1,117367,0.04,,,
2500,2503,91572.3525,25:26:12.353,B,,,,0,0,0,8483,0.04,,,
2501,2502,91572.3925,25:26:12.393,B,,,,0,0,0,11826,0.04,,,
2502,2504,91572.4325,25:26:12.433,B,,,,0,0,0,5965,0.04,,,
2503,2501,91572.4725,25:26:12.473,B,,,,0,0,0,16592,0.04,,,
2504,2506,91572.5125,25:26:12.513,B,,,,0,0,0,6527,0.04,,,
2505,2505,91572.5525,25:26:12.553,B,,,,0,0,0,8695,0.04,,,
2506,2507,91572.5925,25:26:12.593,B,,,,0,0,0,6259,0.04,,,
2507,2500,91572.6325,25:26:12.633,P,,,,0,0,0,59600,0.04,,,
2508,2511,91572.6725,25:26:12.673,B,,,,0,0,0,5318,0.04,,,
2509,2510,91572.7125,25:26:12.713,B,,,,0,0,0,8507,0.04,,,
2510,2512,91572.7525,25:26:12.753,B,,,,0,0,0,4531,0.04,,,
2511,2509,91572.7925,25:26:12.793,B,,,,0,0,0,11285,0.04,,,
2512,2514,91572.8325,25:26:12.833,B,,,,0,0,0,4742,0.04,,,
2513,2513,91572.8725,25:26:12.873,B,,,,0,0,0,6157,0.04,,,
2514,2515,91572.9125,25:26:12.913,B,,,,0,0,0,2904,0.04,,,
2515,2508,91572.9525,25:26:12.953,P,,,,0,0,0,52798,0.04,,,
2516,2519,91572.9925,25:26:12.993,B,,,,0,0,0,3619,0.04,,,
2517,2518,91573.0325,25:26:13.033,B,,,,0,0,0,6061,0.04,,,
2518,2520,91573.0725,25:26:13.073,B,,,,0,0,0,2973,0.04,,,
2519,2517,91573.1125,25:26:13.113,B,,,,0,0,0,12073,0.04,,,
2520,2522,91573.1525,25:26:13.153,B,,,,0,0,0,5244,0.04,,,
2521,2521,91573.1925,25:26:13.193,B,,,,0,0,0,8549,0.04,,,
2522,2523,91573.2325,25:26:13.233,B,,,,0,0,0,4247,0.04,,,
2523,2516,91573.2725,25:26:13.273,I,,1920,1080,0,0,1,137058,0.04,,,
2524,2527,91573.3125,25:26:13.313,B,,,,0,0,0,4621,0.04,,,
2525,2526,91573.3525,25:26:13.353,B,,,,0,0,0,7757,0.04,,,
2526,2528,91573.3925,25:26:13.393,B,,,,0,0,0,4487,0.04,,,
2527,2525,91573.4325,25:26:13.433,B,,,,0,0,0,13976,0.04,,,
2528,2530,91573.4725,25:26:13.473,B,,,,0,0,0,5134,0.04,,,
2529,2529,91573.5125,25:26:13.513,B,,,,0,0,0,7557,0.04,,,
2530,2531,91573.5525,25:26:13.553,B,,,,0,0,0,18374,0.04,,,
2531,2524,91573.5925,25:26:13.593,P,,,,0,0,0,62850,0.04,,,
2532,2534,91573.6325,25:26:13.633,B,,,,0,0,0,6874,0.04,,,
2533,2533,91573.6725,25:26:13.673,B,,,,0,0,0,12090,0.04,,,
2534,2535,91573.7125,25:26:13.713,B,,,,0,0,0,7625,0.04,,,
2535,2532,91573.7525,25:26:13.753,P,,,,0,0,0,52112,0.04,,,
2536,2536,91573.7925,25:26:13.793,I,,1920,1080,0,1,1,98785,0.04,,,
2537,2540,91573.8325,25:26:13.833,B,,,,0,0,0,3924,0.04,,,
2538,2539,91573.8725,25:26:13.873,B,,,,0,0,0,6279,0.04,,,
2539,2541,91573.9125,25:26:13.913,B,,,,0,0,0,4593,0.04,,,
2540,2538,91573.9525,25:26:13.953,B,,,,0,0,0,7926,0.04,,,
2541,2543,91573.9925,25:26:13.993,B,,,,0,0,0,5430,0.04,,,
2542,2542,91574.0325,25:26:14.033,B,,,,0,0,0,8922,0.04,,,
2543,2544,91574.0725,25:26:14.073,B,,,,0,0,0,8494,0.04,,,
2544,2537,91574.1125,25:26:14.113,P,,,,0,0,0,31958,0.04,,,
2545,2548,91574.1525,25:26:14.153,B,,,,0,0,0,6085,0.04,,,
2546,2547,91574.1925,25:26:14.193,B,,,,0,0,0,5939,0.04,,,
2547,2549,91574.2325,25:26:14.233,B,,,,0,0,0,6231,0.04,,,
2548,2546,91574.2725,25:26:14.273,B,,,,0,0,0,12601,0.04,,,
2549,2551,91574.3125,25:26:14.313,B,,,,0,0,0,4222,0.04,,,
2550,2550,91574.3525,25:26:14.353,B,,,,0,0,0,9581,0.04,,,
2551,2552,91574.3925,25:26:14.393,B,,,,0,0,0,2595,0.04,,,
2552,2545,91574.4325,25:26:14.433,P,,,,0,0,0,85114,0.04,,,
2553,2556,91574.4725,25:26:14.473,B,,,,0,0,0,3546,0.04,,,
2554,2555,91574.5125,25:26:14.513,B,,,,0,0,0,4331,0.04,,,
2555,2557,91574.5525,25:26:14.553,B,,,,0,0,0,3306,0.04,,,
2556,2554,91574.5925,25:26:14.593,B,,,,0,0,0,11788,0.04,,,
2557,2559,91574.6325,25:26:14.633,B,,,,0,0,0,4343,0.04,,,
2558,2558,91574.6725,25:26:14.673,B,,,,0,0,0,8242,0.04,,,
2559,2560,91574.7125,25:26:14.713,B,,,,0,0,0,5282,0.04,,,
2560,2553,91574.7525,25:26:14.753,I,,1920,1080,0,0,1,118446,0.04,,,
2561,2564,91574.7925,25:26:14.793,B,,,,0,0,0,4260,0.04,,,
2562,2563,91574.8325,25:26:14.833,B,,,,0,0,0,7370,0.04,,,
2563,2565,91574.8725,25:26:14.873,B,,,,0,0,0,4673,0.04,,,
2564,2562,91574.9125,25:26:14.913,B,,,,0,0,0,15886,0.04,,,
2565,2567,91574.9525,25:26:14.953,B,,,,0,0,0,3011,0.04,,,
2566,2566,91574.9925,25:26:14.993,B,,,,0,0,0,5669,0.04,,,
2567,2561,91575.0325,25:26:15.033,P,,,,0,0,0,56766,0.04,,,
2568,2568,91575.0725,25:26:15.073,I,,1920,1080,0,1,1,54959,0.04,,,
2569,2569,91575.0925,25:26:15.093,P,场,,,0,0,0,23453,0.04,,,场/帧模式切换
2570,2573,91575.1125,25:26:15.113,B,帧,,,0,0,0,4168,0.04,,,场/帧模式切换
2571,2572,91575.1525,25:26:15.153,B,帧,,,0,0,0,5804,0.04,,,
2572,2571,91575.1925,25:26:15.193,B,帧,,,0,0,0,13877,0.04,,,
2573,2574,91575.2325,25:26:15.233,B,帧,,,0,0,0,3979,0.04,,,
2574,2570,91575.2725,25:26:15.273,P,帧,,,0,0,0,50389,0.04,,,
2575,2578,91575.3125,25:26:15.313,B,帧,,,0,0,0,3609,0.04,,,
2576,2577,91575.3525,25:26:15.353,B,帧,,,0,0,0,4167,0.04,,,
2577,2576,91575.3925,25:26:15.393,B,帧,,,0,0,0,14987,0.04,,,
2578,2580,91575.4325,25:26:15.433,B,帧,,,0,0,0,2498,0.04,,,
2579,2579,91575.4725,25:26:15.473,B,帧,,,0,0,0,4664,0.04,,,
2580,2575,91575.5125,25:26:15.513,P,帧,,,0,0,0,42570,0.04,,,
2581,2581,91575.5525,25:26:15.553,I,,1920,1080,0,1,1,119853,0.04,,,
2582,2585,91575.5925,25:26:15.593,B,帧,,,0,0,0,5016,0.04,,,
2583,2584,91575.6325,25:26:15.633,B,帧,,,0,0,0,7799,0.04,,,
2584,2586,91575.6725,25:26:15.673,B,帧,,,0,0,0,6587,0.04,,,
2585,2583,91575.7125,25:26:15.713,B,帧,,,0,0,0,10531,0.04,,,
2586,2588,91575.7525,25:26:15.753,B,帧,,,0,0,0,5951,0.04,,,
2587,2587,91575.7925,25:26:15.793,B,帧,,,0,0,0,8878,0.04,,,
2588,2589,91575.8325,25:26:15.833,B,帧,,,0,0,0,5277,0.04,,,
2589,2582,91575.8725,25:26:15.873,P,帧,,,0,0,0,35332,0.04,,,
2590,2593,91575.9125,25:26:15.913,B,帧,,,0,0,0,4246,0.04,,,
2591,2592,91575.9525,25:26:15.953,B,帧,,,0,0,0,6865,0.04,,,
2592,2594,91575.9925,25:26:15.993,B,帧,,,0,0,0,3953,0.04,,,
2593,2591,91576.0325,25:26:16.033,B,帧,,,0,0,0,10639,0.04,,,
2594,2596,91576.0725,25:26:16.073,B,帧,,,0,0,0,4323,0.04,,,
2595,2595,91576.1125,25:26:16.113,B,帧,,,0,0,0,6463,0.04,,,
2596,2597,91576.1525,25:26:16.153,B,帧,,,0,0,0,4159,0.04,,,
2597,2590,91576.1925,25:26:16.193,P,帧,,,0,0,0,48510,0.04,,,
2598,2601,91576.2325,25:26:16.233,B,帧,,,0,0,0,4841,0.04,,,
2599,2600,91576.2725,25:26:16.273,B,帧,,,0,0,0,8704,0.04,,,
2600,2602,91576.3125,25:26:16.313,B,帧,,,0,0,0,5064,0.04,,,
2601,2599,91576.3525,25:26:16.353,B,帧,,,0,0,0,13083,0.04,,,
2602,2604,91576.3925,25:26:16.393,B,帧,,,0,0,0,4967,0.04,,,
2603,2603,91576.4325,25:26:16.433,B,帧,,,0,0,0,7840,0.04,,,
2604,2605,91576.4725,25:26:16.473,B,帧,,,0,0,0,4226,0.04,,,
2605,2598,91576.5125,25:26:16.513,I,帧,1920,1080,0,0,1,139341,0.04,,,
2606,2609,91576.5525,25:26:16.553,B,帧,,,0,0,0,4730,0.04,,,
2607,2608,91576.5925,25:26:16.593,B,帧,,,0,0,0,6553,0.04,,,
2608,2610,91576.6325,25:26:16.633,B,帧,,,0,0,0,4450,0.04,,,
2609,2607,91576.6725,25:26:16.673,B,帧,,,0,0,0,11369,0.04,,,
2610,2612,91576.7125,25:26:16.713,B,帧,,,0,0,0,5139,0.04,,,
2611,2611,91576.7525,25:26:16.753,B,帧,,,0,0,0,7928,0.04,,,
2612,2613,91576.7925,25:26:16.793,B,帧,,,0,0,0,5671,0.04,,,
2613,2606,91576.8325,25:26:16.833,P,帧,,,0,0,0,50269,0.04,,,
2614,2617,91576.8725,25:26:16.873,B,帧,,,0,0,0,5657,0.04,,,
2615,2616,91576.9125,25:26:16.913,B,帧,,,0,0,0,9348,0.04,,,
2616,2618,91576.9525,25:26:16.953,B,帧,,,0,0,0,4164,0.04,,,
2617,2615,91576.9925,25:26:16.993,B,帧,,,0,0,0,14404,0.04,,,
2618,2620,91577.0325,25:26:17.033,B,帧,,,0,0,0,4266,0.04,,,
2619,2619,91577.0725,25:26:17.073,B,帧,,,0,0,0,7725,0.04,,,
2620,2621,91577.1125,25:26:17.113,B,帧,,,0,0,0,4025,0.04,,,
2621,2614,91577.1525,25:26:17.153,P,帧,,,0,0,0,50923,0.04,,,
2622,2625,91577.1925,25:26:17.193,B,帧,,,0,0,0,3942,0.04,,,
2623,2624,91577.2325,25:26:17.233,B,帧,,,0,0,0,6561,0.04,,,
2624,2626,91577.2725,25:26:17.273,B,帧,,,0,0,0,5299,0.04,,,
2625,2623,91577.3125,25:26:17.313,B,帧,,,0,0,0,12100,0.04,,,
2626,2628,91577.3525,25:26:17.353,B,帧,,,0,0,0,4483,0.04,,,
2627,2627,91577.3925,25:26:17.393,B,帧,,,0,0,0,6689,0.04,,,
2628,2629,91577.4325,25:26:17.433,B,帧,,,0,0,0,3790,0.04,,,
2629,2622,91577.4725,25:26:17.473,I,帧,1920,1080,0,0,1,116213,0.04,,,
2630,2633,91577.5125,25:26:17.513,B,帧,,,0,0,0,3881,0.04,,,
2631,2632,91577.5525,25:26:17.553,B,帧,,,0,0,0,6205,0.04,,,
2632,2634,91577.5925,25:26:17.593,B,帧,,,0,0,0,4025,0.04,,,
2633,2631,91577.6325,25:26:17.633,B,帧,,,0,0,0,10826,0.04,,,
2634,2636,91577.6725,25:26:17.673,B,帧,,,0,0,0,4642,0.04,,,
2635,2635,91577.7125,25:26:17.713,B,帧,,,0,0,0,6968,0.04,,,
2636,2637,91577.7525,25:26:17.753,B,帧,,,0,0,0,4823,0.04,,,
2637,2630,91577.7925,25:26:17.793,P,帧,,,0,0,0,42376,0.04,,,
2638,2638,91577.8325,25:26:17.833,I,,1920,1080,0,1,1,82440,0.04,,,
2639,2642,91577.8725,25:26:17.873,B,,,,0,0,0,8798,0.04,,,
2640,2641,91577.9125,25:26:17.913,B,,,,0,0,0,12169,0.04,,,
2641,2643,91577.9525,25:26:17.953,B,,,,0,0,0,6286,0.04,,,
2642,2640,91577.9925,25:26:17.993,B,,,,0,0,0,26018,0.04,,,
2643,2645,91578.0325,25:26:18.033,B,,,,0,0,0,7769,0.04,,,
2644,2644,91578.0725,25:26:18.073,B,,,,0,0,0,13333,0.04,,,
2645,2646,91578.1125,25:26:18.113,B,,,,0,0,0,9348,0.04,,,
2646,2639,91578.1525,25:26:18.153,P,,,,0,0,0,51235,0.04,,,
2647,2650,91578.1925,25:26:18.193,B,,,,0,0,0,10921,0.04,,,
2648,2649,91578.2325,25:26:18.233,B,,,,0,0,0,19229,0.04,,,
2649,2651,91578.2725,25:26:18.273,B,,,,0,0,0,12170,0.04,,,
2650,2648,91578.3125,25:26:18.313,B,,,,0,0,0,36555,0.04,,,
2651,2653,91578.3525,25:26:18.353,B,,,,0,0,0,12504,0.04,,,
2652,2652,91578.3925,25:26:18.393,B,,,,0,0,0,24701,0.04,,,
2653,2654,91578.4325,25:26:18.433,B,,,,0,0,0,15640,0.04,,,
2654,2647,91578.4725,25:26:18.473,P,,,,0,0,0,55222,0.04,,,
2655,2658,91578.5125,25:26:18.513,B,,,,0,0,0,16796,0.04,,,
2656,2657,91578.5525,25:26:18.553,B,,,,0,0,0,29189,0.04,,,
2657,2659,91578.5925,25:26:18.593,B,,,,0,0,0,17467,0.04,,,
2658,2656,91578.6325,25:26:18.633,B,,,,0,0,0,35888,0.04,,,
2659,2661,91578.6725,25:26:18.673,B,,,,0,0,0,14073,0.04,,,
2660,2660,91578.7125,25:26:18.713,B,,,,0,0,0,20682,0.04,,,
2661,2662,91578.7525,25:26:18.753,B,,,,0,0,0,10155,0.04,,,
2662,2655,91578.7925,25:26:18.793,I,,1920,1080,0,0,1,78718,0.04,,,
2663,2663,91578.8325,25:26:18.833,P,,,,0,0,0,38697,0.04,,,
2664,2664,91578.8725,25:26:18.873,P,,,,0,0,0,40599,0.04,,,
2665,2668,91578.9125,25:26:18.913,B,,,,0,0,0,15725,0.04,,,
2666,2667,91578.9525,25:26:18.953,B,,,,0,0,0,28651,0.04,,,
2667,2669,91578.9925,25:26:18.993,B,,,,0,0,0,16848,0.04,,,
2668,2666,91579.0325,25:26:19.033,B,,,,0,0,0,37616,0.04,,,
2669,2671,91579.0725,25:26:19.073,B,,,,0,0,0,15091,0.04,,,
2670,2670,91579.1125,25:26:19.113,B,,,,0,0,0,18487,0.04,,,
2671,2665,91579.1525,25:26:19.153,P,,,,0,0,0,70249,0.04,,,
2672,2672,91579.1925,25:26:19.193,P,,,,0,0,0,35634,0.04,,,
2673,2673,91579.2325,25:26:19.233,P,,,,0,0,0,41120,0.04,,,
2674,2675,91579.2725,25:26:19.273,B,,,,0,0,0,8397,0.04,,,
2675,2674,91579.3125,25:26:19.313,P,,,,0,0,0,47616,0.04,,,
2676,2677,91579.3525,25:26:19.353,B,,,,0,0,0,13695,0.04,,,
2677,2676,91579.3925,25:26:19.393,P,,,,0,0,0,50556,0.04,,,
2678,2680,91579.4325,25:26:19.433,B,,,,0,0,0,7875,0.04,,,
2679,2679,91579.4725,25:26:19.473,B,,,,0,0,0,10632,0.04,,,
2680,2678,91579.5125,25:26:19.513,P,,,,0,0,0,43204,0.04,,,
2681,2683,91579.5525,25:26:19.553,B,,,,0,0,0,6399,0.04,,,
2682,2682,91579.5925,25:26:19.593,B,,,,0,0,0,7065,0.04,,,
2683,2681,91579.6325,25:26:19.633,P,,,,0,0,0,31670,0.04,,,
2684,2686,91579.6725,25:26:19.673,B,,,,0,0,0,3525,0.04,,,
2685,2685,91579.7125,25:26:19.713,B,,,,0,0,0,7564,0.04,,,
2686,2687,91579.7525,25:26:19.753,B,,,,0,0,0,2642,0.04,,,
2687,2684,91579.7925,25:26:19.793,I,,1920,1080,0,0,1,84137,0.04,,,
2688,2688,91579.8325,25:26:19.833,P,,,,0,0,0,34130,0.04,,,
2689,2692,91579.8725,25:26:19.873,B,,,,0,0,0,16499,0.04,,,
2690,2691,91579.9125,25:26:19.913,B,,,,0,0,0,20694,0.04,,,
2691,2693,91579.9525,25:26:19.953,B,,,,0,0,0,10046,0.04,,,
2692,2690,91579.9925,25:26:19.993,B,,,,0,0,0,24382,0.04,,,
2693,2695,91580.0325,25:26:20.033,B,,,,0,0,0,7680,0.04,,,
2694,2694,91580.0725,25:26:20.073,B,,,,0,0,0,8832,0.04,,,
2695,2696,91580.1125,25:26:20.113,B,,,,0,0,0,2947,0.04,,,
2696,2689,91580.1525,25:26:20.153,P,,,,0,0,0,66356,0.04,,,
2697,2700,91580.1925,25:26:20.193,B,,,,0,0,0,2931,0.04,,,
2698,2699,91580.2325,25:26:20.233,B,,,,0,0,0,7251,0.04,,,
2699,2701,91580.2725,25:26:20.273,B,,,,0,0,0,27574,0.04,,,
2700,2698,91580.3125,25:26:20.313,B,,,,0,0,0,9961,0.04,,,
2701,2703,91580.3525,25:26:20.353,B,,,,0,0,0,23158,0.04,,,
2702,2702,91580.3925,25:26:20.393,B,,,,0,0,0,27942,0.04,,,
2703,2704,91580.4325,25:26:20.433,B,,,,0,0,0,21318,0.04,,,
2704,2697,91580.4725,25:26:20.473,P,,,,0,0,0,38635,0.04,,,
2705,2705,91580.5125,25:26:20.513,I,,1920,1080,0,1,1,124570,0.04,,,
2706,2709,91580.5525,25:26:20.553,B,,,,0,0,0,5660,0.04,,,
2707,2708,91580.5925,25:26:20.593,B,,,,0,0,0,9845,0.04,,,
2708,2710,91580.6325,25:26:20.633,B,,,,0,0,0,5346,0.04,,,
2709,2707,91580.6725,25:26:20.673,B,,,,0,0,0,12788,0.04,,,
2710,2712,91580.7125,25:26:20.713,B,,,,0,0,0,3581,0.04,,,
2711,2711,91580.7525,25:26:20.753,B,,,,0,0,0,6428,0.04,,,
2712,2713,91580.7925,25:26:20.793,B,,,,0,0,0,3962,0.04,,,
2713,2706,91580.8325,25:26:20.833,P,,,,0,0,0,42073,0.04,,,
2714,2717,91580.8725,25:26:20.873,B,,,,0,0,0,3111,0.04,,,
2715,2716,91580.9125,25:26:20.913,B,,,,0,0,0,5612,0.04,,,
2716,2718,91580.9525,25:26:20.953,B,,,,0,0,0,3736,0.04,,,
2717,2715,91580.9925,25:26:20.993,B,,,,0,0,0,9907,0.04,,,
2718,2720,91581.0325,25:26:21.033,B,,,,0,0,0,12494,0.04,,,
2719,2719,91581.0725,25:26:21.073,B,,,,0,0,0,6422,0.04,,,
2720,2721,91581.1125,25:26:21.113,B,,,,0,0,0,16718,0.04,,,
2721,2714,91581.1525,25:26:21.153,P,,,,0,0,0,55292,0.04,,,
2722,2725,91581.1925,25:26:21.193,B,,,,0,0,0,2953,0.04,,,
2723,2724,91581.2325,25:26:21.233,B,,,,0,0,0,5890,0.04,,,
2724,2726,91581.2725,25:26:21.273,B,,,,0,0,0,2513,0.04,,,
2725,2723,91581.3125,25:26:21.313,B,,,,0,0,0,9957,0.04,,,
2726,2728,91581.3525,25:26:21.353,B,,,,0,0,0,2901,0.04,,,
2727,2727,91581.3925,25:26:21.393,B,,,,0,0,0,6133,0.04,,,
2728,2729,91581.4325,25:26:21.433,B,,,,0,0,0,3855,0.04,,,
2729,2722,91581.4725,25:26:21.473,I,,1920,1080,0,0,1,147758,0.04,,,
2730,2733,91581.5125,25:26:21.513,B,,,,0,0,0,5321,0.04,,,
2731,2732,91581.5525,25:26:21.553,B,,,,0,0,0,8089,0.04,,,
2732,2734,91581.5925,25:26:21.593,B,,,,0,0,0,4805,0.04,,,
2733,2731,91581.6325,25:26:21.633,B,,,,0,0,0,12771,0.04,,,
2734,2736,91581.6725,25:26:21.673,B,,,,0,0,0,2962,0.04,,,
2735,2735,91581.7125,25:26:21.713,B,,,,0,0,0,6019,0.04,,,
2736,2737,91581.7525,25:26:21.753,B,,,,0,0,0,2703,0.04,,,
2737,2730,91581.7925,25:26:21.793,P,,,,0,0,0,61471,0.04,,,
2738,2741,91581.8325,25:26:21.833,B,,,,0,0,0,2340,0.04,,,
2739,2740,91581.8725,25:26:21.873,B,,,,0,0,0,5279,0.04,,,
2740,2742,91581.9125,25:26:21.913,B,,,,0,0,0,3368,0.04,,,
2741,2739,91581.9525,25:26:21.953,B,,,,0,0,0,11882,0.04,,,
2742,2744,91581.9925,25:26:21.993,B,,,,0,0,0,4214,0.04,,,
2743,2743,91582.0325,25:26:22.033,B,,,,0,0,0,6638,0.04,,,
2744,2745,91582.0725,25:26:22.073,B,,,,0,0,0,15614,0.04,,,
2745,2738,91582.1125,25:26:22.113,P,,,,0,0,0,61440,0.04,,,
2746,2749,91582.1525,25:26:22.153,B,,,,0,0,0,2000,0.04,,,
2747,2748,91582.1925,25:26:22.193,B,,,,0,0,0,4277,0.04,,,
2748,2750,91582.2325,25:26:22.233,B,,,,0,0,0,1785,0.04,,,
2749,2747,91582.2725,25:26:22.273,B,,,,0,0,0,8981,0.04,,,
2750,2752,91582.3125,25:26:22.313,B,,,,0,0,0,2590,0.04,,,
2751,2751,91582.3525,25:26:22.353,B,,,,0,0,0,5009,0.04,,,
2752,2753,91582.3925,25:26:22.393,B,,,,0,0,0,3558,0.04,,,
2753,2746,91582.4325,25:26:22.433,I,,1920,1080,0,0,1,128471,0.04,,,
2754,2757,91582.4725,25:26:22.473,B,,,,0,0,0,3767,0.04,,,
2755,2756,91582.5125,25:26:22.513,B,,,,0,0,0,7102,0.04,,,
2756,2758,91582.5525,25:26:22.553,B,,,,0,0,0,3869,0.04,,,
2757,2755,91582.5925,25:26:22.593,B,,,,0,0,0,11417,0.04,,,
2758,2760,91582.6325,25:26:22.633,B,,,,0,0,0,6606,0.04,,,
2759,2759,91582.6725,25:26:22.673,B,,,,0,0,0,5348,0.04,,,
2760,2761,91582.7125,25:26:22.713,B,,,,0,0,0,15614,0.04,,,
2761,2754,91582.7525,25:26:22.753,P,,,,0,0,0,40424,0.04,,,
2762,2765,91582.7925,25:26:22.793,B,,,,0,0,0,15251,0.04,,,
2763,2764,91582.8325,25:26:22.833,B,,,,0,0,0,4141,0.04,,,
2764,2766,91582.8725,25:26:22.873,B,,,,0,0,0,15614,0.04,,,
2765,2763,91582.9125,25:26:22.913,B,,,,0,0,0,7886,0.04,,,
2766,2768,91582.9525,25:26:22.953,B,,,,0,0,0,15062,0.04,,,
2767,2767,91582.9925,25:26:22.993,B,,,,0,0,0,15614,0.04,,,
2768,2769,91583.0325,25:26:23.033,B,,,,0,0,0,13774,0.04,,,
2769,2762,91583.0725,25:26:23.073,P,,,,0,0,0,35191,0.04,,,
2770,2773,91583.1125,25:26:23.113,B,,,,0,0,0,1862,0.04,,,
2771,2772,91583.1525,25:26:23.153,B,,,,0,0,0,2927,0.04,,,
2772,2774,91583.1925,25:26:23.193,B,,,,0,0,0,1233,0.04,,,
2773,2771,91583.2325,25:26:23.233,B,,,,0,0,0,4539,0.04,,,
2774,2776,91583.2725,25:26:23.273,B,,,,0,0,0,1613,0.04,,,
2775,2775,91583.3125,25:26:23.313,B,,,,0,0,0,4114,0.04,,,
2776,2777,91583.3525,25:26:23.353,B,,,,0,0,0,2754,0.04,,,
2777,2770,91583.3925,25:26:23.393,I,,1920,1080,0,0,1,120322,0.04,,,
2778,2781,91583.4325,25:26:23.433,B,,,,0,0,0,2838,0.04,,,
2779,2780,91583.4725,25:26:23.473,B,,,,0,0,0,4869,0.04,,,
2780,2782,91583.5125,25:26:23.513,B,,,,0,0,0,2186,0.04,,,
2781,2779,91583.5525,25:26:23.553,B,,,,0,0,0,9667,0.04,,,
2782,2784,91583.5925,25:26:23.593,B,,,,0,0,0,1749,0.04,,,
2783,2783,91583.6325,25:26:23.633,B,,,,0,0,0,4257,0.04,,,
2784,2785,91583.6725,25:26:23.673,B,,,,0,0,0,2358,0.04,,,
2785,2778,91583.7125,25:26:23.713,P,,,,0,0,0,32078,0.04,,,
2786,2789,91583.7525,25:26:23.753,B,,,,0,0,0,2109,0.04,,,
2787,2788,91583.7925,25:26:23.793,B,,,,0,0,0,4626,0.04,,,
2788,2790,91583.8325,25:26:23.833,B,,,,0,0,0,3360,0.04,,,
2789,2787,91583.8725,25:26:23.873,B,,,,0,0,0,7089,0.04,,,
2790,2792,91583.9125,25:26:23.913,B,,,,0,0,0,3089,0.04,,,
2791,2791,91583.9525,25:26:23.953,B,,,,0,0,0,5294,0.04,,,
2792,2793,91583.9925,25:26:23.993,B,,,,0,0,0,1995,0.04,,,
2793,2786,91584.0325,25:26:24.033,P,,,,0,0,0,38793,0.04,,,
2794,2797,91584.0725,25:26:24.073,B,,,,0,0,0,9739,0.04,,,
2795,2796,91584.1125,25:26:24.113,B,,,,0,0,0,2313,0.04,,,
2796,2795,91584.1525,25:26:24.153,B,,,,0,0,0,6738,0.04,,,
2797,2799,91584.1925,25:26:24.193,B,,,,0,0,0,10646,0.04,,,
2798,2798,91584.2325,25:26:24.233,B,,,,0,0,0,10830,0.04,,,
2799,2794,91584.2725,25:26:24.273,P,,,,0,0,0,22603,0.04,,,
2800,2800,91584.3125,25:26:24.313,I,,1920,1080,0,1,1,115786,0.04,,,
2801,2804,91584.3525,25:26:24.353,B,,,,0,0,0,8359,0.04,,,
2802,2803,91584.3925,25:26:24.393,B,,,,0,0,0,5297,0.04,,,
2803,2805,91584.4325,25:26:24.433,B,,,,0,0,0,10311,0.04,,,
2804,2802,91584.4725,25:26:24.473,B,,,,0,0,0,11717,0.04,,,
2805,2807,91584.5125,25:26:24.513,B,,,,0,0,0,4558,0.04,,,
2806,2806,91584.5525,25:26:24.553,B,,,,0,0,0,8828,0.04,,,
2807,2808,91584.5925,25:26:24.593,B,,,,0,0,0,3237,0.04,,,
2808,2801,91584.6325,25:26:24.633,P,,,,0,0,0,29261,0.04,,,
2809,2812,91584.6725,25:26:24.673,B,,,,0,0,0,3631,0.04,,,
2810,2811,91584.7125,25:26:24.713,B,,,,0,0,0,4839,0.04,,,
2811,2813,91584.7525,25:26:24.753,B,,,,0,0,0,2576,0.04,,,
2812,2810,91584.7925,25:26:24.793,B,,,,0,0,0,10860,0.04,,,
2813,2815,91584.8325,25:26:24.833,B,,,,0,0,0,2964,0.04,,,
2814,2814,91584.8725,25:26:24.873,B,,,,0,0,0,4567,0.04,,,
2815,2816,91584.9125,25:26:24.913,B,,,,0,0,0,6470,0.04,,,
2816,2809,91584.9525,25:26:24.953,P,,,,0,0,0,35799,0.04,,,
2817,2820,91584.9925,25:26:24.993,B,,,,0,0,0,4615,0.04,,,
2818,2819,91585.0325,25:26:25.033,B,,,,0,0,0,5929,0.04,,,
2819,2821,91585.0725,25:26:25.073,B,,,,0,0,0,2889,0.04,,,
2820,2818,91585.1125,25:26:25.113,B,,,,0,0,0,9812,0.04,,,
2821,2823,91585.1525,25:26:25.153,B,,,,0,0,0,3694,0.04,,,
2822,2822,91585.1925,25:26:25.193,B,,,,0,0,0,4529,0.04,,,
2823,2824,91585.2325,25:26:25.233,B,,,,0,0,0,7326,0.04,,,
2824,2817,91585.2725,25:26:25.273,I,,1920,1080,0,0,1,135122,0.04,,,
2825,2828,91585.3125,25:26:25.313,B,,,,0,0,0,2241,0.04,,,
2826,2827,91585.3525,25:26:25.353,B,,,,0,0,0,4006,0.04,,,
2827,2829,91585.3925,25:26:25.393,B,,,,0,0,0,3252,0.04,,,
2828,2826,91585.4325,25:26:25.433,B,,,,0,0,0,9532,0.04,,,
2829,2831,91585.4725,25:26:25.473,B,,,,0,0,0,1972,0.04,,,
2830,2830,91585.5125,25:26:25.513,B,,,,0,0,0,4360,0.04,,,
2831,2832,91585.5525,25:26:25.553,B,,,,0,0,0,3462,0.04,,,
2832,2825,91585.5925,25:26:25.593,P,,,,0,0,0,35839,0.04,,,
2833,2836,91585.6325,25:26:25.633,B,,,,0,0,0,4037,0.04,,,
2834,2835,91585.6725,25:26:25.673,B,,,,0,0,0,9668,0.04,,,
2835,2837,91585.7125,25:26:25.713,B,,,,0,0,0,6025,0.04,,,
2836,2834,91585.7525,25:26:25.753,B,,,,0,0,0,14594,0.04,,,
2837,2839,91585.7925,25:26:25.793,B,,,,0,0,0,4214,0.04,,,
2838,2838,91585.8325,25:26:25.833,B,,,,0,0,0,7471,0.04,,,
2839,2840,91585.8725,25:26:25.873,B,,,,0,0,0,12854,0.04,,,
2840,2833,91585.9125,25:26:25.913,P,,,,0,0,0,38302,0.04,,,
2841,2844,91585.9525,25:26:25.953,B,,,,0,0,0,3196,0.04,,,
2842,2843,91585.9925,25:26:25.993,B,,,,0,0,0,3207,0.04,,,
2843,2845,91586.0325,25:26:26.033,B,,,,0,0,0,3033,0.04,,,
2844,2842,91586.0725,25:26:26.073,B,,,,0,0,0,6733,0.04,,,
2845,2847,91586.1125,25:26:26.113,B,,,,0,0,0,2461,0.04,,,
2846,2846,91586.1525,25:26:26.153,B,,,,0,0,0,2283,0.04,,,
2847,2848,91586.1925,25:26:26.193,B,,,,0,0,0,3696,0.04,,,
2848,2841,91586.2325,25:26:26.233,I,,1920,1080,0,0,1,106410,0.04,,,
2849,2852,91586.2725,25:26:26.273,B,,,,0,0,0,3970,0.04,,,
2850,2851,91586.3125,25:26:26.313,B,,,,0,0,0,3832,0.04,,,
2851,2853,91586.3525,25:26:26.353,B,,,,0,0,0,5123,0.04,,,
2852,2850,91586.3925,25:26:26.393,B,,,,0,0,0,8470,0.04,,,
2853,2855,91586.4325,25:26:26.433,B,,,,0,0,0,11934,0.04,,,
2854,2854,91586.4725,25:26:26.473,B,,,,0,0,0,5923,0.04,,,
2855,2856,91586.5125,25:26:26.513,B,,,,0,0,0,12854,0.04,,,
2856,2849,91586.5525,25:26:26.553,P,,,,0,0,0,23600,0.04,,,
2857,2860,91586.5925,25:26:26.593,B,,,,0,0,0,12675,0.04,,,
2858,2859,91586.6325,25:26:26.633,B,,,,0,0,0,12854,0.04,,,
2859,2861,91586.6725,25:26:26.673,B,,,,0,0,0,12854,0.04,,,
2860,2858,91586.7125,25:26:26.713,B,,,,0,0,0,7342,0.04,,,
2861,2863,91586.7525,25:26:26.753,B,,,,0,0,0,12670,0.04,,,
2862,2862,91586.7925,25:26:26.793,B,,,,0,0,0,12854,0.04,,,
2863,2864,91586.8325,25:26:26.833,B,,,,0,0,0,11750,0.04,,,
2864,2857,91586.8725,25:26:26.873,P,,,,0,0,0,18461,0.04,,,
2865,2868,91586.9125,25:26:26.913,B,,,,0,0,0,2830,0.04,,,
2866,2867,91586.9525,25:26:26.953,B,,,,0,0,0,5173,0.04,,,
2867,2869,91586.9925,25:26:26.993,B,,,,0,0,0,4000,0.04,,,
2868,2866,91587.0325,25:26:27.033,B,,,,0,0,0,7321,0.04,,,
2869,2871,91587.0725,25:26:27.073,B,,,,0,0,0,3913,0.04,,,
2870,2870,91587.1125,25:26:27.113,B,,,,0,0,0,4897,0.04,,,
2871,2872,91587.1525,25:26:27.153,B,,,,0,0,0,2885,0.04,,,
2872,2865,91587.1925,25:26:27.193,I,,1920,1080,0,0,1,96104,0.04,,,
2873,2876,91587.2325,25:26:27.233,B,,,,0,0,0,4581,0.04,,,
2874,2875,91587.2725,25:26:27.273,B,,,,0,0,0,5168,0.04,,,
2875,2877,91587.3125,25:26:27.313,B,,,,0,0,0,3668,0.04,,,
2876,2874,91587.3525,25:26:27.353,B,,,,0,0,0,5485,0.04,,,
2877,2879,91587.3925,25:26:27.393,B,,,,0,0,0,1708,0.04,,,
2878,2878,91587.4325,25:26:27.433,B,,,,0,0,0,3507,0.04,,,
2879,2880,91587.4725,25:26:27.473,B,,,,0,0,0,2363,0.04,,,
2880,2873,91587.5125,25:26:27.513,P,,,,0,0,0,23210,0.04,,,
2881,2882,91587.5525,25:26:27.553,B,,,,0,0,0,2092,0.04,,,
2882,2881,91587.5925,25:26:27.593,P,,,,0,0,0,18005,0.04,,,
2883,2883,91587.6325,25:26:27.633,I,,1920,1080,0,1,1,125176,0.04,,,
2884,2887,91587.6725,25:26:27.673,B,,,,0,0,0,5476,0.04,,,
2885,2886,91587.7125,25:26:27.713,B,,,,0,0,0,8422,0.04,,,
2886,2888,91587.7525,25:26:27.753,B,,,,0,0,0,5116,0.04,,,
2887,2885,91587.7925,25:26:27.793,B,,,,0,0,0,12335,0.04,,,
2888,2890,91587.8325,25:26:27.833,B,,,,0,0,0,6925,0.04,,,
2889,2889,91587.8725,25:26:27.873,B,,,,0,0,0,12644,0.04,,,
2890,2891,91587.9125,25:26:27.913,B,,,,0,0,0,8439,0.04,,,
2891,2884,91587.9525,25:26:27.953,P,,,,0,0,0,49749,0.04,,,
2892,2895,91587.9925,25:26:27.993,B,,,,0,0,0,5644,0.04,,,
2893,2894,91588.0325,25:26:28.033,B,,,,0,0,0,9398,0.04,,,
2894,2896,91588.0725,25:26:28.073,B,,,,0,0,0,4488,0.04,,,
2895,2893,91588.1125,25:26:28.113,B,,,,0,0,0,12908,0.04,,,
2896,2898,91588.1525,25:26:28.153,B,,,,0,0,0,4716,0.04,,,
2897,2897,91588.1925,25:26:28.193,B,,,,0,0,0,7052,0.04,,,
2898,2899,91588.2325,25:26:28.233,B,,,,0,0,0,4438,0.04,,,
2899,2892,91588.2725,25:26:28.273,P,,,,0,0,0,52629,0.04,,,
2900,2903,91588.3125,25:26:28.313,B,,,,0,0,0,6320,0.04,,,
2901,2902,91588.3525,25:26:28.353,B,,,,0,0,0,10228,0.04,,,
2902,2904,91588.3925,25:26:28.393,B,,,,0,0,0,6272,0.04,,,
2903,2901,91588.4325,25:26:28.433,B,,,,0,0,0,17068,0.04,,,
2904,2906,91588.4725,25:26:28.473,B,,,,0,0,0,5443,0.04,,,
2905,2905,91588.5125,25:26:28.513,B,,,,0,0,0,10591,0.04,,,
2906,2907,91588.5525,25:26:28.553,B,,,,0,0,0,6282,0.04,,,
2907,2900,91588.5925,25:26:28.593,I,,1920,1080,0,0,1,131659,0.04,,,
2908,2911,91588.6325,25:26:28.633,B,,,,0,0,0,7670,0.04,,,
2909,2910,91588.6725,25:26:28.673,B,,,,0,0,0,11484,0.04,,,
2910,2912,91588.7125,25:26:28.713,B,,,,0,0,0,5125,0.04,,,
2911,2909,91588.7525,25:26:28.753,B,,,,0,0,0,17106,0.04,,,
2912,2914,91588.7925,25:26:28.793,B,,,,0,0,0,5101,0.04,,,
2913,2913,91588.8325,25:26:28.833,B,,,,0,0,0,9384,0.04,,,
2914,2915,91588.8725,25:26:28.873,B,,,,0,0,0,6121,0.04,,,
2915,2908,91588.9125,25:26:28.913,P,,,,0,0,0,55801,0.04,,,
2916,2919,91588.9525,25:26:28.953,B,,,,0,0,0,6856,0.04,,,
2917,2918,91588.9925,25:26:28.993,B,,,,0,0,0,12515,0.04,,,
2918,2920,91589.0325,25:26:29.033,B,,,,0,0,0,7434,0.04,,,
2919,2917,91589.0725,25:26:29.073,B,,,,0,0,0,20452,0.04,,,
2920,2922,91589.1125,25:26:29.113,B,,,,0,0,0,6900,0.04,,,
2921,2921,91589.1525,25:26:29.153,B,,,,0,0,0,11820,0.04,,,
2922,2923,91589.1925,25:26:29.193,B,,,,0,0,0,5603,0.04,,,
2923,2916,91589.2325,25:26:29.233,P,,,,0,0,0,60793,0.04,,,
2924,2927,91589.2725,25:26:29.273,B,,,,0,0,0,4439,0.04,,,
2925,2926,91589.3125,25:26:29.313,B,,,,0,0,0,7334,0.04,,,
2926,2928,91589.3525,25:26:29.353,B,,,,0,0,0,4611,0.04,,,
2927,2925,91589.3925,25:26:29.393,B,,,,0,0,0,16248,0.04,,,
2928,2930,91589.4325,25:26:29.433,B,,,,0,0,0,3598,0.04,,,
2929,2929,91589.4725,25:26:29.473,B,,,,0,0,0,7533,0.04,,,
2930,2931,91589.5125,25:26:29.513,B,,,,0,0,0,15806,0.04,,,
2931,2924,91589.5525,25:26:29.553,P,,,,0,0,0,50112,0.04,,,
2932,2932,91589.5925,25:26:29.593,I,,1920,1080,0,1,1,141754,0.04,,,
2933,2936,91589.6325,25:26:29.633,B,,,,0,0,0,9890,0.04,,,
2934,2935,91589.6725,25:26:29.673,B,,,,0,0,0,15288,0.04,,,
2935,2937,91589.7125,25:26:29.713,B,,,,0,0,0,7296,0.04,,,
2936,2934,91589.7525,25:26:29.753,B,,,,0,0,0,25298,0.04,,,
2937,2939,91589.7925,25:26:29.793,B,,,,0,0,0,6218,0.04,,,
2938,2938,91589.8325,25:26:29.833,B,,,,0,0,0,14063,0.04,,,
2939,2940,91589.8725,25:26:29.873,B,,,,0,0,0,6174,0.04,,,
2940,2933,91589.9125,25:26:29.913,P,,,,0,0,0,64928,0.04,,,
2941,2944,91589.9525,25:26:29.953,B,,,,0,0,0,6688,0.04,,,
2942,2943,91589.9925,25:26:29.993,B,,,,0,0,0,13182,0.04,,,
2943,2945,91590.0325,25:26:30.033,B,,,,0,0,0,6327,0.04,,,
2944,2942,91590.0725,25:26:30.073,B,,,,0,0,0,22348,0.04,,,
2945,2947,91590.1125,25:26:30.113,B,,,,0,0,0,6169,0.04,,,
2946,2946,91590.1525,25:26:30.153,B,,,,0,0,0,12164,0.04,,,
2947,2948,91590.1925,25:26:30.193,B,,,,0,0,0,5810,0.04,,,
2948,2941,91590.2325,25:26:30.233,P,,,,0,0,0,63745,0.04,,,
2949,2952,91590.2725,25:26:30.273,B,,,,0,0,0,5007,0.04,,,
2950,2951,91590.3125,25:26:30.313,B,,,,0,0,0,13035,0.04,,,
2951,2953,91590.3525,25:26:30.353,B,,,,0,0,0,4794,0.04,,,
2952,2950,91590.3925,25:26:30.393,B,,,,0,0,0,19884,0.04,,,
2953,2955,91590.4325,25:26:30.433,B,,,,0,0,0,5447,0.04,,,
2954,2954,91590.4725,25:26:30.473,B,,,,0,0,0,11236,0.04,,,
2955,2956,91590.5125,25:26:30.513,B,,,,0,0,0,5287,0.04,,,
2956,2949,91590.5525,25:26:30.553,I,,1920,1080,0,0,1,137034,0.04,,,
2957,2960,91590.5925,25:26:30.593,B,,,,0,0,0,5095,0.04,,,
2958,2959,91590.6325,25:26:30.633,B,,,,0,0,0,11632,0.04,,,
2959,2961,91590.6725,25:26:30.673,B,,,,0,0,0,6339,0.04,,,
2960,2958,91590.7125,25:26:30.713,B,,,,0,0,0,25120,0.04,,,
2961,2963,91590.7525,25:26:30.753,B,,,,0,0,0,6438,0.04,,,
2962,2962,91590.7925,25:26:30.793,B,,,,0,0,0,15877,0.04,,,
2963,2964,91590.8325,25:26:30.833,B,,,,0,0,0,7112,0.04,,,
2964,2957,91590.8725,25:26:30.873,P,,,,0,0,0,62313,0.04,,,
2965,2968,91590.9125,25:26:30.913,B,,,,0,0,0,8044,0.04,,,
2966,2967,91590.9525,25:26:30.953,B,,,,0,0,0,14847,0.04,,,
2967,2969,91590.9925,25:26:30.993,B,,,,0,0,0,7131,0.04,,,
2968,2966,91591.0325,25:26:31.033,B,,,,0,0,0,24093,0.04,,,
2969,2971,91591.0725,25:26:31.073,B,,,,0,0,0,5864,0.04,,,
2970,2970,91591.1125,25:26:31.113,B,,,,0,0,0,11889,0.04,,,
2971,2972,91591.1525,25:26:31.153,B,,,,0,0,0,4913,0.04,,,
2972,2965,91591.1925,25:26:31.193,P,,,,0,0,0,68509,0.04,,,
2973,2976,91591.2325,25:26:31.233,B,,,,0,0,0,3940,0.04,,,
2974,2975,91591.2725,25:26:31.273,B,,,,0,0,0,10206,0.04,,,
2975,2977,91591.3125,25:26:31.313,B,,,,0,0,0,4272,0.04,,,
2976,2974,91591.3525,25:26:31.353,B,,,,0,0,0,14878,0.04,,,
2977,2979,91591.3925,25:26:31.393,B,,,,0,0,0,5307,0.04,,,
2978,2978,91591.4325,25:26:31.433,B,,,,0,0,0,8645,0.04,,,
2979,2980,91591.4725,25:26:31.473,B,,,,0,0,0,4099,0.04,,,
2980,2973,91591.5125,25:26:31.513,I,,1920,1080,0,0,1,133327,0.04,,,
2981,2984,91591.5525,25:26:31.553,B,,,,0,0,0,3166,0.04,,,
2982,2983,91591.5925,25:26:31.593,B,,,,0,0,0,8083,0.04,,,
2983,2985,91591.6325,25:26:31.633,B,,,,0,0,0,3544,0.04,,,
2984,2982,91591.6725,25:26:31.673,B,,,,0,0,0,15644,0.04,,,
2985,2987,91591.7125,25:26:31.713,B,,,,0,0,0,7894,0.04,,,
2986,2986,91591.7525,25:26:31.753,B,,,,0,0,0,8804,0.04,,,
2987,2988,91591.7925,25:26:31.793,B,,,,0,0,0,20030,0.04,,,
2988,2981,91591.8325,25:26:31.833,P,,,,0,0,0,52992,0.04,,,
2989,2990,91591.8725,25:26:31.873,B,,,,0,0,0,10286,0.04,,,
2990,2989,91591.9125,25:26:31.913,P,,,,0,0,0,29820,0.04,,,
2991,2991,91591.9525,25:26:31.953,I,,1920,1080,0,1,1,113154,0.04,,,
2992,2995,91591.9925,25:26:31.993,B,,,,0,0,0,4502,0.04,,,
2993,2994,91592.0325,25:26:32.033,B,,,,0,0,0,8928,0.04,,,
2994,2996,91592.0725,25:26:32.073,B,,,,0,0,0,11640,0.04,,,
2995,2993,91592.1125,25:26:32.113,B,,,,0,0,0,11635,0.04,,,
2996,2998,91592.1525,25:26:32.153,B,,,,0,0,0,7014,0.04,,,
2997,2997,91592.1925,25:26:32.193,B,,,,0,0,0,11643,0.04,,,
2998,2999,91592.2325,25:26:32.233,B,,,,0,0,0,6915,0.04,,,
2999,2992,91592.2725,25:26:32.273,P,,,,0,0,0,31081,0.04,,,
3000,3003,91592.3125,25:26:32.313,B,,,,0,0,0,6908,0.04,,,
3001,3002,91592.3525,25:26:32.353,B,,,,0,0,0,7451,0.04,,,
3002,3004,91592.3925,25:26:32.393,B,,,,0,0,0,7042,0.04,,,
3003,3001,91592.4325,25:26:32.433,B,,,,0,0,0,14366,0.04,,,
3004,3006,91592.4725,25:26:32.473,B,,,,0,0,0,7836,0.04,,,
3005,3005,91592.5125,25:26:32.513,B,,,,0,0,0,6855,0.04,,,
3006,3007,91592.5525,25:26:32.553,B,,,,0,0,0,7449,0.04,,,
3007,3000,91592.5925,25:26:32.593,P,,,,0,0,0,49587,0.04,,,
3008,3011,91592.6325,25:26:32.633,B,,,,0,0,0,5426,0.04,,,
3009,3010,91592.6725,25:26:32.673,B,,,,0,0,0,10464,0.04,,,
3010,3012,91592.7125,25:26:32.713,B,,,,0,0,0,5621,0.04,,,
3011,3009,91592.7525,25:26:32.753,B,,,,0,0,0,7886,0.04,,,
3012,3014,91592.7925,25:26:32.793,B,,,,0,0,0,10410,0.04,,,
3013,3013,91592.8325,25:26:32.833,B,,,,0,0,0,9815,0.04,,,
3014,3015,91592.8725,25:26:32.873,B,,,,0,0,0,9710,0.04,,,
3015,3008,91592.9125,25:26:32.913,I,,1920,1080,0,0,1,131889,0.04,,,
3016,3019,91592.9525,25:26:32.953,B,,,,0,0,0,6740,0.04,,,
3017,3018,91592.9925,25:26:32.993,B,,,,0,0,0,9258,0.04,,,
3018,3020,91593.0325,25:26:33.033,B,,,,0,0,0,9270,0.04,,,
3019,3017,91593.0725,25:26:33.073,B,,,,0,0,0,14187,0.04,,,
3020,3022,91593.1125,25:26:33.113,B,,,,0,0,0,6734,0.04,,,
3021,3021,91593.1525,25:26:33.153,B,,,,0,0,0,9554,0.04,,,
3022,3023,91593.1925,25:26:33.193,B,,,,0,0,0,8128,0.04,,,
3023,3016,91593.2325,25:26:33.233,P,,,,0,0,0,40781,0.04,,,
3024,3027,91593.2725,25:26:33.273,B,,,,0,0,0,7863,0.04,,,
3025,3026,91593.3125,25:26:33.313,B,,,,0,0,0,6461,0.04,,,
3026,3028,91593.3525,25:26:33.353,B,,,,0,0,0,4266,0.04,,,
3027,3025,91593.3925,25:26:33.393,B,,,,0,0,0,11054,0.04,,,
3028,3030,91593.4325,25:26:33.433,B,,,,0,0,0,13782,0.04,,,
3029,3029,91593.4725,25:26:33.473,B,,,,0,0,0,6136,0.04,,,
3030,3031,91593.5125,25:26:33.513,B,,,,0,0,0,14694,0.04,,,
3031,3024,91593.5525,25:26:33.553,P,,,,0,0,0,38387,0.04,,,
3032,3032,91593.5925,25:26:33.593,P,,,,0,0,0,14878,0.04,,,
3033,3033,91593.6325,25:26:33.633,I,,1920,1080,0,1,1,123186,0.04,,,
3034,3037,91593.6725,25:26:33.673,B,,,,0,0,0,4946,0.04,,,
3035,3036,91593.7125,25:26:33.713,B,,,,0,0,0,7326,0.04,,,
3036,3038,91593.7525,25:26:33.753,B,,,,0,0,0,6107,0.04,,,
3037,3035,91593.7925,25:26:33.793,B,,,,0,0,0,9876,0.04,,,
3038,3040,91593.8325,25:26:33.833,B,,,,0,0,0,4644,0.04,,,
3039,3039,91593.8725,25:26:33.873,B,,,,0,0,0,7265,0.04,,,
3040,3041,91593.9125,25:26:33.913,B,,,,0,0,0,3713,0.04,,,
3041,3034,91593.9525,25:26:33.953,P,,,,0,0,0,39015,0.04,,,
3042,3045,91593.9925,25:26:33.993,B,,,,0,0,0,2415,0.04,,,
3043,3044,91594.0325,25:26:34.033,B,,,,0,0,0,5214,0.04,,,
3044,3046,91594.0725,25:26:34.073,B,,,,0,0,0,2743,0.04,,,
3045,3043,91594.1125,25:26:34.113,B,,,,0,0,0,8360,0.04,,,
3046,3048,91594.1525,25:26:34.153,B,,,,0,0,0,3436,0.04,,,
3047,3047,91594.1925,25:26:34.193,B,,,,0,0,0,6309,0.04,,,
3048,3049,91594.2325,25:26:34.233,B,,,,0,0,0,4825,0.04,,,
3049,3042,91594.2725,25:26:34.273,P,,,,0,0,0,46857,0.04,,,
3050,3053,91594.3125,25:26:34.313,B,,,,0,0,0,4598,0.04,,,
3051,3052,91594.3525,25:26:34.353,B,,,,0,0,0,7649,0.04,,,
3052,3054,91594.3925,25:26:34.393,B,,,,0,0,0,4068,0.04,,,
3053,3051,91594.4325,25:26:34.433,B,,,,0,0,0,10534,0.04,,,
3054,3056,91594.4725,25:26:34.473,B,,,,0,0,0,4170,0.04,,,
3055,3055,91594.5125,25:26:34.513,B,,,,0,0,0,8990,0.04,,,
3056,3057,91594.5525,25:26:34.553,B,,,,0,0,0,4616,0.04,,,
3057,3050,91594.5925,25:26:34.593,I,,1920,1080,0,0,1,114150,0.04,,,
3058,3061,91594.6325,25:26:34.633,B,,,,0,0,0,5271,0.04,,,
3059,3060,91594.6725,25:26:34.673,B,,,,0,0,0,6799,0.04,,,
3060,3059,91594.7125,25:26:34.713,B,,,,0,0,0,13079,0.04,,,
3061,3062,91594.7525,25:26:34.753,B,,,,0,0,0,4614,0.04,,,
3062,3058,91594.7925,25:26:34.793,P,,,,0,0,0,57199,0.04,,,
3063,3063,91594.8325,25:26:34.833,I,,1920,1080,0,1,1,77465,0.04,,,
3064,3067,91594.8725,25:26:34.873,B,,,,0,0,0,4446,0.04,,,
3065,3066,91594.9125,25:26:34.913,B,,,,0,0,0,6318,0.04,,,
3066,3068,91594.9525,25:26:34.953,B,,,,0,0,0,6084,0.04,,,
3067,3065,91594.9925,25:26:34.993,B,,,,0,0,0,11790,0.04,,,
3068,3070,91595.0325,25:26:35.033,B,,,,0,0,0,7170,0.04,,,
3069,3069,91595.0725,25:26:35.073,B,,,,0,0,0,11813,0.04,,,
3070,3071,91595.1125,25:26:35.113,B,,,,0,0,0,9725,0.04,,,
3071,3064,91595.1525,25:26:35.153,P,,,,0,0,0,30463,0.04,,,
3072,3075,91595.1925,25:26:35.193,B,,,,0,0,0,3664,0.04,,,
3073,3074,91595.2325,25:26:35.233,B,,,,0,0,0,9911,0.04,,,
3074,3076,91595.2725,25:26:35.273,B,,,,0,0,0,5710,0.04,,,
3075,3073,91595.3125,25:26:35.313,B,,,,0,0,0,11205,0.04,,,
3076,3078,91595.3525,25:26:35.353,B,,,,0,0,0,3254,0.04,,,
3077,3077,91595.3925,25:26:35.393,B,,,,0,0,0,6580,0.04,,,
3078,3079,91595.4325,25:26:35.433,B,,,,0,0,0,5327,0.04,,,
3079,3072,91595.4725,25:26:35.473,P,,,,0,0,0,43277,0.04,,,
3080,3083,91595.5125,25:26:35.513,B,,,,0,0,0,2973,0.04,,,
3081,3082,91595.5525,25:26:35.553,B,,,,0,0,0,7929,0.04,,,
3082,3084,91595.5925,25:26:35.593,B,,,,0,0,0,5274,0.04,,,
3083,3081,91595.6325,25:26:35.633,B,,,,0,0,0,14916,0.04,,,
3084,3086,91595.6725,25:26:35.673,B,,,,0,0,0,5426,0.04,,,
3085,3085,91595.7125,25:26:35.713,B,,,,0,0,0,10131,0.04,,,
3086,3087,91595.7525,25:26:35.753,B,,,,0,0,0,4880,0.04,,,
3087,3080,91595.7925,25:26:35.793,I,,1920,1080,0,0,1,104536,0.04,,,
3088,3091,91595.8325,25:26:35.833,B,,,,0,0,0,3437,0.04,,,
3089,3090,91595.8725,25:26:35.873,B,,,,0,0,0,6208,0.04,,,
3090,3092,91595.9125,25:26:35.913,B,,,,0,0,0,2778,0.04,,,
3091,3089,91595.9525,25:26:35.953,B,,,,0,0,0,17315,0.04,,,
3092,3094,91595.9925,25:26:35.993,B,,,,0,0,0,5062,0.04,,,
3093,3093,91596.0325,25:26:36.033,B,,,,0,0,0,8386,0.04,,,
3094,3095,91596.0725,25:26:36.073,B,,,,0,0,0,6132,0.04,,,
3095,3088,91596.1125,25:26:36.113,P,,,,0,0,0,41428,0.04,,,
3096,3099,91596.1525,25:26:36.153,B,,,,0,0,0,9581,0.04,,,
3097,3098,91596.1925,25:26:36.193,B,,,,0,0,0,9399,0.04,,,
3098,3100,91596.2325,25:26:36.233,B,,,,0,0,0,8182,0.04,,,
3099,3097,91596.2725,25:26:36.273,B,,,,0,0,0,15705,0.04,,,
3100,3102,91596.3125,25:26:36.313,B,,,,0,0,0,7021,0.04,,,
3101,3101,91596.3525,25:26:36.353,B,,,,0,0,0,9296,0.04,,,
3102,3103,91596.3925,25:26:36.393,B,,,,0,0,0,5105,0.04,,,
3103,3096,91596.4325,25:26:36.433,P,,,,0,0,0,47269,0.04,,,
3104,3107,91596.4725,25:26:36.473,B,,,,0,0,0,2679,0.04,,,
3105,3106,91596.5125,25:26:36.513,B,,,,0,0,0,4305,0.04,,,
3106,3108,91596.5525,25:26:36.553,B,,,,0,0,0,4192,0.04,,,
3107,3105,91596.5925,25:26:36.593,B,,,,0,0,0,8214,0.04,,,
3108,3110,91596.6325,25:26:36.633,B,,,,0,0,0,4773,0.04,,,
3109,3109,91596.6725,25:26:36.673,B,,,,0,0,0,5146,0.04,,,
3110,3111,91596.7125,25:26:36.713,B,,,,0,0,0,3281,0.04,,,
3111,3104,91596.7525,25:26:36.753,I,,1920,1080,0,0,1,56051,0.04,,,
3112,3114,91596.7925,25:26:36.793,B,,,,0,0,0,6974,0.04,,,
3113,3113,91596.8325,25:26:36.833,B,,,,0,0,0,5967,0.04,,,
3114,3115,91596.8725,25:26:36.873,B,,,,0,0,0,13222,0.04,,,
3115,3112,91596.9125,25:26:36.913,P,,,,0,0,0,16687,0.04,,,
3116,3116,91596.9525,25:26:36.953,I,,1920,1080,0,1,1,124659,0.04,,,
3117,3120,91596.9925,25:26:36.993,B,,,,0,0,0,6508,0.04,,,
3118,3119,91597.0325,25:26:37.033,B,,,,0,0,0,10838,0.04,,,
3119,3121,91597.0725,25:26:37.073,B,,,,0,0,0,6402,0.04,,,
3120,3118,91597.1125,25:26:37.113,B,,,,0,0,0,16197,0.04,,,
3121,3123,91597.1525,25:26:37.153,B,,,,0,0,0,6473,0.04,,,
3122,3122,91597.1925,25:26:37.193,B,,,,0,0,0,8917,0.04,,,
3123,3124,91597.2325,25:26:37.233,B,,,,0,0,0,5156,0.04,,,
3124,3117,91597.2725,25:26:37.273,P,,,,0,0,0,53545,0.04,,,
3125,3128,91597.3125,25:26:37.313,B,,,,0,0,0,4095,0.04,,,
3126,3127,91597.3525,25:26:37.353,B,,,,0,0,0,6877,0.04,,,
3127,3129,91597.3925,25:26:37.393,B,,,,0,0,0,4317,0.04,,,
3128,3126,91597.4325,25:26:37.433,B,,,,0,0,0,13283,0.04,,,
3129,3131,91597.4725,25:26:37.473,B,,,,0,0,0,5277,0.04,,,
3130,3130,91597.5125,25:26:37.513,B,,,,0,0,0,9755,0.04,,,
3131,3132,91597.5525,25:26:37.553,B,,,,0,0,0,4341,0.04,,,
3132,3125,91597.5925,25:26:37.593,P,,,,0,0,0,60366,0.04,,,
3133,3136,91597.6325,25:26:37.633,B,,,,0,0,0,3936,0.04,,,
3134,3135,91597.6725,25:26:37.673,B,,,,0,0,0,6608,0.04,,,
3135,3137,91597.7125,25:26:37.713,B,,,,0,0,0,2804,0.04,,,
3136,3134,91597.7525,25:26:37.753,B,,,,0,0,0,10405,0.04,,,
3137,3139,91597.7925,25:26:37.793,B,,,,0,0,0,3709,0.04,,,
3138,3138,91597.8325,25:26:37.833,B,,,,0,0,0,6654,0.04,,,
3139,3140,91597.8725,25:26:37.873,B,,,,0,0,0,3569,0.04,,,
3140,3133,91597.9125,25:26:37.913,I,,1920,1080,0,0,1,140529,0.04,,,
3141,3144,91597.9525,25:26:37.953,B,,,,0,0,0,4642,0.04,,,
3142,3143,91597.9925,25:26:37.993,B,,,,0,0,0,9389,0.04,,,
3143,3145,91598.0325,25:26:38.033,B,,,,0,0,0,4526,0.04,,,
3144,3142,91598.0725,25:26:38.073,B,,,,0,0,0,13410,0.04,,,
3145,3147,91598.1125,25:26:38.113,B,,,,0,0,0,11574,0.04,,,
3146,3146,91598.1525,25:26:38.153,B,,,,0,0,0,6282,0.04,,,
3147,3148,91598.1925,25:26:38.193,B,,,,0,0,0,18558,0.04,,,
3148,3141,91598.2325,25:26:38.233,P,,,,0,0,0,56083,0.04,,,
3149,3152,91598.2725,25:26:38.273,B,,,,0,0,0,3574,0.04,,,
3150,3151,91598.3125,25:26:38.313,B,,,,0,0,0,6683,0.04,,,
3151,3153,91598.3525,25:26:38.353,B,,,,0,0,0,3294,0.04,,,
3152,3150,91598.3925,25:26:38.393,B,,,,0,0,0,13493,0.04,,,
3153,3155,91598.4325,25:26:38.433,B,,,,0,0,0,16350,0.04,,,
3154,3154,91598.4725,25:26:38.473,B,,,,0,0,0,16534,0.04,,,
3155,3156,91598.5125,25:26:38.513,B,,,,0,0,0,15614,0.04,,,
3156,3149,91598.5525,25:26:38.553,P,,,,0,0,0,59935,0.04,,,
3157,3160,91598.5925,25:26:38.593,B,,,,0,0,0,3352,0.04,,,
3158,3159,91598.6325,25:26:38.633,B,,,,0,0,0,4632,0.04,,,
3159,3161,91598.6725,25:26:38.673,B,,,,0,0,0,2086,0.04,,,
3160,3158,91598.7125,25:26:38.713,B,,,,0,0,0,9674,0.04,,,
3161,3163,91598.7525,25:26:38.753,B,,,,0,0,0,2264,0.04,,,
3162,3162,91598.7925,25:26:38.793,B,,,,0,0,0,4869,0.04,,,
3163,3164,91598.8325,25:26:38.833,B,,,,0,0,0,2337,0.04,,,
3164,3157,91598.8725,25:26:38.873,I,,1920,1080,0,0,1,128875,0.04,,,
3165,3168,91598.9125,25:26:38.913,B,,,,0,0,0,2476,0.04,,,
3166,3167,91598.9525,25:26:38.953,B,,,,0,0,0,5006,0.04,,,
3167,3169,91598.9925,25:26:38.993,B,,,,0,0,0,2268,0.04,,,
3168,3166,91599.0325,25:26:39.033,B,,,,0,0,0,7938,0.04,,,
3169,3171,91599.0725,25:26:39.073,B,,,,0,0,0,15614,0.04,,,
3170,3170,91599.1125,25:26:39.113,B,,,,0,0,0,12678,0.04,,,
3171,3172,91599.1525,25:26:39.153,B,,,,0,0,0,15614,0.04,,,
3172,3165,91599.1925,25:26:39.193,P,,,,0,0,0,31716,0.04,,,
3173,3176,91599.2325,25:26:39.233,B,,,,0,0,0,10291,0.04,,,
3174,3175,91599.2725,25:26:39.273,B,,,,0,0,0,4341,0.04,,,
3175,3177,91599.3125,25:26:39.313,B,,,,0,0,0,15614,0.04,,,
3176,3174,91599.3525,25:26:39.353,B,,,,0,0,0,9057,0.04,,,
3177,3179,91599.3925,25:26:39.393,B,,,,0,0,0,15614,0.04,,,
3178,3178,91599.4325,25:26:39.433,B,,,,0,0,0,15614,0.04,,,
3179,3180,91599.4725,25:26:39.473,B,,,,0,0,0,15062,0.04,,,
3180,3173,91599.5125,25:26:39.513,P,,,,0,0,0,38928,0.04,,,
3181,3184,91599.5525,25:26:39.553,B,,,,0,0,0,4304,0.04,,,
3182,3183,91599.5925,25:26:39.593,B,,,,0,0,0,4528,0.04,,,
3183,3185,91599.6325,25:26:39.633,B,,,,0,0,0,2706,0.04,,,
3184,3182,91599.6725,25:26:39.673,B,,,,0,0,0,5950,0.04,,,
3185,3187,91599.7125,25:26:39.713,B,,,,0,0,0,2084,0.04,,,
3186,3186,91599.7525,25:26:39.753,B,,,,0,0,0,5053,0.04,,,
3187,3188,91599.7925,25:26:39.793,B,,,,0,0,0,1983,0.04,,,
3188,3181,91599.8325,25:26:39.833,I,,1920,1080,0,0,1,98387,0.04,,,
3189,3192,91599.8725,25:26:39.873,B,,,,0,0,0,2126,0.04,,,
3190,3191,91599.9125,25:26:39.913,B,,,,0,0,0,4133,0.04,,,
3191,3190,91599.9525,25:26:39.953,B,,,,0,0,0,6370,0.04,,,
3192,3193,91599.9925,25:26:39.993,B,,,,0,0,0,2151,0.04,,,
3193,3189,91600.0325,25:26:40.033,P,,,,0,0,0,28476,0.04,,,
3194,3194,91600.0725,25:26:40.073,I,,1920,1080,0,1,1,93793,0.04,,,
3195,3198,91600.1125,25:26:40.113,B,,,,0,0,0,5866,0.04,,,
3196,3197,91600.1525,25:26:40.153,B,,,,0,0,0,7231,0.04,,,
3197,3199,91600.1925,25:26:40.193,B,,,,0,0,0,8068,0.04,,,
3198,3196,91600.2325,25:26:40.233,B,,,,0,0,0,10113,0.04,,,
3199,3201,91600.2725,25:26:40.273,B,,,,0,0,0,7493,0.04,,,
3200,3200,91600.3125,25:26:40.313,B,,,,0,0,0,12084,0.04,,,
3201,3202,91600.3525,25:26:40.353,B,,,,0,0,0,6040,0.04,,,
3202,3195,91600.3925,25:26:40.393,P,,,,0,0,0,29073,0.04,,,
3203,3206,91600.4325,25:26:40.433,B,,,,0,0,0,6658,0.04,,,
3204,3205,91600.4725,25:26:40.473,B,,,,0,0,0,8770,0.04,,,
3205,3207,91600.5125,25:26:40.513,B,,,,0,0,0,5610,0.04,,,
3206,3204,91600.5525,25:26:40.553,B,,,,0,0,0,14454,0.04,,,
3207,3209,91600.5925,25:26:40.593,B,,,,0,0,0,7352,0.04,,,
3208,3208,91600.6325,25:26:40.633,B,,,,0,0,0,8485,0.04,,,
3209,3210,91600.6725,25:26:40.673,B,,,,0,0,0,6434,0.04,,,
3210,3203,91600.7125,25:26:40.713,P,,,,0,0,0,43019,0.04,,,
3211,3214,91600.7525,25:26:40.753,B,,,,0,0,0,5773,0.04,,,
3212,3213,91600.7925,25:26:40.793,B,,,,0,0,0,10202,0.04,,,
3213,3215,91600.8325,25:26:40.833,B,,,,0,0,0,4105,0.04,,,
3214,3212,91600.8725,25:26:40.873,B,,,,0,0,0,11460,0.04,,,
3215,3217,91600.9125,25:26:40.913,B,,,,0,0,0,8859,0.04,,,
3216,3216,91600.9525,25:26:40.953,B,,,,0,0,0,6423,0.04,,,
3217,3218,91600.9925,25:26:40.993,B,,,,0,0,0,5244,0.04,,,
3218,3211,91601.0325,25:26:41.033,I,,1920,1080,0,0,1,116663,0.04,,,
3219,3222,91601.0725,25:26:41.073,B,,,,0,0,0,4859,0.04,,,
3220,3221,91601.1125,25:26:41.113,B,,,,0,0,0,8457,0.04,,,
3221,3223,91601.1525,25:26:41.153,B,,,,0,0,0,6378,0.04,,,
3222,3220,91601.1925,25:26:41.193,B,,,,0,0,0,14563,0.04,,,
3223,3225,91601.2325,25:26:41.233,B,,,,0,0,0,7357,0.04,,,
3224,3224,91601.2725,25:26:41.273,B,,,,0,0,0,8944,0.04,,,
3225,3226,91601.3125,25:26:41.313,B,,,,0,0,0,4815,0.04,,,
3226,3219,91601.3525,25:26:41.353,P,,,,0,0,0,43089,0.04,,,
3227,3230,91601.3925,25:26:41.393,B,,,,0,0,0,5688,0.04,,,
3228,3229,91601.4325,25:26:41.433,B,,,,0,0,0,7956,0.04,,,
3229,3228,91601.4725,25:26:41.473,B,,,,0,0,0,12402,0.04,,,
3230,3231,91601.5125,25:26:41.513,B,,,,0,0,0,5248,0.04,,,
3231,3227,91601.5525,25:26:41.553,P,,,,0,0,0,40143,0.04,,,
3232,3232,91601.5925,25:26:41.593,I,,1920,1080,0,1,1,128395,0.04,,,
3233,3236,91601.6325,25:26:41.633,B,,,,0,0,0,4046,0.04,,,
3234,3235,91601.6725,25:26:41.673,B,,,,0,0,0,8582,0.04,,,
3235,3237,91601.7125,25:26:41.713,B,,,,0,0,0,6395,0.04,,,
3236,3234,91601.7525,25:26:41.753,B,,,,0,0,0,13357,0.04,,,
3237,3239,91601.7925,25:26:41.793,B,,,,0,0,0,5483,0.04,,,
3238,3238,91601.8325,25:26:41.833,B,,,,0,0,0,9917,0.04,,,
3239,3240,91601.8725,25:26:41.873,B,,,,0,0,0,5410,0.04,,,
3240,3233,91601.9125,25:26:41.913,P,,,,0,0,0,45862,0.04,,,
3241,3244,91601.9525,25:26:41.953,B,,,,0,0,0,3865,0.04,,,
3242,3243,91601.9925,25:26:41.993,B,,,,0,0,0,6879,0.04,,,
3243,3245,91602.0325,25:26:42.033,B,,,,0,0,0,3401,0.04,,,
3244,3242,91602.0725,25:26:42.073,B,,,,0,0,0,12192,0.04,,,
3245,3247,91602.1125,25:26:42.113,B,,,,0,0,0,1987,0.04,,,
3246,3246,91602.1525,25:26:42.153,B,,,,0,0,0,4220,0.04,,,
3247,3248,91602.1925,25:26:42.193,B,,,,0,0,0,2347,0.04,,,
3248,3241,91602.2325,25:26:42.233,P,,,,0,0,0,54922,0.04,,,
3249,3252,91602.2725,25:26:42.273,B,,,,0,0,0,4654,0.04,,,
3250,3251,91602.3125,25:26:42.313,B,,,,0,0,0,7625,0.04,,,
3251,3253,91602.3525,25:26:42.353,B,,,,0,0,0,4254,0.04,,,
3252,3250,91602.3925,25:26:42.393,B,,,,0,0,0,10197,0.04,,,
3253,3255,91602.4325,25:26:42.433,B,,,,0,0,0,4152,0.04,,,
3254,3254,91602.4725,25:26:42.473,B,,,,0,0,0,8424,0.04,,,
3255,3256,91602.5125,25:26:42.513,B,,,,0,0,0,3979,0.04,,,
3256,3249,91602.5525,25:26:42.553,I,,1920,1080,0,0,1,113138,0.04,,,
3257,3258,91602.5925,25:26:42.593,B,,,,0,0,0,3326,0.04,,,
3258,3257,91602.6325,25:26:42.633,P,,,,0,0,0,46129,0.04,,,
3259,3259,91602.6725,25:26:42.673,I,,1920,1080,0,1,1,75737,0.04,,,
3260,3263,91602.7125,25:26:42.713,B,,,,0,0,0,9848,0.04,,,
3261,3262,91602.7525,25:26:42.753,B,,,,0,0,0,9315,0.04,,,
3262,3264,91602.7925,25:26:42.793,B,,,,0,0,0,6015,0.04,,,
3263,3261,91602.8325,25:26:42.833,B,,,,0,0,0,19228,0.04,,,
3264,3266,91602.8725,25:26:42.873,B,,,,0,0,0,8271,0.04,,,
3265,3265,91602.9125,25:26:42.913,B,,,,0,0,0,9843,0.04,,,
3266,3267,91602.9525,25:26:42.953,B,,,,0,0,0,9748,0.04,,,
3267,3260,91602.9925,25:26:42.993,P,,,,0,0,0,33718,0.04,,,
3268,3271,91603.0325,25:26:43.033,B,,,,0,0,0,7338,0.04,,,
3269,3270,91603.0725,25:26:43.073,B,,,,0,0,0,9536,0.04,,,
3270,3272,91603.1125,25:26:43.113,B,,,,0,0,0,8507,0.04,,,
3271,3269,91603.1525,25:26:43.153,B,,,,0,0,0,13558,0.04,,,
3272,3274,91603.1925,25:26:43.193,B,,,,0,0,0,8874,0.04,,,
3273,3273,91603.2325,25:26:43.233,B,,,,0,0,0,9026,0.04,,,
3274,3275,91603.2725,25:26:43.273,B,,,,0,0,0,6464,0.04,,,
3275,3268,91603.3125,25:26:43.313,P,,,,0,0,0,40328,0.04,,,
3276,3279,91603.3525,25:26:43.353,B,,,,0,0,0,4169,0.04,,,
3277,3278,91603.3925,25:26:43.393,B,,,,0,0,0,9457,0.04,,,
3278,3280,91603.4325,25:26:43.433,B,,,,0,0,0,3590,0.04,,,
3279,3277,91603.4725,25:26:43.473,B,,,,0,0,0,9655,0.04,,,
3280,3282,91603.5125,25:26:43.513,B,,,,0,0,0,2732,0.04,,,
3281,3281,91603.5525,25:26:43.553,B,,,,0,0,0,6695,0.04,,,
3282,3283,91603.5925,25:26:43.593,B,,,,0,0,0,4719,0.04,,,
3283,3276,91603.6325,25:26:43.633,I,,1920,1080,0,0,1,94841,0.04,,,
3284,3287,91603.6725,25:26:43.673,B,,,,0,0,0,5417,0.04,,,
3285,3286,91603.7125,25:26:43.713,B,,,,0,0,0,8133,0.04,,,
3286,3288,91603.7525,25:26:43.753,B,,,,0,0,0,6193,0.04,,,
3287,3285,91603.7925,25:26:43.793,B,,,,0,0,0,20803,0.04,,,
3288,3290,91603.8325,25:26:43.833,B,,,,0,0,0,6849,0.04,,,
3289,3289,91603.8725,25:26:43.873,B,,,,0,0,0,10960,0.04,,,
3290,3284,91603.9125,25:26:43.913,P,,,,0,0,0,35379,0.04,,,
3291,3291,91603.9525,25:26:43.953,I,,1920,1080,0,1,1,83180,0.04,,,
3292,3295,91603.9925,25:26:43.993,B,,,,0,0,0,9064,0.04,,,
3293,3294,91604.0325,25:26:44.033,B,,,,0,0,0,15829,0.04,,,
3294,3296,91604.0725,25:26:44.073,B,,,,0,0,0,8518,0.04,,,
3295,3293,91604.1125,25:26:44.113,B,,,,0,0,0,30774,0.04,,,
3296,3298,91604.1525,25:26:44.153,B,,,,0,0,0,8380,0.04,,,
3297,3297,91604.1925,25:26:44.193,B,,,,0,0,0,15440,0.04,,,
3298,3299,91604.2325,25:26:44.233,B,,,,0,0,0,8280,0.04,,,
3299,3292,91604.2725,25:26:44.273,P,,,,0,0,0,53526,0.04,,,
3300,3303,91604.3125,25:26:44.313,B,,,,0,0,0,7105,0.04,,,
3301,3302,91604.3525,25:26:44.353,B,,,,0,0,0,14367,0.04,,,
3302,3304,91604.3925,25:26:44.393,B,,,,0,0,0,7749,0.04,,,
3303,3301,91604.4325,25:26:44.433,B,,,,0,0,0,25300,0.04,,,
3304,3306,91604.4725,25:26:44.473,B,,,,0,0,0,8508,0.04,,,
3305,3305,91604.5125,25:26:44.513,B,,,,0,0,0,13835,0.04,,,
3306,3307,91604.5525,25:26:44.553,B,,,,0,0,0,7560,0.04,,,
3307,3300,91604.5925,25:26:44.593,P,,,,0,0,0,56854,0.04,,,
3308,3311,91604.6325,25:26:44.633,B,,,,0,0,0,7104,0.04,,,
3309,3310,91604.6725,25:26:44.673,B,,,,0,0,0,13022,0.04,,,
3310,3312,91604.7125,25:26:44.713,B,,,,0,0,0,7571,0.04,,,
3311,3309,91604.7525,25:26:44.753,B,,,,0,0,0,21977,0.04,,,
3312,3314,91604.7925,25:26:44.793,B,,,,0,0,0,7575,0.04,,,
3313,3313,91604.8325,25:26:44.833,B,,,,0,0,0,14785,0.04,,,
3314,3315,91604.8725,25:26:44.873,B,,,,0,0,0,7423,0.04,,,
3315,3308,91604.9125,25:26:44.913,I,,1920,1080,0,0,1,80586,0.04,,,
3316,3319,91604.9525,25:26:44.953,B,,,,0,0,0,8117,0.04,,,
3317,3318,91604.9925,25:26:44.993,B,,,,0,0,0,13437,0.04,,,
3318,3320,91605.0325,25:26:45.033,B,,,,0,0,0,7145,0.04,,,
3319,3317,91605.0725,25:26:45.073,B,,,,0,0,0,23667,0.04,,,
3320,3322,91605.1125,25:26:45.113,B,,,,0,0,0,7051,0.04,,,
3321,3321,91605.1525,25:26:45.153,B,,,,0,0,0,13655,0.04,,,
3322,3323,91605.1925,25:26:45.193,B,,,,0,0,0,7533,0.04,,,
3323,3316,91605.2325,25:26:45.233,P,,,,0,0,0,58249,0.04,,,
3324,3327,91605.2725,25:26:45.273,B,,,,0,0,0,6749,0.04,,,
3325,3326,91605.3125,25:26:45.313,B,,,,0,0,0,15331,0.04,,,
3326,3328,91605.3525,25:26:45.353,B,,,,0,0,0,6581,0.04,,,
3327,3325,91605.3925,25:26:45.393,B,,,,0,0,0,23927,0.04,,,
3328,3330,91605.4325,25:26:45.433,B,,,,0,0,0,7538,0.04,,,
3329,3329,91605.4725,25:26:45.473,B,,,,0,0,0,13075,0.04,,,
3330,3331,91605.5125,25:26:45.513,B,,,,0,0,0,6200,0.04,,,
3331,3324,91605.5525,25:26:45.553,P,,,,0,0,0,52897,0.04,,,
3332,3335,91605.5925,25:26:45.593,B,,,,0,0,0,5996,0.04,,,
3333,3334,91605.6325,25:26:45.633,B,,,,0,0,0,10740,0.04,,,
3334,3336,91605.6725,25:26:45.673,B,,,,0,0,0,5703,0.04,,,
3335,3333,91605.7125,25:26:45.713,B,,,,0,0,0,17188,0.04,,,
3336,3338,91605.7525,25:26:45.753,B,,,,0,0,0,4480,0.04,,,
3337,3337,91605.7925,25:26:45.793,B,,,,0,0,0,9750,0.04,,,
3338,3339,91605.8325,25:26:45.833,B,,,,0,0,0,4288,0.04,,,
3339,3332,91605.8725,25:26:45.873,I,,1920,1080,0,0,1,77910,0.04,,,
3340,3343,91605.9125,25:26:45.913,B,,,,0,0,0,5464,0.04,,,
3341,3342,91605.9525,25:26:45.953,B,,,,0,0,0,8604,0.04,,,
3342,3344,91605.9925,25:26:45.993,B,,,,0,0,0,4409,0.04,,,
3343,3341,91606.0325,25:26:46.033,B,,,,0,0,0,17263,0.04,,,
3344,3346,91606.0725,25:26:46.073,B,,,,0,0,0,5374,0.04,,,
3345,3345,91606.1125,25:26:46.113,B,,,,0,0,0,10497,0.04,,,
3346,3347,91606.1525,25:26:46.153,B,,,,0,0,0,5812,0.04,,,
3347,3340,91606.1925,25:26:46.193,P,,,,0,0,0,45117,0.04,,,
3348,3351,91606.2325,25:26:46.233,B,,,,0,0,0,4909,0.04,,,
3349,3350,91606.2725,25:26:46.273,B,,,,0,0,0,12392,0.04,,,
3350,3352,91606.3125,25:26:46.313,B,,,,0,0,0,5208,0.04,,,
3351,3349,91606.3525,25:26:46.353,B,,,,0,0,0,19428,0.04,,,
3352,3354,91606.3925,25:26:46.393,B,,,,0,0,0,16166,0.04,,,
3353,3353,91606.4325,25:26:46.433,B,,,,0,0,0,15622,0.04,,,
3354,3355,91606.4725,25:26:46.473,B,,,,0,0,0,15062,0.04,,,
3355,3348,91606.5125,25:26:46.513,P,,,,0,0,0,45107,0.04,,,
3356,3359,91606.5525,25:26:46.553,B,,,,0,0,0,5001,0.04,,,
3357,3358,91606.5925,25:26:46.593,B,,,,0,0,0,9832,0.04,,,
3358,3360,91606.6325,25:26:46.633,B,,,,0,0,0,4952,0.04,,,
3359,3357,91606.6725,25:26:46.673,B,,,,0,0,0,15698,0.04,,,
3360,3362,91606.7125,25:26:46.713,B,,,,0,0,0,4100,0.04,,,
3361,3361,91606.7525,25:26:46.753,B,,,,0,0,0,10929,0.04,,,
3362,3363,91606.7925,25:26:46.793,B,,,,0,0,0,4683,0.04,,,
3363,3356,91606.8325,25:26:46.833,I,,1920,1080,0,0,1,81979,0.04,,,
3364,3367,91606.8725,25:26:46.873,B,,,,0,0,0,5161,0.04,,,
3365,3366,91606.9125,25:26:46.913,B,,,,0,0,0,9221,0.04,,,
3366,3368,91606.9525,25:26:46.953,B,,,,0,0,0,4897,0.04,,,
3367,3365,91606.9925,25:26:46.993,B,,,,0,0,0,16408,0.04,,,
3368,3370,91607.0325,25:26:47.033,B,,,,0,0,0,4886,0.04,,,
3369,3369,91607.0725,25:26:47.073,B,,,,0,0,0,10053,0.04,,,
3370,3371,91607.1125,25:26:47.113,B,,,,0,0,0,4863,0.04,,,
3371,3364,91607.1525,25:26:47.153,P,,,,0,0,0,41513,0.04,,,
3372,3375,91607.1925,25:26:47.193,B,,,,0,0,0,4654,0.04,,,
3373,3374,91607.2325,25:26:47.233,B,,,,0,0,0,12186,0.04,,,
3374,3376,91607.2725,25:26:47.273,B,,,,0,0,0,4900,0.04,,,
3375,3373,91607.3125,25:26:47.313,B,,,,0,0,0,16292,0.04,,,
3376,3378,91607.3525,25:26:47.353,B,,,,0,0,0,6054,0.04,,,
3377,3377,91607.3925,25:26:47.393,B,,,,0,0,0,7976,0.04,,,
3378,3372,91607.4325,25:26:47.433,P,,,,0,0,0,35996,0.04,,,
3379,3379,91607.4725,25:26:47.473,I,,1920,1080,0,1,1,119262,0.04,,,
3380,3383,91607.5125,25:26:47.513,B,,,,0,0,0,5947,0.04,,,
3381,3382,91607.5525,25:26:47.553,B,,,,0,0,0,8060,0.04,,,
3382,3384,91607.5925,25:26:47.593,B,,,,0,0,0,5272,0.04,,,
3383,3381,91607.6325,25:26:47.633,B,,,,0,0,0,13009,0.04,,,
3384,3386,91607.6725,25:26:47.673,B,,,,0,0,0,4838,0.04,,,
3385,3385,91607.7125,25:26:47.713,B,,,,0,0,0,7876,0.04,,,
3386,3387,91607.7525,25:26:47.753,B,,,,0,0,0,4299,0.04,,,
3387,3380,91607.7925,25:26:47.793,P,,,,0,0,0,36155,0.04,,,
3388,3391,91607.8325,25:26:47.833,B,,,,0,0,0,4193,0.04,,,
3389,3390,91607.8725,25:26:47.873,B,,,,0,0,0,8085,0.04,,,
3390,3392,91607.9125,25:26:47.913,B,,,,0,0,0,5799,0.04,,,
3391,3389,91607.9525,25:26:47.953,B,,,,0,0,0,14562,0.04,,,
3392,3394,91607.9925,25:26:47.993,B,,,,0,0,0,4746,0.04,,,
3393,3393,91608.0325,25:26:48.033,B,,,,0,0,0,7853,0.04,,,
3394,3395,91608.0725,25:26:48.073,B,,,,0,0,0,4818,0.04,,,
3395,3388,91608.1125,25:26:48.113,P,,,,0,0,0,59755,0.04,,,
3396,3399,91608.1525,25:26:48.153,B,,,,0,0,0,4827,0.04,,,
3397,3398,91608.1925,25:26:48.193,B,,,,0,0,0,6846,0.04,,,
3398,3400,91608.2325,25:26:48.233,B,,,,0,0,0,2989,0.04,,,
3399,3397,91608.2725,25:26:48.273,B,,,,0,0,0,12829,0.04,,,
3400,3402,91608.3125,25:26:48.313,B,,,,0,0,0,3517,0.04,,,
3401,3401,91608.3525,25:26:48.353,B,,,,0,0,0,6770,0.04,,,
3402,3403,91608.3925,25:26:48.393,B,,,,0,0,0,5179,0.04,,,
3403,3396,91608.4325,25:26:48.433,I,,1920,1080,0,0,1,134984,0.04,,,
3404,3407,91608.4725,25:26:48.473,B,,,,0,0,0,6039,0.04,,,
3405,3406,91608.5125,25:26:48.513,B,,,,0,0,0,11818,0.04,,,
3406,3408,91608.5525,25:26:48.553,B,,,,0,0,0,6527,0.04,,,
3407,3405,91608.5925,25:26:48.593,B,,,,0,0,0,22598,0.04,,,
3408,3410,91608.6325,25:26:48.633,B,,,,0,0,0,6012,0.04,,,
3409,3409,91608.6725,25:26:48.673,B,,,,0,0,0,10595,0.04,,,
3410,3411,91608.7125,25:26:48.713,B,,,,0,0,0,6123,0.04,,,
3411,3404,91608.7525,25:26:48.753,P,,,,0,0,0,62294,0.04,,,
3412,3415,91608.7925,25:26:48.793,B,,,,0,0,0,4690,0.04,,,
3413,3414,91608.8325,25:26:48.833,B,,,,0,0,0,8727,0.04,,,
3414,3416,91608.8725,25:26:48.873,B,,,,0,0,0,4643,0.04,,,
3415,3413,91608.9125,25:26:48.913,B,,,,0,0,0,15853,0.04,,,
3416,3418,91608.9525,25:26:48.953,B,,,,0,0,0,4769,0.04,,,
3417,3417,91608.9925,25:26:48.993,B,,,,0,0,0,10218,0.04,,,
3418,3419,91609.0325,25:26:49.033,B,,,,0,0,0,5284,0.04,,,
3419,3412,91609.0725,25:26:49.073,P,,,,0,0,0,62827,0.04,,,
3420,3423,91609.1125,25:26:49.113,B,,,,0,0,0,3097,0.04,,,
3421,3422,91609.1525,25:26:49.153,B,,,,0,0,0,4586,0.04,,,
3422,3424,91609.1925,25:26:49.193,B,,,,0,0,0,2315,0.04,,,
3423,3421,91609.2325,25:26:49.233,B,,,,0,0,0,12915,0.04,,,
3424,3426,91609.2725,25:26:49.273,B,,,,0,0,0,3572,0.04,,,
3425,3425,91609.3125,25:26:49.313,B,,,,0,0,0,7979,0.04,,,
3426,3427,91609.3525,25:26:49.353,B,,,,0,0,0,5045,0.04,,,
3427,3420,91609.3925,25:26:49.393,I,,1920,1080,0,0,1,116211,0.04,,,
3428,3431,91609.4325,25:26:49.433,B,,,,0,0,0,3001,0.04,,,
3429,3430,91609.4725,25:26:49.473,B,,,,0,0,0,6319,0.04,,,
3430,3432,91609.5125,25:26:49.513,B,,,,0,0,0,3675,0.04,,,
3431,3429,91609.5525,25:26:49.553,B,,,,0,0,0,12524,0.04,,,
3432,3434,91609.5925,25:26:49.593,B,,,,0,0,0,17086,0.04,,,
3433,3433,91609.6325,25:26:49.633,B,,,,0,0,0,10470,0.04,,,
3434,3435,91609.6725,25:26:49.673,B,,,,0,0,0,16902,0.04,,,
3435,3428,91609.7125,25:26:49.713,P,,,,0,0,0,40956,0.04,,,
3436,3439,91609.7525,25:26:49.753,B,,,,0,0,0,16907,0.04,,,
3437,3438,91609.7925,25:26:49.793,B,,,,0,0,0,10286,0.04,,,
3438,3440,91609.8325,25:26:49.833,B,,,,0,0,0,17086,0.04,,,
3439,3437,91609.8725,25:26:49.873,B,,,,0,0,0,8459,0.04,,,
3440,3442,91609.9125,25:26:49.913,B,,,,0,0,0,16350,0.04,,,
3441,3441,91609.9525,25:26:49.953,B,,,,0,0,0,16902,0.04,,,
3442,3443,91609.9925,25:26:49.993,B,,,,0,0,0,15062,0.04,,,
3443,3436,91610.0325,25:26:50.033,P,,,,0,0,0,32405,0.04,,,
3444,3447,91610.0725,25:26:50.073,B,,,,0,0,0,3590,0.04,,,
3445,3446,91610.1125,25:26:50.113,B,,,,0,0,0,3896,0.04,,,
3446,3448,91610.1525,25:26:50.153,B,,,,0,0,0,2098,0.04,,,
3447,3445,91610.1925,25:26:50.193,B,,,,0,0,0,5492,0.04,,,
3448,3450,91610.2325,25:26:50.233,B,,,,0,0,0,2735,0.04,,,
3449,3449,91610.2725,25:26:50.273,B,,,,0,0,0,4532,0.04,,,
3450,3451,91610.3125,25:26:50.313,B,,,,0,0,0,2983,0.04,,,
3451,3444,91610.3525,25:26:50.353,I,,1920,1080,0,0,1,97962,0.04,,,
3452,3454,91610.3925,25:26:50.393,B,,,,0,0,0,2588,0.04,,,
3453,3453,91610.4325,25:26:50.433,B,,,,0,0,0,4954,0.04,,,
3454,3455,91610.4725,25:26:50.473,B,,,,0,0,0,3769,0.04,,,
3455,3452,91610.5125,25:26:50.513,P,,,,0,0,0,34631,0.04,,,
3456,3456,91610.5525,25:26:50.553,I,,1920,1080,0,1,1,141910,0.04,,,
3457,3460,91610.5925,25:26:50.593,B,,,,0,0,0,6816,0.04,,,
3458,3459,91610.6325,25:26:50.633,B,,,,0,0,0,11906,0.04,,,
3459,3461,91610.6725,25:26:50.673,B,,,,0,0,0,6909,0.04,,,
3460,3458,91610.7125,25:26:50.713,B,,,,0,0,0,19314,0.04,,,
3461,3463,91610.7525,25:26:50.753,B,,,,0,0,0,6904,0.04,,,
3462,3462,91610.7925,25:26:50.793,B,,,,0,0,0,11891,0.04,,,
3463,3464,91610.8325,25:26:50.833,B,,,,0,0,0,6680,0.04,,,
3464,3457,91610.8725,25:26:50.873,P,,,,0,0,0,68346,0.04,,,
3465,3468,91610.9125,25:26:50.913,B,,,,0,0,0,5732,0.04,,,
3466,3467,91610.9525,25:26:50.953,B,,,,0,0,0,9340,0.04,,,
3467,3469,91610.9925,25:26:50.993,B,,,,0,0,0,5496,0.04,,,
3468,3466,91611.0325,25:26:51.033,B,,,,0,0,0,16829,0.04,,,
3469,3471,91611.0725,25:26:51.073,B,,,,0,0,0,5462,0.04,,,
3470,3470,91611.1125,25:26:51.113,B,,,,0,0,0,10001,0.04,,,
3471,3472,91611.1525,25:26:51.153,B,,,,0,0,0,5679,0.04,,,
3472,3465,91611.1925,25:26:51.193,P,,,,0,0,0,59637,0.04,,,
3473,3476,91611.2325,25:26:51.233,B,,,,0,0,0,5119,0.04,,,
3474,3475,91611.2725,25:26:51.273,B,,,,0,0,0,8603,0.04,,,
3475,3477,91611.3125,25:26:51.313,B,,,,0,0,0,5838,0.04,,,
3476,3474,91611.3525,25:26:51.353,B,,,,0,0,0,14783,0.04,,,
3477,3479,91611.3925,25:26:51.393,B,,,,0,0,0,6072,0.04,,,
3478,3478,91611.4325,25:26:51.433,B,,,,0,0,0,9553,0.04,,,
3479,3480,91611.4725,25:26:51.473,B,,,,0,0,0,5305,0.04,,,
3480,3473,91611.5125,25:26:51.513,I,,1920,1080,0,0,1,151358,0.04,,,
3481,3484,91611.5525,25:26:51.553,B,,,,0,0,0,4884,0.04,,,
3482,3483,91611.5925,25:26:51.593,B,,,,0,0,0,8668,0.04,,,
3483,3485,91611.6325,25:26:51.633,B,,,,0,0,0,5247,0.04,,,
3484,3482,91611.6725,25:26:51.673,B,,,,0,0,0,15057,0.04,,,
3485,3487,91611.7125,25:26:51.713,B,,,,0,0,0,5045,0.04,,,
3486,3486,91611.7525,25:26:51.753,B,,,,0,0,0,8608,0.04,,,
3487,3488,91611.7925,25:26:51.793,B,,,,0,0,0,5638,0.04,,,
3488,3481,91611.8325,25:26:51.833,P,,,,0,0,0,60447,0.04,,,
3489,3492,91611.8725,25:26:51.873,B,,,,0,0,0,5112,0.04,,,
3490,3491,91611.9125,25:26:51.913,B,,,,0,0,0,9931,0.04,,,
3491,3493,91611.9525,25:26:51.953,B,,,,0,0,0,4575,0.04,,,
3492,3490,91611.9925,25:26:51.993,B,,,,0,0,0,15981,0.04,,,
3493,3495,91612.0325,25:26:52.033,B,,,,0,0,0,3604,0.04,,,
3494,3494,91612.0725,25:26:52.073,B,,,,0,0,0,8108,0.04,,,
3495,3496,91612.1125,25:26:52.113,B,,,,0,0,0,11206,0.04,,,
3496,3489,91612.1525,25:26:52.153,P,,,,0,0,0,67749,0.04,,,
3497,3500,91612.1925,25:26:52.193,B,,,,0,0,0,4202,0.04,,,
3498,3499,91612.2325,25:26:52.233,B,,,,0,0,0,7978,0.04,,,
3499,3501,91612.2725,25:26:52.273,B,,,,0,0,0,4666,0.04,,,
3500,3498,91612.3125,25:26:52.313,B,,,,0,0,0,17788,0.04,,,
3501,3503,91612.3525,25:26:52.353,B,,,,0,0,0,5905,0.04,,,
3502,3502,91612.3925,25:26:52.393,B,,,,0,0,0,10182,0.04,,,
3503,3504,91612.4325,25:26:52.433,B,,,,0,0,0,5983,0.04,,,
3504,3497,91612.4725,25:26:52.473,I,,1920,1080,0,0,1,130161,0.04,,,
3505,3508,91612.5125,25:26:52.513,B,,,,0,0,0,6661,0.04,,,
3506,3507,91612.5525,25:26:52.553,B,,,,0,0,0,11997,0.04,,,
3507,3509,91612.5925,25:26:52.593,B,,,,0,0,0,7317,0.04,,,
3508,3506,91612.6325,25:26:52.633,B,,,,0,0,0,21855,0.04,,,
3509,3511,91612.6725,25:26:52.673,B,,,,0,0,0,7057,0.04,,,
3510,3510,91612.7125,25:26:52.713,B,,,,0,0,0,12367,0.04,,,
3511,3512,91612.7525,25:26:52.753,B,,,,0,0,0,7314,0.04,,,
3512,3505,91612.7925,25:26:52.793,P,,,,0,0,0,64625,0.04,,,
3513,3516,91612.8325,25:26:52.833,B,,,,0,0,0,8002,0.04,,,
3514,3515,91612.8725,25:26:52.873,B,,,,0,0,0,13472,0.04,,,
3515,3517,91612.9125,25:26:52.913,B,,,,0,0,0,7048,0.04,,,
3516,3514,91612.9525,25:26:52.953,B,,,,0,0,0,22892,0.04,,,
3517,3519,91612.9925,25:26:52.993,B,,,,0,0,0,6958,0.04,,,
3518,3518,91613.0325,25:26:53.033,B,,,,0,0,0,12758,0.04,,,
3519,3520,91613.0725,25:26:53.073,B,,,,0,0,0,7599,0.04,,,
3520,3513,91613.1125,25:26:53.113,P,,,,0,0,0,67384,0.04,,,
3521,3524,91613.1525,25:26:53.153,B,,,,0,0,0,6763,0.04,,,
3522,3523,91613.1925,25:26:53.193,B,,,,0,0,0,12086,0.04,,,
3523,3525,91613.2325,25:26:53.233,B,,,,0,0,0,7065,0.04,,,
3524,3522,91613.2725,25:26:53.273,B,,,,0,0,0,20054,0.04,,,
3525,3527,91613.3125,25:26:53.313,B,,,,0,0,0,6814,0.04,,,
3526,3526,91613.3525,25:26:53.353,B,,,,0,0,0,11744,0.04,,,
3527,3528,91613.3925,25:26:53.393,B,,,,0,0,0,5918,0.04,,,
3528,3521,91613.4325,25:26:53.433,I,,1920,1080,0,0,1,124251,0.04,,,
3529,3532,91613.4725,25:26:53.473,B,,,,0,0,0,4977,0.04,,,
3530,3531,91613.5125,25:26:53.513,B,,,,0,0,0,10007,0.04,,,
3531,3533,91613.5525,25:26:53.553,B,,,,0,0,0,5620,0.04,,,
3532,3530,91613.5925,25:26:53.593,B,,,,0,0,0,19091,0.04,,,
3533,3535,91613.6325,25:26:53.633,B,,,,0,0,0,5910,0.04,,,
3534,3534,91613.6725,25:26:53.673,B,,,,0,0,0,10710,0.04,,,
3535,3536,91613.7125,25:26:53.713,B,,,,0,0,0,6332,0.04,,,
3536,3529,91613.7525,25:26:53.753,P,,,,0,0,0,51295,0.04,,,
3537,3540,91613.7925,25:26:53.793,B,,,,0,0,0,6146,0.04,,,
3538,3539,91613.8325,25:26:53.833,B,,,,0,0,0,10849,0.04,,,
3539,3541,91613.8725,25:26:53.873,B,,,,0,0,0,6192,0.04,,,
3540,3538,91613.9125,25:26:53.913,B,,,,0,0,0,20967,0.04,,,
3541,3543,91613.9525,25:26:53.953,B,,,,0,0,0,6265,0.04,,,
3542,3542,91613.9925,25:26:53.993,B,,,,0,0,0,10629,0.04,,,
3543,3544,91614.0325,25:26:54.033,B,,,,0,0,0,5594,0.04,,,
3544,3537,91614.0725,25:26:54.073,P,,,,0,0,0,57909,0.04,,,
3545,3548,91614.1125,25:26:54.113,B,,,,0,0,0,6110,0.04,,,
3546,3547,91614.1525,25:26:54.153,B,,,,0,0,0,11142,0.04,,,
3547,3549,91614.1925,25:26:54.193,B,,,,0,0,0,6423,0.04,,,
3548,3546,91614.2325,25:26:54.233,B,,,,0,0,0,20272,0.04,,,
3549,3551,91614.2725,25:26:54.273,B,,,,0,0,0,6727,0.04,,,
3550,3550,91614.3125,25:26:54.313,B,,,,0,0,0,11415,0.04,,,
3551,3552,91614.3525,25:26:54.353,B,,,,0,0,0,6305,0.04,,,
3552,3545,91614.3925,25:26:54.393,I,,1920,1080,0,0,1,111166,0.04,,,
3553,3556,91614.4325,25:26:54.433,B,,,,0,0,0,7037,0.04,,,
3554,3555,91614.4725,25:26:54.473,B,,,,0,0,0,12766,0.04,,,
3555,3557,91614.5125,25:26:54.513,B,,,,0,0,0,8385,0.04,,,
3556,3554,91614.5525,25:26:54.553,B,,,,0,0,0,23806,0.04,,,
3557,3559,91614.5925,25:26:54.593,B,,,,0,0,0,7661,0.04,,,
3558,3558,91614.6325,25:26:54.633,B,,,,0,0,0,12754,0.04,,,
3559,3560,91614.6725,25:26:54.673,B,,,,0,0,0,7256,0.04,,,
3560,3553,91614.7125,25:26:54.713,P,,,,0,0,0,63132,0.04,,,
3561,3564,91614.7525,25:26:54.753,B,,,,0,0,0,7631,0.04,,,
3562,3563,91614.7925,25:26:54.793,B,,,,0,0,0,12736,0.04,,,
3563,3565,91614.8325,25:26:54.833,B,,,,0,0,0,7544,0.04,,,
3564,3562,91614.8725,25:26:54.873,B,,,,0,0,0,25993,0.04,,,
3565,3567,91614.9125,25:26:54.913,B,,,,0,0,0,6590,0.04,,,
3566,3566,91614.9525,25:26:54.953,B,,,,0,0,0,10298,0.04,,,
3567,3568,91614.9925,25:26:54.993,B,,,,0,0,0,6346,0.04,,,
3568,3561,91615.0325,25:26:55.033,P,,,,0,0,0,70661,0.04,,,
3569,3571,91615.0725,25:26:55.073,B,,,,0,0,0,5967,0.04,,,
3570,3570,91615.1125,25:26:55.113,B,,,,0,0,0,9262,0.04,,,
3571,3572,91615.1525,25:26:55.153,B,,,,0,0,0,6756,0.04,,,
3572,3569,91615.1925,25:26:55.193,P,,,,0,0,0,48487,0.04,,,
3573,3573,91615.2325,25:26:55.233,I,,1920,1080,0,1,1,99871,0.04,,,
3574,3577,91615.2725,25:26:55.273,B,,,,0,0,0,3601,0.04,,,
3575,3576,91615.3125,25:26:55.313,B,,,,0,0,0,6542,0.04,,,
3576,3578,91615.3525,25:26:55.353,B,,,,0,0,0,6245,0.04,,,
3577,3575,91615.3925,25:26:55.393,B,,,,0,0,0,19546,0.04,,,
3578,3580,91615.4325,25:26:55.433,B,,,,0,0,0,7091,0.04,,,
3579,3579,91615.4725,25:26:55.473,B,,,,0,0,0,10803,0.04,,,
3580,3581,91615.5125,25:26:55.513,B,,,,0,0,0,8043,0.04,,,
3581,3574,91615.5525,25:26:55.553,P,,,,0,0,0,38399,0.04,,,
3582,3584,91615.5925,25:26:55.593,B,,,,0,0,0,11382,0.04,,,
3583,3583,91615.6325,25:26:55.633,B,,,,0,0,0,27301,0.04,,,
3584,3585,91615.6725,25:26:55.673,B,,,,0,0,0,15212,0.04,,,
3585,3582,91615.7125,25:26:55.713,P,,,,0,0,0,61789,0.04,,,
3586,3586,91615.7525,25:26:55.753,P,,,,0,0,0,49369,0.04,,,
3587,3590,91615.7925,25:26:55.793,B,,,,0,0,0,20176,0.04,,,
3588,3589,91615.8325,25:26:55.833,B,,,,0,0,0,27604,0.04,,,
3589,3588,91615.8725,25:26:55.873,B,,,,0,0,0,40699,0.04,,,
3590,3591,91615.9125,25:26:55.913,B,,,,0,0,0,19038,0.04,,,
3591,3587,91615.9525,25:26:55.953,P,,,,0,0,0,53162,0.04,,,
3592,3592,91615.9925,25:26:55.993,P,,,,0,0,0,41816,0.04,,,
3593,3596,91616.0325,25:26:56.033,B,,,,0,0,0,21776,0.04,,,
3594,3595,91616.0725,25:26:56.073,B,,,,0,0,0,25059,0.04,,,
3595,3594,91616.1125,25:26:56.113,B,,,,0,0,0,27474,0.04,,,
3596,3597,91616.1525,25:26:56.153,B,,,,0,0,0,11532,0.04,,,
3597,3593,91616.1925,25:26:56.193,I,,1920,1080,0,0,1,68630,0.04,,,
3598,3601,91616.2325,25:26:56.233,B,,,,0,0,0,8213,0.04,,,
3599,3600,91616.2725,25:26:56.273,B,,,,0,0,0,12510,0.04,,,
3600,3599,91616.3125,25:26:56.313,B,,,,0,0,0,25414,0.04,,,
3601,3603,91616.3525,25:26:56.353,B,,,,0,0,0,11995,0.04,,,
3602,3602,91616.3925,25:26:56.393,B,,,,0,0,0,15969,0.04,,,
3603,3598,91616.4325,25:26:56.433,P,,,,0,0,0,46874,0.04,,,
3604,3605,91616.4725,25:26:56.473,B,,,,0,0,0,8711,0.04,,,
3605,3604,91616.5125,25:26:56.513,P,,,,0,0,0,43729,0.04,,,
3606,3609,91616.5525,25:26:56.553,B,,,,0,0,0,7109,0.04,,,
3607,3608,91616.5925,25:26:56.593,B,,,,0,0,0,9064,0.04,,,
3608,3607,91616.6325,25:26:56.633,B,,,,0,0,0,32453,0.04,,,
3609,3610,91616.6725,25:26:56.673,B,,,,0,0,0,7099,0.04,,,
3610,3606,91616.7125,25:26:56.713,P,,,,0,0,0,45175,0.04,,,
3611,3613,91616.7525,25:26:56.753,B,,,,0,0,0,7894,0.04,,,
3612,3612,91616.7925,25:26:56.793,B,,,,0,0,0,5415,0.04,,,
3613,3611,91616.8325,25:26:56.833,P,,,,0,0,0,32136,0.04,,,
3614,3615,91616.8725,25:26:56.873,B,,,,0,0,0,11154,0.04,,,
3615,3614,91616.9125,25:26:56.913,P,,,,0,0,0,61885,0.04,,,
3616,3618,91616.9525,25:26:56.953,B,,,,0,0,0,13034,0.04,,,
3617,3617,91616.9925,25:26:56.993,B,,,,0,0,0,10264,0.04,,,
3618,3616,91617.0325,25:26:57.033,P,,,,0,0,0,58071,0.04,,,
3619,3621,91617.0725,25:26:57.073,B,,,,0,0,0,22798,0.04,,,
3620,3620,91617.1125,25:26:57.113,B,,,,0,0,0,2473,0.04,,,
3621,3619,91617.1525,25:26:57.153,P,,,,0,0,0,40393,0.04,,,
3622,3622,91617.1925,25:26:57.193,I,,1920,1080,0,1,1,118418,0.04,,,
3623,3626,91617.2325,25:26:57.233,B,,,,0,0,0,4591,0.04,,,
3624,3625,91617.2725,25:26:57.273,B,,,,0,0,0,8277,0.04,,,
3625,3627,91617.3125,25:26:57.313,B,,,,0,0,0,6043,0.04,,,
3626,3624,91617.3525,25:26:57.353,B,,,,0,0,0,15351,0.04,,,
3627,3629,91617.3925,25:26:57.393,B,,,,0,0,0,6182,0.04,,,
3628,3628,91617.4325,25:26:57.433,B,,,,0,0,0,9957,0.04,,,
3629,3630,91617.4725,25:26:57.473,B,,,,0,0,0,5324,0.04,,,
3630,3623,91617.5125,25:26:57.513,P,,,,0,0,0,52257,0.04,,,
3631,3634,91617.5525,25:26:57.553,B,,,,0,0,0,18755,0.04,,,
3632,3633,91617.5925,25:26:57.593,B,,,,0,0,0,7128,0.04,,,
3633,3635,91617.6325,25:26:57.633,B,,,,0,0,0,25550,0.04,,,
3634,3632,91617.6725,25:26:57.673,B,,,,0,0,0,12489,0.04,,,
3635,3637,91617.7125,25:26:57.713,B,,,,0,0,0,25182,0.04,,,
3636,3636,91617.7525,25:26:57.753,B,,,,0,0,0,25734,0.04,,,
3637,3638,91617.7925,25:26:57.793,B,,,,0,0,0,23526,0.04,,,
3638,3631,91617.8325,25:26:57.833,P,,,,0,0,0,59496,0.04,,,
3639,3642,91617.8725,25:26:57.873,B,,,,0,0,0,6121,0.04,,,
3640,3641,91617.9125,25:26:57.913,B,,,,0,0,0,9506,0.04,,,
3641,3643,91617.9525,25:26:57.953,B,,,,0,0,0,4598,0.04,,,
3642,3640,91617.9925,25:26:57.993,B,,,,0,0,0,15017,0.04,,,
3643,3645,91618.0325,25:26:58.033,B,,,,0,0,0,4404,0.04,,,
3644,3644,91618.0725,25:26:58.073,B,,,,0,0,0,7648,0.04,,,
3645,3646,91618.1125,25:26:58.113,B,,,,0,0,0,4683,0.04,,,
3646,3639,91618.1525,25:26:58.153,I,,1920,1080,0,0,1,135629,0.04,,,
3647,3650,91618.1925,25:26:58.193,B,,,,0,0,0,4759,0.04,,,
3648,3649,91618.2325,25:26:58.233,B,,,,0,0,0,7876,0.04,,,
3649,3651,91618.2725,25:26:58.273,B,,,,0,0,0,6068,0.04,,,
3650,3648,91618.3125,25:26:58.313,B,,,,0,0,0,14612,0.04,,,
3651,3653,91618.3525,25:26:58.353,B,,,,0,0,0,6289,0.04,,,
3652,3652,91618.3925,25:26:58.393,B,,,,0,0,0,10191,0.04,,,
3653,3654,91618.4325,25:26:58.433,B,,,,0,0,0,17638,0.04,,,
3654,3647,91618.4725,25:26:58.473,P,,,,0,0,0,61915,0.04,,,
3655,3658,91618.5125,25:26:58.513,B,,,,0,0,0,4112,0.04,,,
3656,3657,91618.5525,25:26:58.553,B,,,,0,0,0,7852,0.04,,,
3657,3659,91618.5925,25:26:58.593,B,,,,0,0,0,7158,0.04,,,
3658,3656,91618.6325,25:26:58.633,B,,,,0,0,0,13421,0.04,,,
3659,3661,91618.6725,25:26:58.673,B,,,,0,0,0,15982,0.04,,,
3660,3660,91618.7125,25:26:58.713,B,,,,0,0,0,16350,0.04,,,
3661,3655,91618.7525,25:26:58.753,P,,,,0,0,0,52106,0.04,,,
3662,3662,91618.7925,25:26:58.793,I,,1920,1080,0,1,1,212695,0.04,,,码率突刺
3663,3666,91618.8325,25:26:58.833,B,,,,0,0,0,7733,0.04,,,
3664,3665,91618.8725,25:26:58.873,B,,,,0,0,0,15352,0.04,,,
3665,3667,91618.9125,25:26:58.913,B,,,,0,0,0,9632,0.04,,,
3666,3664,91618.9525,25:26:58.953,B,,,,0,0,0,30000,0.04,,,
3667,3669,91618.9925,25:26:58.993,B,,,,0,0,0,9827,0.04,,,
3668,3668,91619.0325,25:26:59.033,B,,,,0,0,0,21806,0.04,,,
3669,3670,91619.0725,25:26:59.073,B,,,,0,0,0,13097,0.04,,,
3670,3663,91619.1125,25:26:59.113,P,,,,0,0,0,105533,0.04,,,
3671,3674,91619.1525,25:26:59.153,B,,,,0,0,0,10972,0.04,,,
3672,3673,91619.1925,25:26:59.193,B,,,,0,0,0,22304,0.04,,,
3673,3675,91619.2325,25:26:59.233,B,,,,0,0,0,12311,0.04,,,
3674,3672,91619.2725,25:26:59.273,B,,,,0,0,0,37642,0.04,,,
3675,3677,91619.3125,25:26:59.313,B,,,,0,0,0,13327,0.04,,,
3676,3676,91619.3525,25:26:59.353,B,,,,0,0,0,24040,0.04,,,
3677,3678,91619.3925,25:26:59.393,B,,,,0,0,0,14052,0.04,,,
3678,3671,91619.4325,25:26:59.433,P,,,,0,0,0,93305,0.04,,,
3679,3682,91619.4725,25:26:59.473,B,,,,0,0,0,14445,0.04,,,
3680,3681,91619.5125,25:26:59.513,B,,,,0,0,0,27640,0.04,,,
3681,3683,91619.5525,25:26:59.553,B,,,,0,0,0,15195,0.04,,,
3682,3680,91619.5925,25:26:59.593,B,,,,0,0,0,40025,0.04,,,
3683,3685,91619.6325,25:26:59.633,B,,,,0,0,0,15282,0.04,,,
3684,3684,91619.6725,25:26:59.673,B,,,,0,0,0,27204,0.04,,,
3685,3686,91619.7125,25:26:59.713,B,,,,0,0,0,15825,0.04,,,
3686,3679,91619.7525,25:26:59.753,I,,1920,1080,0,0,1,178864,0.04,,,
3687,3690,91619.7925,25:26:59.793,B,,,,0,0,0,17152,0.04,,,
3688,3689,91619.8325,25:26:59.833,B,,,,0,0,0,28448,0.04,,,
3689,3691,91619.8725,25:26:59.873,B,,,,0,0,0,16067,0.04,,,
3690,3688,91619.9125,25:26:59.913,B,,,,0,0,0,38055,0.04,,,
3691,3693,91619.9525,25:26:59.953,B,,,,0,0,0,15235,0.04,,,
3692,3692,91619.9925,25:26:59.993,B,,,,0,0,0,23220,0.04,,,
3693,3694,91620.0325,25:27:00.033,B,,,,0,0,0,13292,0.04,,,
3694,3687,91620.0725,25:27:00.073,P,,,,0,0,0,71806,0.04,,,
3695,3698,91620.1125,25:27:00.113,B,,,,0,0,0,13560,0.04,,,
3696,3697,91620.1525,25:27:00.153,B,,,,0,0,0,20945,0.04,,,
3697,3699,91620.1925,25:27:00.193,B,,,,0,0,0,12896,0.04,,,
3698,3696,91620.2325,25:27:00.233,B,,,,0,0,0,30274,0.04,,,
3699,3701,91620.2725,25:27:00.273,B,,,,0,0,0,12831,0.04,,,
3700,3700,91620.3125,25:27:00.313,B,,,,0,0,0,19625,0.04,,,
3701,3702,91620.3525,25:27:00.353,B,,,,0,0,0,11955,0.04,,,
3702,3695,91620.3925,25:27:00.393,P,,,,0,0,0,70279,0.04,,,
3703,3706,91620.4325,25:27:00.433,B,,,,0,0,0,11117,0.04,,,
3704,3705,91620.4725,25:27:00.473,B,,,,0,0,0,16277,0.04,,,
3705,3707,91620.5125,25:27:00.513,B,,,,0,0,0,11720,0.04,,,
3706,3704,91620.5525,25:27:00.553,B,,,,0,0,0,27831,0.04,,,
3707,3709,91620.5925,25:27:00.593,B,,,,0,0,0,12575,0.04,,,
3708,3708,91620.6325,25:27:00.633,B,,,,0,0,0,17082,0.04,,,
3709,3710,91620.6725,25:27:00.673,B,,,,0,0,0,12036,0.04,,,
3710,3703,91620.7125,25:27:00.713,P,,,,0,0,0,79405,0.04,,,
3711,3711,91620.7525,25:27:00.753,I,,1920,1080,0,1,1,83825,0.04,,,
3712,3715,91620.7925,25:27:00.793,B,,,,0,0,0,7763,0.04,,,
3713,3714,91620.8325,25:27:00.833,B,,,,0,0,0,10909,0.04,,,
3714,3716,91620.8725,25:27:00.873,B,,,,0,0,0,7294,0.04,,,
3715,3713,91620.9125,25:27:00.913,B,,,,0,0,0,25601,0.04,,,
3716,3718,91620.9525,25:27:00.953,B,,,,0,0,0,9114,0.04,,,
3717,3717,91620.9925,25:27:00.993,B,,,,0,0,0,23944,0.04,,,
3718,3719,91621.0325,25:27:01.033,B,,,,0,0,0,27206,0.04,,,
3719,3712,91621.0725,25:27:01.073,P,,,,0,0,0,52837,0.04,,,
3720,3720,91621.1125,25:27:01.113,P,,,,0,0,0,48784,0.04,,,
3721,3721,91621.1525,25:27:01.153,P,,,,0,0,0,46133,0.04,,,
3722,3725,91621.1925,25:27:01.193,B,,,,0,0,0,17669,0.04,,,
3723,3724,91621.2325,25:27:01.233,B,,,,0,0,0,25449,0.04,,,
3724,3723,91621.2725,25:27:01.273,B,,,,0,0,0,42278,0.04,,,
3725,3727,91621.3125,25:27:01.313,B,,,,0,0,0,18489,0.04,,,
3726,3726,91621.3525,25:27:01.353,B,,,,0,0,0,25077,0.04,,,
3727,3722,91621.3925,25:27:01.393,P,,,,0,0,0,65861,0.04,,,
3728,3728,91621.4325,25:27:01.433,P,,,,0,0,0,48026,0.04,,,
3729,3729,91621.4725,25:27:01.473,P,,,,0,0,0,46805,0.04,,,
3730,3731,91621.5125,25:27:01.513,B,,,,0,0,0,16505,0.04,,,
3731,3730,91621.5525,25:27:01.553,P,,,,0,0,0,62887,0.04,,,
3732,3733,91621.5925,25:27:01.593,B,,,,0,0,0,13105,0.04,,,
3733,3732,91621.6325,25:27:01.633,P,,,,0,0,0,48112,0.04,,,
3734,3734,91621.6725,25:27:01.673,P,,,,0,0,0,38763,0.04,,,
3735,3736,91621.7125,25:27:01.713,B,,,,0,0,0,8158,0.04,,,
3736,3735,91621.7525,25:27:01.753,I,,1920,1080,0,0,1,96370,0.04,,,
3737,3740,91621.7925,25:27:01.793,B,,,,0,0,0,12860,0.04,,,
3738,3739,91621.8325,25:27:01.833,B,,,,0,0,0,17414,0.04,,,
3739,3738,91621.8725,25:27:01.873,B,,,,0,0,0,23428,0.04,,,
3740,3741,91621.9125,25:27:01.913,B,,,,0,0,0,7671,0.04,,,
3741,3737,91621.9525,25:27:01.953,P,,,,0,0,0,64739,0.04,,,
3742,3743,91621.9925,25:27:01.993,B,,,,0,0,0,5502,0.04,,,
3743,3742,91622.0325,25:27:02.033,P,,,,0,0,0,40713,0.04,,,
3744,3746,91622.0725,25:27:02.073,B,,,,0,0,0,4523,0.04,,,
3745,3745,91622.1125,25:27:02.113,B,,,,0,0,0,11713,0.04,,,
3746,3747,91622.1525,25:27:02.153,B,,,,0,0,0,8107,0.04,,,
3747,3744,91622.1925,25:27:02.193,P,,,,0,0,0,49815,0.04,,,
3748,3749,91622.2325,25:27:02.233,B,,,,0,0,0,32726,0.04,,,
3749,3748,91622.2725,25:27:02.273,P,,,,0,0,0,18618,0.04,,,
3750,3751,91622.3125,25:27:02.313,B,,,,0,0,0,6773,0.04,,,
3751,3750,91622.3525,25:27:02.353,P,,,,0,0,0,64850,0.04,,,
3752,3752,91622.3925,25:27:02.393,P,,,,0,0,0,31931,0.04,,,
3753,3755,91622.4325,25:27:02.433,B,,,,0,0,0,32726,0.04,,,
3754,3754,91622.4725,25:27:02.473,B,,,,0,0,0,20774,0.04,,,
3755,3756,91622.5125,25:27:02.513,B,,,,0,0,0,32910,0.04,,,
3756,3753,91622.5525,25:27:02.553,P,,,,0,0,0,40212,0.04,,,
3757,3757,91622.5925,25:27:02.593,I,,1920,1080,0,1,1,122772,0.04,,,
3758,3761,91622.6325,25:27:02.633,B,,,,0,0,0,5152,0.04,,,
3759,3760,91622.6725,25:27:02.673,B,,,,0,0,0,8358,0.04,,,
3760,3762,91622.7125,25:27:02.713,B,,,,0,0,0,6925,0.04,,,
3761,3759,91622.7525,25:27:02.753,B,,,,0,0,0,10181,0.04,,,
3762,3764,91622.7925,25:27:02.793,B,,,,0,0,0,29046,0.04,,,
3763,3763,91622.8325,25:27:02.833,B,,,,0,0,0,12862,0.04,,,
3764,3765,91622.8725,25:27:02.873,B,,,,0,0,0,29598,0.04,,,
3765,3758,91622.9125,25:27:02.913,P,,,,0,0,0,46326,0.04,,,
3766,3769,91622.9525,25:27:02.953,B,,,,0,0,0,26843,0.04,,,
3767,3768,91622.9925,25:27:02.993,B,,,,0,0,0,26838,0.04,,,
3768,3770,91623.0325,25:27:03.033,B,,,,0,0,0,26470,0.04,,,
3769,3767,91623.0725,25:27:03.073,B,,,,0,0,0,8659,0.04,,,
3770,3772,91623.1125,25:27:03.113,B,,,,0,0,0,25918,0.04,,,
3771,3771,91623.1525,25:27:03.153,B,,,,0,0,0,26102,0.04,,,
3772,3773,91623.1925,25:27:03.193,B,,,,0,0,0,25366,0.04,,,
3773,3766,91623.2325,25:27:03.233,P,,,,0,0,0,50854,0.04,,,
3774,3777,91623.2725,25:27:03.273,B,,,,0,0,0,5040,0.04,,,
3775,3776,91623.3125,25:27:03.313,B,,,,0,0,0,7100,0.04,,,
3776,3778,91623.3525,25:27:03.353,B,,,,0,0,0,3660,0.04,,,
3777,3775,91623.3925,25:27:03.393,B,,,,0,0,0,6602,0.04,,,
3778,3780,91623.4325,25:27:03.433,B,,,,0,0,0,24078,0.04,,,
3779,3779,91623.4725,25:27:03.473,B,,,,0,0,0,7385,0.04,,,
3780,3781,91623.5125,25:27:03.513,B,,,,0,0,0,24262,0.04,,,
3781,3774,91623.5525,25:27:03.553,I,,1920,1080,0,0,1,120412,0.04,,,
3782,3785,91623.5925,25:27:03.593,B,,,,0,0,0,5020,0.04,,,
3783,3784,91623.6325,25:27:03.633,B,,,,0,0,0,4683,0.04,,,
3784,3783,91623.6725,25:27:03.673,B,,,,0,0,0,12289,0.04,,,
3785,3786,91623.7125,25:27:03.713,B,,,,0,0,0,7894,0.04,,,
3786,3782,91623.7525,25:27:03.753,P,,,,0,0,0,61051,0.04,,,
3787,3787,91623.7925,25:27:03.793,I,,1920,1080,0,1,1,86109,0.04,,,
3788,3791,91623.8325,25:27:03.833,B,,,,0,0,0,11349,0.04,,,
3789,3790,91623.8725,25:27:03.873,B,,,,0,0,0,15661,0.04,,,
3790,3792,91623.9125,25:27:03.913,B,,,,0,0,0,6917,0.04,,,
3791,3789,91623.9525,25:27:03.953,B,,,,0,0,0,13873,0.04,,,
3792,3794,91623.9925,25:27:03.993,B,,,,0,0,0,6493,0.04,,,
3793,3793,91624.0325,25:27:04.033,B,,,,0,0,0,12903,0.04,,,
3794,3795,91624.0725,25:27:04.073,B,,,,0,0,0,3815,0.04,,,
3795,3788,91624.1125,25:27:04.113,P,,,,0,0,0,45203,0.04,,,
3796,3799,91624.1525,25:27:04.153,B,,,,0,0,0,3279,0.04,,,
3797,3798,91624.1925,25:27:04.193,B,,,,0,0,0,5767,0.04,,,
3798,3800,91624.2325,25:27:04.233,B,,,,0,0,0,2491,0.04,,,
3799,3797,91624.2725,25:27:04.273,B,,,,0,0,0,9471,0.04,,,
3800,3802,91624.3125,25:27:04.313,B,,,,0,0,0,6054,0.04,,,
3801,3801,91624.3525,25:27:04.353,B,,,,0,0,0,5814,0.04,,,
3802,3803,91624.3925,25:27:04.393,B,,,,0,0,0,16902,0.04,,,
3803,3796,91624.4325,25:27:04.433,P,,,,0,0,0,36920,0.04,,,
3804,3807,91624.4725,25:27:04.473,B,,,,0,0,0,3741,0.04,,,
3805,3806,91624.5125,25:27:04.513,B,,,,0,0,0,7394,0.04,,,
3806,3808,91624.5525,25:27:04.553,B,,,,0,0,0,3247,0.04,,,
3807,3805,91624.5925,25:27:04.593,B,,,,0,0,0,13794,0.04,,,
3808,3810,91624.6325,25:27:04.633,B,,,,0,0,0,2822,0.04,,,
3809,3809,91624.6725,25:27:04.673,B,,,,0,0,0,6130,0.04,,,
3810,3811,91624.7125,25:27:04.713,B,,,,0,0,0,2228,0.04,,,
3811,3804,91624.7525,25:27:04.753,I,,1920,1080,0,0,1,123852,0.04,,,
3812,3815,91624.7925,25:27:04.793,B,,,,0,0,0,3418,0.04,,,
3813,3814,91624.8325,25:27:04.833,B,,,,0,0,0,6188,0.04,,,
3814,3816,91624.8725,25:27:04.873,B,,,,0,0,0,2622,0.04,,,
3815,3813,91624.9125,25:27:04.913,B,,,,0,0,0,12973,0.04,,,
3816,3818,91624.9525,25:27:04.953,B,,,,0,0,0,2208,0.04,,,
3817,3817,91624.9925,25:27:04.993,B,,,,0,0,0,6121,0.04,,,
3818,3819,91625.0325,25:27:05.033,B,,,,0,0,0,11758,0.04,,,
3819,3812,91625.0725,25:27:05.073,P,,,,0,0,0,53543,0.04,,,
3820,3823,91625.1125,25:27:05.113,B,,,,0,0,0,3222,0.04,,,
3821,3822,91625.1525,25:27:05.153,B,,,,0,0,0,7415,0.04,,,
3822,3824,91625.1925,25:27:05.193,B,,,,0,0,0,3662,0.04,,,
3823,3821,91625.2325,25:27:05.233,B,,,,0,0,0,13976,0.04,,,
3824,3826,91625.2725,25:27:05.273,B,,,,0,0,0,14142,0.04,,,
3825,3825,91625.3125,25:27:05.313,B,,,,0,0,0,14142,0.04,,,
3826,3827,91625.3525,25:27:05.353,B,,,,0,0,0,13590,0.04,,,
3827,3820,91625.3925,25:27:05.393,P,,,,0,0,0,45245,0.04,,,
3828,3831,91625.4325,25:27:05.433,B,,,,0,0,0,13595,0.04,,,
3829,3830,91625.4725,25:27:05.473,B,,,,0,0,0,7158,0.04,,,
3830,3829,91625.5125,25:27:05.513,B,,,,0,0,0,7070,0.04,,,
3831,3832,91625.5525,25:27:05.553,B,,,,0,0,0,13406,0.04,,,
3832,3828,91625.5925,25:27:05.593,P,,,,0,0,0,26821,0.04,,,
3833,3833,91625.6325,25:27:05.633,I,,1920,1080,0,1,1,120226,0.04,,,
3834,3837,91625.6725,25:27:05.673,B,,,,0,0,0,5080,0.04,,,
3835,3836,91625.7125,25:27:05.713,B,,,,0,0,0,7977,0.04,,,
3836,3838,91625.7525,25:27:05.753,B,,,,0,0,0,4615,0.04,,,
3837,3835,91625.7925,25:27:05.793,B,,,,0,0,0,9694,0.04,,,
3838,3840,91625.8325,25:27:05.833,B,,,,0,0,0,4439,0.04,,,
3839,3839,91625.8725,25:27:05.873,B,,,,0,0,0,9376,0.04,,,
3840,3841,91625.9125,25:27:05.913,B,,,,0,0,0,4593,0.04,,,
3841,3834,91625.9525,25:27:05.953,P,,,,0,0,0,47051,0.04,,,
3842,3845,91625.9925,25:27:05.993,B,,,,0,0,0,5048,0.04,,,
3843,3844,91626.0325,25:27:06.033,B,,,,0,0,0,8983,0.04,,,
3844,3846,91626.0725,25:27:06.073,B,,,,0,0,0,4547,0.04,,,
3845,3843,91626.1125,25:27:06.113,B,,,,0,0,0,12822,0.04,,,
3846,3848,91626.1525,25:27:06.153,B,,,,0,0,0,4803,0.04,,,
3847,3847,91626.1925,25:27:06.193,B,,,,0,0,0,7215,0.04,,,
3848,3849,91626.2325,25:27:06.233,B,,,,0,0,0,3470,0.04,,,
3849,3842,91626.2725,25:27:06.273,P,,,,0,0,0,60723,0.04,,,
3850,3853,91626.3125,25:27:06.313,B,,,,0,0,0,3395,0.04,,,
3851,3852,91626.3525,25:27:06.353,B,,,,0,0,0,9295,0.04,,,
3852,3854,91626.3925,25:27:06.393,B,,,,0,0,0,3788,0.04,,,
3853,3851,91626.4325,25:27:06.433,B,,,,0,0,0,15591,0.04,,,
3854,3856,91626.4725,25:27:06.473,B,,,,0,0,0,4507,0.04,,,
3855,3855,91626.5125,25:27:06.513,B,,,,0,0,0,8689,0.04,,,
3856,3857,91626.5525,25:27:06.553,B,,,,0,0,0,4389,0.04,,,
3857,3850,91626.5925,25:27:06.593,I,,1920,1080,0,0,1,139385,0.04,,,
3858,3861,91626.6325,25:27:06.633,B,,,,0,0,0,4111,0.04,,,
3859,3860,91626.6725,25:27:06.673,B,,,,0,0,0,6771,0.04,,,
3860,3862,91626.7125,25:27:06.713,B,,,,0,0,0,2598,0.04,,,
3861,3859,91626.7525,25:27:06.753,B,,,,0,0,0,11449,0.04,,,
3862,3864,91626.7925,25:27:06.793,B,,,,0,0,0,3102,0.04,,,
3863,3863,91626.8325,25:27:06.833,B,,,,0,0,0,7395,0.04,,,
3864,3865,91626.8725,25:27:06.873,B,,,,0,0,0,3536,0.04,,,
3865,3858,91626.9125,25:27:06.913,P,,,,0,0,0,58759,0.04,,,
3866,3869,91626.9525,25:27:06.953,B,,,,0,0,0,4012,0.04,,,
3867,3868,91626.9925,25:27:06.993,B,,,,0,0,0,6798,0.04,,,
3868,3870,91627.0325,25:27:07.033,B,,,,0,0,0,4014,0.04,,,
3869,3867,91627.0725,25:27:07.073,B,,,,0,0,0,12204,0.04,,,
3870,3872,91627.1125,25:27:07.113,B,,,,0,0,0,5870,0.04,,,
3871,3871,91627.1525,25:27:07.153,B,,,,0,0,0,7155,0.04,,,
3872,3873,91627.1925,25:27:07.193,B,,,,0,0,0,15430,0.04,,,
3873,3866,91627.2325,25:27:07.233,P,,,,0,0,0,50034,0.04,,,
3874,3877,91627.2725,25:27:07.273,B,,,,0,0,0,15435,0.04,,,
3875,3876,91627.3125,25:27:07.313,B,,,,0,0,0,13046,0.04,,,
3876,3875,91627.3525,25:27:07.353,B,,,,0,0,0,6625,0.04,,,
3877,3879,91627.3925,25:27:07.393,B,,,,0,0,0,15614,0.04,,,
3878,3878,91627.4325,25:27:07.433,B,,,,0,0,0,15614,0.04,,,
3879,3874,91627.4725,25:27:07.473,P,,,,0,0,0,27074,0.04,,,
3880,3880,91627.5125,25:27:07.513,I,,1920,1080,0,1,1,90381,0.04,,,
3881,3884,91627.5525,25:27:07.553,B,,,,0,0,0,2550,0.04,,,
3882,3883,91627.5925,25:27:07.593,B,,,,0,0,0,5852,0.04,,,
3883,3885,91627.6325,25:27:07.633,B,,,,0,0,0,3768,0.04,,,
3884,3882,91627.6725,25:27:07.673,B,,,,0,0,0,15702,0.04,,,
3885,3887,91627.7125,25:27:07.713,B,,,,0,0,0,8588,0.04,,,
3886,3886,91627.7525,25:27:07.753,B,,,,0,0,0,16819,0.04,,,
3887,3888,91627.7925,25:27:07.793,B,,,,0,0,0,10278,0.04,,,
3888,3881,91627.8325,25:27:07.833,P,,,,0,0,0,37598,0.04,,,
3889,3892,91627.8725,25:27:07.873,B,,,,0,0,0,6961,0.04,,,
3890,3891,91627.9125,25:27:07.913,B,,,,0,0,0,7603,0.04,,,
3891,3893,91627.9525,25:27:07.953,B,,,,0,0,0,2980,0.04,,,
3892,3890,91627.9925,25:27:07.993,B,,,,0,0,0,12771,0.04,,,
3893,3895,91628.0325,25:27:08.033,B,,,,0,0,0,6641,0.04,,,
3894,3894,91628.0725,25:27:08.073,B,,,,0,0,0,8193,0.04,,,
3895,3896,91628.1125,25:27:08.113,B,,,,0,0,0,4805,0.04,,,
3896,3889,91628.1525,25:27:08.153,P,,,,0,0,0,43462,0.04,,,
3897,3900,91628.1925,25:27:08.193,B,,,,0,0,0,7056,0.04,,,
3898,3899,91628.2325,25:27:08.233,B,,,,0,0,0,10715,0.04,,,
3899,3901,91628.2725,25:27:08.273,B,,,,0,0,0,4042,0.04,,,
3900,3898,91628.3125,25:27:08.313,B,,,,0,0,0,13754,0.04,,,
3901,3903,91628.3525,25:27:08.353,B,,,,0,0,0,6508,0.04,,,
3902,3902,91628.3925,25:27:08.393,B,,,,0,0,0,9335,0.04,,,
3903,3904,91628.4325,25:27:08.433,B,,,,0,0,0,3855,0.04,,,
3904,3897,91628.4725,25:27:08.473,I,,1920,1080,0,0,1,107353,0.04,,,
3905,3908,91628.5125,25:27:08.513,B,,,,0,0,0,4504,0.04,,,
3906,3907,91628.5525,25:27:08.553,B,,,,0,0,0,8199,0.04,,,
3907,3909,91628.5925,25:27:08.593,B,,,,0,0,0,3844,0.04,,,
3908,3906,91628.6325,25:27:08.633,B,,,,0,0,0,14528,0.04,,,
3909,3911,91628.6725,25:27:08.673,B,,,,0,0,0,2915,0.04,,,
3910,3910,91628.7125,25:27:08.713,B,,,,0,0,0,7052,0.04,,,
3911,3912,91628.7525,25:27:08.753,B,,,,0,0,0,3545,0.04,,,
3912,3905,91628.7925,25:27:08.793,P,,,,0,0,0,42540,0.04,,,
3913,3916,91628.8325,25:27:08.833,B,,,,0,0,0,3205,0.04,,,
3914,3915,91628.8725,25:27:08.873,B,,,,0,0,0,8375,0.04,,,
3915,3917,91628.9125,25:27:08.913,B,,,,0,0,0,3291,0.04,,,
3916,3914,91628.9525,25:27:08.953,B,,,,0,0,0,11038,0.04,,,
3917,3919,91628.9925,25:27:08.993,B,,,,0,0,0,14510,0.04,,,
3918,3918,91629.0325,25:27:09.033,B,,,,0,0,0,9734,0.04,,,
3919,3920,91629.0725,25:27:09.073,B,,,,0,0,0,14510,0.04,,,
3920,3913,91629.1125,25:27:09.113,P,,,,0,0,0,41559,0.04,,,
3921,3923,91629.1525,25:27:09.153,B,,,,0,0,0,13046,0.04,,,
3922,3922,91629.1925,25:27:09.193,B,,,,0,0,0,4286,0.04,,,
3923,3924,91629.2325,25:27:09.233,B,,,,0,0,0,14510,0.04,,,
3924,3921,91629.2725,25:27:09.273,P,,,,0,0,0,26397,0.04,,,
3925,3925,91629.3125,25:27:09.313,I,,1920,1080,0,1,1,123847,0.04,,,
3926,3929,91629.3525,25:27:09.353,B,,,,0,0,0,6764,0.04,,,
3927,3928,91629.3925,25:27:09.393,B,,,,0,0,0,8605,0.04,,,
3928,3930,91629.4325,25:27:09.433,B,,,,0,0,0,5121,0.04,,,
3929,3927,91629.4725,25:27:09.473,B,,,,0,0,0,9781,0.04,,,
3930,3932,91629.5125,25:27:09.513,B,,,,0,0,0,3369,0.04,,,
3931,3931,91629.5525,25:27:09.553,B,,,,0,0,0,7105,0.04,,,
3932,3933,91629.5925,25:27:09.593,B,,,,0,0,0,3671,0.04,,,
3933,3926,91629.6325,25:27:09.633,P,,,,0,0,0,41871,0.04,,,
3934,3937,91629.6725,25:27:09.673,B,,,,0,0,0,2749,0.04,,,
3935,3936,91629.7125,25:27:09.713,B,,,,0,0,0,5554,0.04,,,
3936,3938,91629.7525,25:27:09.753,B,,,,0,0,0,4512,0.04,,,
3937,3935,91629.7925,25:27:09.793,B,,,,0,0,0,10093,0.04,,,
3938,3940,91629.8325,25:27:09.833,B,,,,0,0,0,5303,0.04,,,
3939,3939,91629.8725,25:27:09.873,B,,,,0,0,0,7323,0.04,,,
3940,3941,91629.9125,25:27:09.913,B,,,,0,0,0,4888,0.04,,,
3941,3934,91629.9525,25:27:09.953,P,,,,0,0,0,50119,0.04,,,
3942,3945,91629.9925,25:27:09.993,B,,,,0,0,0,4553,0.04,,,
3943,3944,91630.0325,25:27:10.033,B,,,,0,0,0,9825,0.04,,,
3944,3946,91630.0725,25:27:10.073,B,,,,0,0,0,4550,0.04,,,
3945,3943,91630.1125,25:27:10.113,B,,,,0,0,0,12216,0.04,,,
3946,3948,91630.1525,25:27:10.153,B,,,,0,0,0,3819,0.04,,,
3947,3947,91630.1925,25:27:10.193,B,,,,0,0,0,6581,0.04,,,
3948,3949,91630.2325,25:27:10.233,B,,,,0,0,0,5009,0.04,,,
3949,3942,91630.2725,25:27:10.273,I,,1920,1080,0,0,1,150321,0.04,,,
3950,3953,91630.3125,25:27:10.313,B,,,,0,0,0,4859,0.04,,,
3951,3952,91630.3525,25:27:10.353,B,,,,0,0,0,5954,0.04,,,
3952,3954,91630.3925,25:27:10.393,B,,,,0,0,0,3153,0.04,,,
3953,3951,91630.4325,25:27:10.433,B,,,,0,0,0,9657,0.04,,,
3954,3956,91630.4725,25:27:10.473,B,,,,0,0,0,3646,0.04,,,
3955,3955,91630.5125,25:27:10.513,B,,,,0,0,0,6498,0.04,,,
3956,3957,91630.5525,25:27:10.553,B,,,,0,0,0,4127,0.04,,,
3957,3950,91630.5925,25:27:10.593,P,,,,0,0,0,46659,0.04,,,
3958,3961,91630.6325,25:27:10.633,B,,,,0,0,0,3083,0.04,,,
3959,3960,91630.6725,25:27:10.673,B,,,,0,0,0,6007,0.04,,,
3960,3962,91630.7125,25:27:10.713,B,,,,0,0,0,3669,0.04,,,
3961,3959,91630.7525,25:27:10.753,B,,,,0,0,0,10484,0.04,,,
3962,3964,91630.7925,25:27:10.793,B,,,,0,0,0,6974,0.04,,,
3963,3963,91630.8325,25:27:10.833,B,,,,0,0,0,5964,0.04,,,
3964,3965,91630.8725,25:27:10.873,B,,,,0,0,0,14694,0.04,,,
3965,3958,91630.9125,25:27:10.913,P,,,,0,0,0,54014,0.04,,,
3966,3969,91630.9525,25:27:10.953,B,,,,0,0,0,1746,0.04,,,
3967,3968,91630.9925,25:27:10.993,B,,,,0,0,0,4055,0.04,,,
3968,3970,91631.0325,25:27:11.033,B,,,,0,0,0,1988,0.04,,,
3969,3967,91631.0725,25:27:11.073,B,,,,0,0,0,7597,0.04,,,
3970,3972,91631.1125,25:27:11.113,B,,,,0,0,0,1816,0.04,,,
3971,3971,91631.1525,25:27:11.153,B,,,,0,0,0,4044,0.04,,,
3972,3973,91631.1925,25:27:11.193,B,,,,0,0,0,3449,0.04,,,
3973,3966,91631.2325,25:27:11.233,I,,1920,1080,0,0,1,127512,0.04,,,
3974,3977,91631.2725,25:27:11.273,B,,,,0,0,0,3419,0.04,,,
3975,3976,91631.3125,25:27:11.313,B,,,,0,0,0,4278,0.04,,,
3976,3978,91631.3525,25:27:11.353,B,,,,0,0,0,2213,0.04,,,
3977,3975,91631.3925,25:27:11.393,B,,,,0,0,0,6642,0.04,,,
3978,3980,91631.4325,25:27:11.433,B,,,,0,0,0,14694,0.04,,,
3979,3979,91631.4725,25:27:11.473,B,,,,0,0,0,7342,0.04,,,
3980,3981,91631.5125,25:27:11.513,B,,,,0,0,0,14694,0.04,,,
3981,3974,91631.5525,25:27:11.553,P,,,,0,0,0,30663,0.04,,,
3982,3985,91631.5925,25:27:11.593,B,,,,0,0,0,7347,0.04,,,
3983,3984,91631.6325,25:27:11.633,B,,,,0,0,0,3864,0.04,,,
3984,3986,91631.6725,25:27:11.673,B,,,,0,0,0,14510,0.04,,,
3985,3983,91631.7125,25:27:11.713,B,,,,0,0,0,7842,0.04,,,
3986,3988,91631.7525,25:27:11.753,B,,,,0,0,0,14694,0.04,,,
3987,3987,91631.7925,25:27:11.793,B,,,,0,0,0,14694,0.04,,,
3988,3989,91631.8325,25:27:11.833,B,,,,0,0,0,14326,0.04,,,
3989,3982,91631.8725,25:27:11.873,P,,,,0,0,0,40054,0.04,,,
3990,3992,91631.9125,25:27:11.913,B,,,,0,0,0,10830,0.04,,,
3991,3991,91631.9525,25:27:11.953,B,,,,0,0,0,5502,0.04,,,
3992,3990,91631.9925,25:27:11.993,P,,,,0,0,0,19567,0.04,,,
3993,3993,91632.0325,25:27:12.033,I,,1920,1080,0,1,1,144034,0.04,,,
3994,3997,91632.0725,25:27:12.073,B,,,,0,0,0,13079,0.04,,,
3995,3996,91632.1125,25:27:12.113,B,,,,0,0,0,20277,0.04,,,
3996,3998,91632.1525,25:27:12.153,B,,,,0,0,0,10653,0.04,,,
3997,3995,91632.1925,25:27:12.193,B,,,,0,0,0,35732,0.04,,,
3998,4000,91632.2325,25:27:12.233,B,,,,0,0,0,10047,0.04,,,
3999,3999,91632.2725,25:27:12.273,B,,,,0,0,0,19764,0.04,,,
4000,4001,91632.3125,25:27:12.313,B,,,,0,0,0,9858,0.04,,,
4001,3994,91632.3525,25:27:12.353,P,,,,0,0,0,77510,0.04,,,
4002,4005,91632.3925,25:27:12.393,B,,,,0,0,0,9415,0.04,,,
4003,4004,91632.4325,25:27:12.433,B,,,,0,0,0,18494,0.04,,,
4004,4006,91632.4725,25:27:12.473,B,,,,0,0,0,10584,0.04,,,
4005,4003,91632.5125,25:27:12.513,B,,,,0,0,0,32131,0.04,,,
4006,4008,91632.5525,25:27:12.553,B,,,,0,0,0,10586,0.04,,,
4007,4007,91632.5925,25:27:12.593,B,,,,0,0,0,19364,0.04,,,
4008,4009,91632.6325,25:27:12.633,B,,,,0,0,0,10168,0.04,,,
4009,4002,91632.6725,25:27:12.673,P,,,,0,0,0,72310,0.04,,,
4010,4013,91632.7125,25:27:12.713,B,,,,0,0,0,8907,0.04,,,
4011,4012,91632.7525,25:27:12.753,B,,,,0,0,0,16742,0.04,,,
4012,4014,91632.7925,25:27:12.793,B,,,,0,0,0,8270,0.04,,,
4013,4011,91632.8325,25:27:12.833,B,,,,0,0,0,26077,0.04,,,
4014,4016,91632.8725,25:27:12.873,B,,,,0,0,0,9234,0.04,,,
4015,4015,91632.9125,25:27:12.913,B,,,,0,0,0,17918,0.04,,,
4016,4017,91632.9525,25:27:12.953,B,,,,0,0,0,8951,0.04,,,
4017,4010,91632.9925,25:27:12.993,I,,1920,1080,0,0,1,136810,0.04,,,
4018,4021,91633.0325,25:27:13.033,B,,,,0,0,0,8529,0.04,,,
4019,4020,91633.0725,25:27:13.073,B,,,,0,0,0,17228,0.04,,,
4020,4022,91633.1125,25:27:13.113,B,,,,0,0,0,9397,0.04,,,
4021,4019,91633.1525,25:27:13.153,B,,,,0,0,0,25395,0.04,,,
4022,4024,91633.1925,25:27:13.193,B,,,,0,0,0,9007,0.04,,,
4023,4023,91633.2325,25:27:13.233,B,,,,0,0,0,14980,0.04,,,
4024,4025,91633.2725,25:27:13.273,B,,,,0,0,0,6967,0.04,,,
4025,4018,91633.3125,25:27:13.313,P,,,,0,0,0,78637,0.04,,,
4026,4029,91633.3525,25:27:13.353,B,,,,0,0,0,7294,0.04,,,
4027,4028,91633.3925,25:27:13.393,B,,,,0,0,0,14669,0.04,,,
4028,4030,91633.4325,25:27:13.433,B,,,,0,0,0,7625,0.04,,,
4029,4027,91633.4725,25:27:13.473,B,,,,0,0,0,25496,0.04,,,
4030,4032,91633.5125,25:27:13.513,B,,,,0,0,0,6325,0.04,,,
4031,4031,91633.5525,25:27:13.553,B,,,,0,0,0,13576,0.04,,,
4032,4033,91633.5925,25:27:13.593,B,,,,0,0,0,10470,0.04,,,
4033,4026,91633.6325,25:27:13.633,P,,,,0,0,0,73462,0.04,,,
4034,4037,91633.6725,25:27:13.673,B,,,,0,0,0,7137,0.04,,,
4035,4036,91633.7125,25:27:13.713,B,,,,0,0,0,15384,0.04,,,
4036,4038,91633.7525,25:27:13.753,B,,,,0,0,0,6890,0.04,,,
4037,4035,91633.7925,25:27:13.793,B,,,,0,0,0,25899,0.04,,,
4038,4040,91633.8325,25:27:13.833,B,,,,0,0,0,8458,0.04,,,
4039,4039,91633.8725,25:27:13.873,B,,,,0,0,0,15059,0.04,,,
4040,4041,91633.9125,25:27:13.913,B,,,,0,0,0,7160,0.04,,,
4041,4034,91633.9525,25:27:13.953,I,,1920,1080,0,0,1,131755,0.04,,,
4042,4045,91633.9925,25:27:13.993,B,,,,0,0,0,8015,0.04,,,
4043,4044,91634.0325,25:27:14.033,B,,,,0,0,0,16338,0.04,,,
4044,4046,91634.0725,25:27:14.073,B,,,,0,0,0,8476,0.04,,,
4045,4043,91634.1125,25:27:14.113,B,,,,0,0,0,31698,0.04,,,
4046,4048,91634.1525,25:27:14.153,B,,,,0,0,0,8363,0.04,,,
4047,4047,91634.1925,25:27:14.193,B,,,,0,0,0,17232,0.04,,,
4048,4049,91634.2325,25:27:14.233,B,,,,0,0,0,8348,0.04,,,
4049,4042,91634.2725,25:27:14.273,P,,,,0,0,0,84849,0.04,,,
4050,4053,91634.3125,25:27:14.313,B,,,,0,0,0,6691,0.04,,,
4051,4052,91634.3525,25:27:14.353,B,,,,0,0,0,13808,0.04,,,
4052,4054,91634.3925,25:27:14.393,B,,,,0,0,0,7007,0.04,,,
4053,4051,91634.4325,25:27:14.433,B,,,,0,0,0,25922,0.04,,,
4054,4056,91634.4725,25:27:14.473,B,,,,0,0,0,8340,0.04,,,
4055,4055,91634.5125,25:27:14.513,B,,,,0,0,0,14683,0.04,,,
4056,4057,91634.5525,25:27:14.553,B,,,,0,0,0,6533,0.04,,,
4057,4050,91634.5925,25:27:14.593,P,,,,0,0,0,81079,0.04,,,
4058,4061,91634.6325,25:27:14.633,B,,,,0,0,0,5486,0.04,,,
4059,4060,91634.6725,25:27:14.673,B,,,,0,0,0,12929,0.04,,,
4060,4062,91634.7125,25:27:14.713,B,,,,0,0,0,5463,0.04,,,
4061,4059,91634.7525,25:27:14.753,B,,,,0,0,0,20290,0.04,,,
4062,4064,91634.7925,25:27:14.793,B,,,,0,0,0,7071,0.04,,,
4063,4063,91634.8325,25:27:14.833,B,,,,0,0,0,11315,0.04,,,
4064,4065,91634.8725,25:27:14.873,B,,,,0,0,0,5897,0.04,,,
4065,4058,91634.9125,25:27:14.913,I,,1920,1080,0,0,1,136250,0.04,,,
4066,4069,91634.9525,25:27:14.953,B,,,,0,0,0,5776,0.04,,,
4067,4068,91634.9925,25:27:14.993,B,,,,0,0,0,11402,0.04,,,
4068,4070,91635.0325,25:27:15.033,B,,,,0,0,0,6397,0.04,,,
4069,4067,91635.0725,25:27:15.073,B,,,,0,0,0,24169,0.04,,,
4070,4072,91635.1125,25:27:15.113,B,,,,0,0,0,6725,0.04,,,
4071,4071,91635.1525,25:27:15.153,B,,,,0,0,0,14433,0.04,,,
4072,4073,91635.1925,25:27:15.193,B,,,,0,0,0,8467,0.04,,,
4073,4066,91635.2325,25:27:15.233,P,,,,0,0,0,66401,0.04,,,
4074,4077,91635.2725,25:27:15.273,B,,,,0,0,0,7653,0.04,,,
4075,4076,91635.3125,25:27:15.313,B,,,,0,0,0,13961,0.04,,,
4076,4078,91635.3525,25:27:15.353,B,,,,0,0,0,6127,0.04,,,
4077,4075,91635.3925,25:27:15.393,B,,,,0,0,0,22712,0.04,,,
4078,4080,91635.4325,25:27:15.433,B,,,,0,0,0,5697,0.04,,,
4079,4079,91635.4725,25:27:15.473,B,,,,0,0,0,10871,0.04,,,
4080,4081,91635.5125,25:27:15.513,B,,,,0,0,0,12494,0.04,,,
4081,4074,91635.5525,25:27:15.553,P,,,,0,0,0,74678,0.04,,,
4082,4084,91635.5925,25:27:15.593,B,,,,0,0,0,6200,0.04,,,
4083,4083,91635.6325,25:27:15.633,B,,,,0,0,0,8708,0.04,,,
4084,4082,91635.6725,25:27:15.673,P,,,,0,0,0,45535,0.04,,,
4085,4085,91635.7125,25:27:15.713,I,,1920,1080,0,1,1,123446,0.04,,,
4086,4089,91635.7525,25:27:15.753,B,,,,0,0,0,6954,0.04,,,
4087,4088,91635.7925,25:27:15.793,B,,,,0,0,0,11005,0.04,,,
4088,4090,91635.8325,25:27:15.833,B,,,,0,0,0,6338,0.04,,,
4089,4087,91635.8725,25:27:15.873,B,,,,0,0,0,13005,0.04,,,
4090,4092,91635.9125,25:27:15.913,B,,,,0,0,0,5089,0.04,,,
4091,4091,91635.9525,25:27:15.953,B,,,,0,0,0,10144,0.04,,,
4092,4093,91635.9925,25:27:15.993,B,,,,0,0,0,5131,0.04,,,
4093,4086,91636.0325,25:27:16.033,P,,,,0,0,0,49127,0.04,,,
4094,4097,91636.0725,25:27:16.073,B,,,,0,0,0,3804,0.04,,,
4095,4096,91636.1125,25:27:16.113,B,,,,0,0,0,6151,0.04,,,
4096,4098,91636.1525,25:27:16.153,B,,,,0,0,0,3910,0.04,,,
4097,4095,91636.1925,25:27:16.193,B,,,,0,0,0,10714,0.04,,,
4098,4100,91636.2325,25:27:16.233,B,,,,0,0,0,4869,0.04,,,
4099,4099,91636.2725,25:27:16.273,B,,,,0,0,0,7174,0.04,,,
4100,4101,91636.3125,25:27:16.313,B,,,,0,0,0,15438,0.04,,,
4101,4094,91636.3525,25:27:16.353,P,,,,0,0,0,50584,0.04,,,
4102,4105,91636.3925,25:27:16.393,B,,,,0,0,0,4008,0.04,,,
4103,4104,91636.4325,25:27:16.433,B,,,,0,0,0,8899,0.04,,,
4104,4106,91636.4725,25:27:16.473,B,,,,0,0,0,3497,0.04,,,
4105,4103,91636.5125,25:27:16.513,B,,,,0,0,0,13724,0.04,,,
4106,4108,91636.5525,25:27:16.553,B,,,,0,0,0,4275,0.04,,,
4107,4107,91636.5925,25:27:16.593,B,,,,0,0,0,7244,0.04,,,
4108,4109,91636.6325,25:27:16.633,B,,,,0,0,0,4856,0.04,,,
4109,4102,91636.6725,25:27:16.673,I,,1920,1080,0,0,1,140906,0.04,,,
4110,4113,91636.7125,25:27:16.713,B,,,,0,0,0,3562,0.04,,,
4111,4112,91636.7525,25:27:16.753,B,,,,0,0,0,7068,0.04,,,
4112,4114,91636.7925,25:27:16.793,B,,,,0,0,0,3675,0.04,,,
4113,4111,91636.8325,25:27:16.833,B,,,,0,0,0,13592,0.04,,,
4114,4116,91636.8725,25:27:16.873,B,,,,0,0,0,4847,0.04,,,
4115,4115,91636.9125,25:27:16.913,B,,,,0,0,0,10075,0.04,,,
4116,4117,91636.9525,25:27:16.953,B,,,,0,0,0,5029,0.04,,,
4117,4110,91636.9925,25:27:16.993,P,,,,0,0,0,61890,0.04,,,
4118,4121,91637.0325,25:27:17.033,B,,,,0,0,0,4660,0.04,,,
4119,4120,91637.0725,25:27:17.073,B,,,,0,0,0,7943,0.04,,,
4120,4122,91637.1125,25:27:17.113,B,,,,0,0,0,3928,0.04,,,
4121,4119,91637.1525,25:27:17.153,B,,,,0,0,0,13261,0.04,,,
4122,4124,91637.1925,25:27:17.193,B,,,,0,0,0,4220,0.04,,,
4123,4123,91637.2325,25:27:17.233,B,,,,0,0,0,9297,0.04,,,
4124,4125,91637.2725,25:27:17.273,B,,,,0,0,0,12310,0.04,,,
4125,4118,91637.3125,25:27:17.313,P,,,,0,0,0,62757,0.04,,,
4126,4129,91637.3525,25:27:17.353,B,,,,0,0,0,3068,0.04,,,
4127,4128,91637.3925,25:27:17.393,B,,,,0,0,0,5933,0.04,,,
4128,4130,91637.4325,25:27:17.433,B,,,,0,0,0,3020,0.04,,,
4129,4127,91637.4725,25:27:17.473,B,,,,0,0,0,15030,0.04,,,
4130,4132,91637.5125,25:27:17.513,B,,,,0,0,0,3749,0.04,,,
4131,4131,91637.5525,25:27:17.553,B,,,,0,0,0,6718,0.04,,,
4132,4133,91637.5925,25:27:17.593,B,,,,0,0,0,3376,0.04,,,
4133,4126,91637.6325,25:27:17.633,I,,1920,1080,0,0,1,118165,0.04,,,
4134,4137,91637.6725,25:27:17.673,B,,,,0,0,0,3168,0.04,,,
4135,4136,91637.7125,25:27:17.713,B,,,,0,0,0,5938,0.04,,,
4136,4138,91637.7525,25:27:17.753,B,,,,0,0,0,2780,0.04,,,
4137,4135,91637.7925,25:27:17.793,B,,,,0,0,0,8796,0.04,,,
4138,4140,91637.8325,25:27:17.833,B,,,,0,0,0,16166,0.04,,,
4139,4139,91637.8725,25:27:17.873,B,,,,0,0,0,7158,0.04,,,
4140,4141,91637.9125,25:27:17.913,B,,,,0,0,0,16166,0.04,,,
4141,4134,91637.9525,25:27:17.953,P,,,,0,0,0,40594,0.04,,,
4142,4145,91637.9925,25:27:17.993,B,,,,0,0,0,3483,0.04,,,
4143,4144,91638.0325,25:27:18.033,B,,,,0,0,0,5882,0.04,,,
4144,4146,91638.0725,25:27:18.073,B,,,,0,0,0,16166,0.04,,,
4145,4143,91638.1125,25:27:18.113,B,,,,0,0,0,12027,0.04,,,
4146,4148,91638.1525,25:27:18.153,B,,,,0,0,0,15614,0.04,,,
4147,4147,91638.1925,25:27:18.193,B,,,,0,0,0,16166,0.04,,,
4148,4149,91638.2325,25:27:18.233,B,,,,0,0,0,14326,0.04,,,
4149,4142,91638.2725,25:27:18.273,P,,,,0,0,0,43436,0.04,,,
4150,4153,91638.3125,25:27:18.313,B,,,,0,0,0,2552,0.04,,,
4151,4152,91638.3525,25:27:18.353,B,,,,0,0,0,5859,0.04,,,
4152,4154,91638.3925,25:27:18.393,B,,,,0,0,0,1764,0.04,,,
4153,4151,91638.4325,25:27:18.433,B,,,,0,0,0,7753,0.04,,,
4154,4156,91638.4725,25:27:18.473,B,,,,0,0,0,2881,0.04,,,
4155,4155,91638.5125,25:27:18.513,B,,,,0,0,0,6923,0.04,,,
4156,4157,91638.5525,25:27:18.553,B,,,,0,0,0,3554,0.04,,,
4157,4150,91638.5925,25:27:18.593,I,,1920,1080,0,0,1,109307,0.04,,,
4158,4161,91638.6325,25:27:18.633,B,,,,0,0,0,3251,0.04,,,
4159,4160,91638.6725,25:27:18.673,B,,,,0,0,0,5706,0.04,,,
4160,4162,91638.7125,25:27:18.713,B,,,,0,0,0,2466,0.04,,,
4161,4159,91638.7525,25:27:18.753,B,,,,0,0,0,10343,0.04,,,
4162,4164,91638.7925,25:27:18.793,B,,,,0,0,0,2896,0.04,,,
4163,4163,91638.8325,25:27:18.833,B,,,,0,0,0,4925,0.04,,,
4164,4165,91638.8725,25:27:18.873,B,,,,0,0,0,2370,0.04,,,
4165,4158,91638.9125,25:27:18.913,P,,,,0,0,0,37623,0.04,,,
4166,4169,91638.9525,25:27:18.953,B,,,,0,0,0,2694,0.04,,,
4167,4168,91638.9925,25:27:18.993,B,,,,0,0,0,4897,0.04,,,
4168,4170,91639.0325,25:27:19.033,B,,,,0,0,0,3710,0.04,,,
4169,4167,91639.0725,25:27:19.073,B,,,,0,0,0,9669,0.04,,,
4170,4172,91639.1125,25:27:19.113,B,,,,0,0,0,3461,0.04,,,
4171,4171,91639.1525,25:27:19.153,B,,,,0,0,0,5903,0.04,,,
4172,4173,91639.1925,25:27:19.193,B,,,,0,0,0,3478,0.04,,,
4173,4166,91639.2325,25:27:19.233,P,,,,0,0,0,36315,0.04,,,
4174,4177,91639.2725,25:27:19.273,B,,,,0,0,0,4219,0.04,,,
4175,4176,91639.3125,25:27:19.313,B,,,,0,0,0,4012,0.04,,,
4176,4175,91639.3525,25:27:19.353,B,,,,0,0,0,7073,0.04,,,
4177,4179,91639.3925,25:27:19.393,B,,,,0,0,0,11566,0.04,,,
4178,4178,91639.4325,25:27:19.433,B,,,,0,0,0,11566,0.04,,,
4179,4174,91639.4725,25:27:19.473,P,,,,0,0,0,31303,0.04,,,
4180,4180,91639.5125,25:27:19.513,I,,1920,1080,0,1,1,97581,0.04,,,
4181,4184,91639.5525,25:27:19.553,B,,,,0,0,0,7545,0.04,,,
4182,4183,91639.5925,25:27:19.593,B,,,,0,0,0,7708,0.04,,,
4183,4185,91639.6325,25:27:19.633,B,,,,0,0,0,7507,0.04,,,
4184,4182,91639.6725,25:27:19.673,B,,,,0,0,0,8172,0.04,,,
4185,4187,91639.7125,25:27:19.713,B,,,,0,0,0,6659,0.04,,,
4186,4186,91639.7525,25:27:19.753,B,,,,0,0,0,9369,0.04,,,
4187,4188,91639.7925,25:27:19.793,B,,,,0,0,0,6296,0.04,,,
4188,4181,91639.8325,25:27:19.833,P,,,,0,0,0,31321,0.04,,,
4189,4192,91639.8725,25:27:19.873,B,,,,0,0,0,5927,0.04,,,
4190,4191,91639.9125,25:27:19.913,B,,,,0,0,0,6793,0.04,,,
4191,4193,91639.9525,25:27:19.953,B,,,,0,0,0,4602,0.04,,,
4192,4190,91639.9925,25:27:19.993,B,,,,0,0,0,10517,0.04,,,
4193,4195,91640.0325,25:27:20.033,B,,,,0,0,0,4981,0.04,,,
4194,4194,91640.0725,25:27:20.073,B,,,,0,0,0,7083,0.04,,,
4195,4196,91640.1125,25:27:20.113,B,,,,0,0,0,4262,0.04,,,
4196,4189,91640.1525,25:27:20.153,P,,,,0,0,0,53801,0.04,,,
4197,4200,91640.1925,25:27:20.193,B,,,,0,0,0,4386,0.04,,,
4198,4199,91640.2325,25:27:20.233,B,,,,0,0,0,7197,0.04,,,
4199,4201,91640.2725,25:27:20.273,B,,,,0,0,0,4149,0.04,,,
4200,4198,91640.3125,25:27:20.313,B,,,,0,0,0,9582,0.04,,,
4201,4203,91640.3525,25:27:20.353,B,,,,0,0,0,3740,0.04,,,
4202,4202,91640.3925,25:27:20.393,B,,,,0,0,0,5880,0.04,,,
4203,4204,91640.4325,25:27:20.433,B,,,,0,0,0,3993,0.04,,,
4204,4197,91640.4725,25:27:20.473,I,,1920,1080,0,0,1,114659,0.04,,,
4205,4208,91640.5125,25:27:20.513,B,,,,0,0,0,3044,0.04,,,
4206,4207,91640.5525,25:27:20.553,B,,,,0,0,0,4645,0.04,,,
4207,4209,91640.5925,25:27:20.593,B,,,,0,0,0,3577,0.04,,,
4208,4206,91640.6325,25:27:20.633,B,,,,0,0,0,12550,0.04,,,
4209,4211,91640.6725,25:27:20.673,B,,,,0,0,0,4486,0.04,,,
4210,4210,91640.7125,25:27:20.713,B,,,,0,0,0,7511,0.04,,,
4211,4212,91640.7525,25:27:20.753,B,,,,0,0,0,4868,0.04,,,
4212,4205,91640.7925,25:27:20.793,P,,,,0,0,0,48520,0.04,,,
4213,4216,91640.8325,25:27:20.833,B,,,,0,0,0,4494,0.04,,,
4214,4215,91640.8725,25:27:20.873,B,,,,0,0,0,6176,0.04,,,
4215,4217,91640.9125,25:27:20.913,B,,,,0,0,0,3109,0.04,,,
4216,4214,91640.9525,25:27:20.953,B,,,,0,0,0,9050,0.04,,,
4217,4219,91640.9925,25:27:20.993,B,,,,0,0,0,7710,0.04,,,
4218,4218,91641.0325,25:27:21.033,B,,,,0,0,0,6230,0.04,,,
4219,4213,91641.0725,25:27:21.073,P,,,,0,0,0,55964,0.04,,,
4220,4220,91641.1125,25:27:21.113,I,,1920,1080,0,1,1,107094,0.04,,,
4221,4224,91641.1525,25:27:21.153,B,,,,0,0,0,6855,0.04,,,
4222,4223,91641.1925,25:27:21.193,B,,,,0,0,0,11189,0.04,,,
4223,4225,91641.2325,25:27:21.233,B,,,,0,0,0,6278,0.04,,,
4224,4222,91641.2725,25:27:21.273,B,,,,0,0,0,19317,0.04,,,
4225,4227,91641.3125,25:27:21.313,B,,,,0,0,0,6359,0.04,,,
4226,4226,91641.3525,25:27:21.353,B,,,,0,0,0,10586,0.04,,,
4227,4228,91641.3925,25:27:21.393,B,,,,0,0,0,5657,0.04,,,
4228,4221,91641.4325,25:27:21.433,P,,,,0,0,0,40492,0.04,,,
4229,4232,91641.4725,25:27:21.473,B,,,,0,0,0,6426,0.04,,,
4230,4231,91641.5125,25:27:21.513,B,,,,0,0,0,13759,0.04,,,
4231,4233,91641.5525,25:27:21.553,B,,,,0,0,0,9327,0.04,,,
4232,4230,91641.5925,25:27:21.593,B,,,,0,0,0,26428,0.04,,,
4233,4235,91641.6325,25:27:21.633,B,,,,0,0,0,9482,0.04,,,
4234,4234,91641.6725,25:27:21.673,B,,,,0,0,0,14316,0.04,,,
4235,4236,91641.7125,25:27:21.713,B,,,,0,0,0,7527,0.04,,,
4236,4229,91641.7525,25:27:21.753,P,,,,0,0,0,71317,0.04,,,
4237,4240,91641.7925,25:27:21.793,B,,,,0,0,0,6133,0.04,,,
4238,4239,91641.8325,25:27:21.833,B,,,,0,0,0,10543,0.04,,,
4239,4241,91641.8725,25:27:21.873,B,,,,0,0,0,4968,0.04,,,
4240,4238,91641.9125,25:27:21.913,B,,,,0,0,0,13929,0.04,,,
4241,4243,91641.9525,25:27:21.953,B,,,,0,0,0,5468,0.04,,,
4242,4242,91641.9925,25:27:21.993,B,,,,0,0,0,9013,0.04,,,
4243,4244,91642.0325,25:27:22.033,B,,,,0,0,0,5505,0.04,,,
4244,4237,91642.0725,25:27:22.073,I,,1920,1080,0,0,1,127352,0.04,,,
4245,4248,91642.1125,25:27:22.113,B,,,,0,0,0,3646,0.04,,,
4246,4247,91642.1525,25:27:22.153,B,,,,0,0,0,6255,0.04,,,
4247,4249,91642.1925,25:27:22.193,B,,,,0,0,0,3341,0.04,,,
4248,4246,91642.2325,25:27:22.233,B,,,,0,0,0,9468,0.04,,,
4249,4251,91642.2725,25:27:22.273,B,,,,0,0,0,6606,0.04,,,
4250,4250,91642.3125,25:27:22.313,B,,,,0,0,0,4894,0.04,,,
4251,4252,91642.3525,25:27:22.353,B,,,,0,0,0,19662,0.04,,,
4252,4245,91642.3925,25:27:22.393,P,,,,0,0,0,40892,0.04,,,
4253,4256,91642.4325,25:27:22.433,B,,,,0,0,0,7715,0.04,,,
4254,4255,91642.4725,25:27:22.473,B,,,,0,0,0,6766,0.04,,,
4255,4254,91642.5125,25:27:22.513,B,,,,0,0,0,11160,0.04,,,
4256,4257,91642.5525,25:27:22.553,B,,,,0,0,0,17822,0.04,,,
4257,4253,91642.5925,25:27:22.593,P,,,,0,0,0,49138,0.04,,,
4258,4258,91642.6325,25:27:22.633,I,,1920,1080,0,1,1,127270,0.04,,,
4259,4262,91642.6725,25:27:22.673,B,,,,0,0,0,3304,0.04,,,
4260,4261,91642.7125,25:27:22.713,B,,,,0,0,0,2566,0.04,,,
4261,4263,91642.7525,25:27:22.753,B,,,,0,0,0,5002,0.04,,,
4262,4260,91642.7925,25:27:22.793,B,,,,0,0,0,5826,0.04,,,
4263,4265,91642.8325,25:27:22.833,B,,,,0,0,0,6088,0.04,,,
4264,4264,91642.8725,25:27:22.873,B,,,,0,0,0,8809,0.04,,,
4265,4266,91642.9125,25:27:22.913,B,,,,0,0,0,5574,0.04,,,
4266,4259,91642.9525,25:27:22.953,P,,,,0,0,0,36636,0.04,,,
4267,4270,91642.9925,25:27:22.993,B,,,,0,0,0,2737,0.04,,,
4268,4269,91643.0325,25:27:23.033,B,,,,0,0,0,4488,0.04,,,
4269,4271,91643.0725,25:27:23.073,B,,,,0,0,0,1899,0.04,,,
4270,4268,91643.1125,25:27:23.113,B,,,,0,0,0,9812,0.04,,,
4271,4273,91643.1525,25:27:23.153,B,,,,0,0,0,1887,0.04,,,
4272,4272,91643.1925,25:27:23.193,B,,,,0,0,0,4059,0.04,,,
4273,4274,91643.2325,25:27:23.233,B,,,,0,0,0,9734,0.04,,,
4274,4267,91643.2725,25:27:23.273,P,,,,0,0,0,63915,0.04,,,
4275,4278,91643.3125,25:27:23.313,B,,,,0,0,0,2351,0.04,,,
4276,4277,91643.3525,25:27:23.353,B,,,,0,0,0,5026,0.04,,,
4277,4279,91643.3925,25:27:23.393,B,,,,0,0,0,2314,0.04,,,
4278,4276,91643.4325,25:27:23.433,B,,,,0,0,0,11110,0.04,,,
4279,4281,91643.4725,25:27:23.473,B,,,,0,0,0,1993,0.04,,,
4280,4280,91643.5125,25:27:23.513,B,,,,0,0,0,4284,0.04,,,
4281,4282,91643.5525,25:27:23.553,B,,,,0,0,0,2218,0.04,,,
4282,4275,91643.5925,25:27:23.593,I,,1920,1080,0,0,1,168051,0.04,,,
4283,4286,91643.6325,25:27:23.633,B,,,,0,0,0,4228,0.04,,,
4284,4285,91643.6725,25:27:23.673,B,,,,0,0,0,5042,0.04,,,
4285,4287,91643.7125,25:27:23.713,B,,,,0,0,0,4363,0.04,,,
4286,4284,91643.7525,25:27:23.753,B,,,,0,0,0,11264,0.04,,,
4287,4289,91643.7925,25:27:23.793,B,,,,0,0,0,6132,0.04,,,
4288,4288,91643.8325,25:27:23.833,B,,,,0,0,0,6842,0.04,,,
4289,4290,91643.8725,25:27:23.873,B,,,,0,0,0,3510,0.04,,,
4290,4283,91643.9125,25:27:23.913,P,,,,0,0,0,56359,0.04,,,
4291,4294,91643.9525,25:27:23.953,B,,,,0,0,0,2643,0.04,,,
4292,4293,91643.9925,25:27:23.993,B,,,,0,0,0,4583,0.04,,,
4293,4295,91644.0325,25:27:24.033,B,,,,0,0,0,1623,0.04,,,
4294,4292,91644.0725,25:27:24.073,B,,,,0,0,0,13562,0.04,,,
4295,4297,91644.1125,25:27:24.113,B,,,,0,0,0,3110,0.04,,,
4296,4296,91644.1525,25:27:24.153,B,,,,0,0,0,4436,0.04,,,
4297,4298,91644.1925,25:27:24.193,B,,,,0,0,0,15614,0.04,,,
4298,4291,91644.2325,25:27:24.233,P,,,,0,0,0,69673,0.04,,,
4299,4302,91644.2725,25:27:24.273,B,,,,0,0,0,1003,0.04,,,
4300,4301,91644.3125,25:27:24.313,B,,,,0,0,0,1762,0.04,,,
4301,4303,91644.3525,25:27:24.353,B,,,,0,0,0,584,0.04,,,
4302,4300,91644.3925,25:27:24.393,B,,,,0,0,0,5951,0.04,,,
4303,4305,91644.4325,25:27:24.433,B,,,,0,0,0,707,0.04,,,
4304,4304,91644.4725,25:27:24.473,B,,,,0,0,0,766,0.04,,,
4305,4306,91644.5125,25:27:24.513,B,,,,0,0,0,760,0.04,,,
4306,4299,91644.5525,25:27:24.553,I,,1920,1080,0,0,1,144841,0.04,,,
4307,4310,91644.5925,25:27:24.593,B,,,,0,0,0,4955,0.04,,,
4308,4309,91644.6325,25:27:24.633,B,,,,0,0,0,1543,0.04,,,
4309,4311,91644.6725,25:27:24.673,B,,,,0,0,0,15430,0.04,,,
4310,4308,91644.7125,25:27:24.713,B,,,,0,0,0,3365,0.04,,,
4311,4313,91644.7525,25:27:24.753,B,,,,0,0,0,15614,0.04,,,
4312,4312,91644.7925,25:27:24.793,B,,,,0,0,0,15430,0.04,,,
4313,4314,91644.8325,25:27:24.833,B,,,,0,0,0,15430,0.04,,,
4314,4307,91644.8725,25:27:24.873,P,,,,0,0,0,20980,0.04,,,
4315,4318,91644.9125,25:27:24.913,B,,,,0,0,0,15435,0.04,,,
4316,4317,91644.9525,25:27:24.953,B,,,,0,0,0,9550,0.04,,,
4317,4319,91644.9925,25:27:24.993,B,,,,0,0,0,15430,0.04,,,
4318,4316,91645.0325,25:27:25.033,B,,,,0,0,0,5579,0.04,,,
4319,4321,91645.0725,25:27:25.073,B,,,,0,0,0,15062,0.04,,,
4320,4320,91645.1125,25:27:25.113,B,,,,0,0,0,15614,0.04,,,
4321,4322,91645.1525,25:27:25.153,B,,,,0,0,0,14142,0.04,,,
4322,4315,91645.1925,25:27:25.193,P,,,,0,0,0,31743,0.04,,,
4323,4326,91645.2325,25:27:25.233,B,,,,0,0,0,1673,0.04,,,
4324,4325,91645.2725,25:27:25.273,B,,,,0,0,0,2651,0.04,,,
4325,4327,91645.3125,25:27:25.313,B,,,,0,0,0,2116,0.04,,,
4326,4324,91645.3525,25:27:25.353,B,,,,0,0,0,6506,0.04,,,
4327,4329,91645.3925,25:27:25.393,B,,,,0,0,0,1528,0.04,,,
4328,4328,91645.4325,25:27:25.433,B,,,,0,0,0,2122,0.04,,,
4329,4330,91645.4725,25:27:25.473,B,,,,0,0,0,1707,0.04,,,
4330,4323,91645.5125,25:27:25.513,I,,1920,1080,0,0,1,130413,0.04,,,
4331,4334,91645.5525,25:27:25.553,B,,,,0,0,0,1950,0.04,,,
4332,4333,91645.5925,25:27:25.593,B,,,,0,0,0,2728,0.04,,,
4333,4335,91645.6325,25:27:25.633,B,,,,0,0,0,1987,0.04,,,
4334,4332,91645.6725,25:27:25.673,B,,,,0,0,0,7842,0.04,,,
4335,4337,91645.7125,25:27:25.713,B,,,,0,0,0,2050,0.04,,,
4336,4336,91645.7525,25:27:25.753,B,,,,0,0,0,2751,0.04,,,
4337,4338,91645.7925,25:27:25.793,B,,,,0,0,0,1840,0.04,,,
4338,4331,91645.8325,25:27:25.833,P,,,,0,0,0,21615,0.04,,,
4339,4339,91645.8725,25:27:25.873,I,,1920,1080,0,1,1,113078,0.04,,,
4340,4343,91645.9125,25:27:25.913,B,,,,0,0,0,5854,0.04,,,
4341,4342,91645.9525,25:27:25.953,B,,,,0,0,0,9445,0.04,,,
4342,4344,91645.9925,25:27:25.993,B,,,,0,0,0,5732,0.04,,,
4343,4341,91646.0325,25:27:26.033,B,,,,0,0,0,12503,0.04,,,
4344,4346,91646.0725,25:27:26.073,B,,,,0,0,0,5242,0.04,,,
4345,4345,91646.1125,25:27:26.113,B,,,,0,0,0,9288,0.04,,,
4346,4347,91646.1525,25:27:26.153,B,,,,0,0,0,4733,0.04,,,
4347,4340,91646.1925,25:27:26.193,P,,,,0,0,0,47365,0.04,,,
4348,4351,91646.2325,25:27:26.233,B,,,,0,0,0,4097,0.04,,,
4349,4350,91646.2725,25:27:26.273,B,,,,0,0,0,5736,0.04,,,
4350,4352,91646.3125,25:27:26.313,B,,,,0,0,0,3999,0.04,,,
4351,4349,91646.3525,25:27:26.353,B,,,,0,0,0,11874,0.04,,,
4352,4354,91646.3925,25:27:26.393,B,,,,0,0,0,5983,0.04,,,
4353,4353,91646.4325,25:27:26.433,B,,,,0,0,0,11519,0.04,,,
4354,4355,91646.4725,25:27:26.473,B,,,,0,0,0,7082,0.04,,,
4355,4348,91646.5125,25:27:26.513,P,,,,0,0,0,51049,0.04,,,
4356,4359,91646.5525,25:27:26.553,B,,,,0,0,0,7689,0.04,,,
4357,4358,91646.5925,25:27:26.593,B,,,,0,0,0,14724,0.04,,,
4358,4360,91646.6325,25:27:26.633,B,,,,0,0,0,6641,0.04,,,
4359,4357,91646.6725,25:27:26.673,B,,,,0,0,0,18654,0.04,,,
4360,4362,91646.7125,25:27:26.713,B,,,,0,0,0,5124,0.04,,,
4361,4361,91646.7525,25:27:26.753,B,,,,0,0,0,8906,0.04,,,
4362,4363,91646.7925,25:27:26.793,B,,,,0,0,0,5628,0.04,,,
4363,4356,91646.8325,25:27:26.833,I,,1920,1080,0,0,1,127320,0.04,,,
4364,4367,91646.8725,25:27:26.873,B,,,,0,0,0,5875,0.04,,,
4365,4366,91646.9125,25:27:26.913,B,,,,0,0,0,8969,0.04,,,
4366,4368,91646.9525,25:27:26.953,B,,,,0,0,0,4344,0.04,,,
4367,4365,91646.9925,25:27:26.993,B,,,,0,0,0,15412,0.04,,,
4368,4370,91647.0325,25:27:27.033,B,,,,0,0,0,4664,0.04,,,
4369,4369,91647.0725,25:27:27.073,B,,,,0,0,0,9143,0.04,,,
4370,4371,91647.1125,25:27:27.113,B,,,,0,0,0,4541,0.04,,,
4371,4364,91647.1525,25:27:27.153,P,,,,0,0,0,57605,0.04,,,
4372,4375,91647.1925,25:27:27.193,B,,,,0,0,0,4882,0.04,,,
4373,4374,91647.2325,25:27:27.233,B,,,,0,0,0,9890,0.04,,,
4374,4376,91647.2725,25:27:27.273,B,,,,0,0,0,7616,0.04,,,
4375,4373,91647.3125,25:27:27.313,B,,,,0,0,0,18255,0.04,,,
4376,4378,91647.3525,25:27:27.353,B,,,,0,0,0,5515,0.04,,,
4377,4377,91647.3925,25:27:27.393,B,,,,0,0,0,9796,0.04,,,
4378,4379,91647.4325,25:27:27.433,B,,,,0,0,0,3808,0.04,,,
4379,4372,91647.4725,25:27:27.473,P,,,,0,0,0,62137,0.04,,,
4380,4382,91647.5125,25:27:27.513,B,,,,0,0,0,3250,0.04,,,
4381,4381,91647.5525,25:27:27.553,B,,,,0,0,0,10313,0.04,,,
4382,4383,91647.5925,25:27:27.593,B,,,,0,0,0,5020,0.04,,,
4383,4380,91647.6325,25:27:27.633,P,,,,0,0,0,38712,0.04,,,
4384,4384,91647.6725,25:27:27.673,I,,1920,1080,0,1,1,121461,0.04,,,
4385,4388,91647.7125,25:27:27.713,B,,,,0,0,0,3206,0.04,,,
4386,4387,91647.7525,25:27:27.753,B,,,,0,0,0,6551,0.04,,,
4387,4389,91647.7925,25:27:27.793,B,,,,0,0,0,3099,0.04,,,
4388,4386,91647.8325,25:27:27.833,B,,,,0,0,0,8317,0.04,,,
4389,4391,91647.8725,25:27:27.873,B,,,,0,0,0,2323,0.04,,,
4390,4390,91647.9125,25:27:27.913,B,,,,0,0,0,11304,0.04,,,
4391,4392,91647.9525,25:27:27.953,B,,,,0,0,0,2719,0.04,,,
4392,4385,91647.9925,25:27:27.993,P,,,,0,0,0,31023,0.04,,,
4393,4396,91648.0325,25:27:28.033,B,,,,0,0,0,3802,0.04,,,
4394,4395,91648.0725,25:27:28.073,B,,,,0,0,0,3538,0.04,,,
4395,4397,91648.1125,25:27:28.113,B,,,,0,0,0,2525,0.04,,,
4396,4394,91648.1525,25:27:28.153,B,,,,0,0,0,12743,0.04,,,
4397,4399,91648.1925,25:27:28.193,B,,,,0,0,0,7894,0.04,,,
4398,4398,91648.2325,25:27:28.233,B,,,,0,0,0,3112,0.04,,,
4399,4400,91648.2725,25:27:28.273,B,,,,0,0,0,18006,0.04,,,
4400,4393,91648.3125,25:27:28.313,P,,,,0,0,0,55224,0.04,,,
4401,4404,91648.3525,25:27:28.353,B,,,,0,0,0,2367,0.04,,,
4402,4403,91648.3925,25:27:28.393,B,,,,0,0,0,6225,0.04,,,
4403,4405,91648.4325,25:27:28.433,B,,,,0,0,0,1672,0.04,,,
4404,4402,91648.4725,25:27:28.473,B,,,,0,0,0,10031,0.04,,,
4405,4407,91648.5125,25:27:28.513,B,,,,0,0,0,4281,0.04,,,
4406,4406,91648.5525,25:27:28.553,B,,,,0,0,0,3428,0.04,,,
4407,4408,91648.5925,25:27:28.593,B,,,,0,0,0,3167,0.04,,,
4408,4401,91648.6325,25:27:28.633,I,,1920,1080,0,0,1,159619,0.04,,,
4409,4412,91648.6725,25:27:28.673,B,,,,0,0,0,2802,0.04,,,
4410,4411,91648.7125,25:27:28.713,B,,,,0,0,0,5794,0.04,,,
4411,4413,91648.7525,25:27:28.753,B,,,,0,0,0,3795,0.04,,,
4412,4410,91648.7925,25:27:28.793,B,,,,0,0,0,11154,0.04,,,
4413,4415,91648.8325,25:27:28.833,B,,,,0,0,0,5158,0.04,,,
4414,4414,91648.8725,25:27:28.873,B,,,,0,0,0,5900,0.04,,,
4415,4416,91648.9125,25:27:28.913,B,,,,0,0,0,5787,0.04,,,
4416,4409,91648.9525,25:27:28.953,P,,,,0,0,0,54715,0.04,,,
4417,4420,91648.9925,25:27:28.993,B,,,,0,0,0,3406,0.04,,,
4418,4419,91649.0325,25:27:29.033,B,,,,0,0,0,3643,0.04,,,
4419,4421,91649.0725,25:27:29.073,B,,,,0,0,0,2385,0.04,,,
4420,4418,91649.1125,25:27:29.113,B,,,,0,0,0,13797,0.04,,,
4421,4423,91649.1525,25:27:29.153,B,,,,0,0,0,1327,0.04,,,
4422,4422,91649.1925,25:27:29.193,B,,,,0,0,0,5425,0.04,,,
4423,4424,91649.2325,25:27:29.233,B,,,,0,0,0,13414,0.04,,,
4424,4417,91649.2725,25:27:29.273,P,,,,0,0,0,63310,0.04,,,
4425,4428,91649.3125,25:27:29.313,B,,,,0,0,0,1831,0.04,,,
4426,4427,91649.3525,25:27:29.353,B,,,,0,0,0,732,0.04,,,
4427,4429,91649.3925,25:27:29.393,B,,,,0,0,0,536,0.04,,,
4428,4426,91649.4325,25:27:29.433,B,,,,0,0,0,5042,0.04,,,
4429,4431,91649.4725,25:27:29.473,B,,,,0,0,0,910,0.04,,,
4430,4430,91649.5125,25:27:29.513,B,,,,0,0,0,868,0.04,,,
4431,4432,91649.5525,25:27:29.553,B,,,,0,0,0,702,0.04,,,
4432,4425,91649.5925,25:27:29.593,I,,1920,1080,0,0,1,143461,0.04,,,
4433,4436,91649.6325,25:27:29.633,B,,,,0,0,0,4035,0.04,,,
4434,4435,91649.6725,25:27:29.673,B,,,,0,0,0,1600,0.04,,,
4435,4437,91649.7125,25:27:29.713,B,,,,0,0,0,15430,0.04,,,
4436,4434,91649.7525,25:27:29.753,B,,,,0,0,0,4975,0.04,,,
4437,4439,91649.7925,25:27:29.793,B,,,,0,0,0,15430,0.04,,,
4438,4438,91649.8325,25:27:29.833,B,,,,0,0,0,15246,0.04,,,
4439,4440,91649.8725,25:27:29.873,B,,,,0,0,0,15246,0.04,,,
4440,4433,91649.9125,25:27:29.913,P,,,,0,0,0,20403,0.04,,,
4441,4444,91649.9525,25:27:29.953,B,,,,0,0,0,9739,0.04,,,
4442,4443,91649.9925,25:27:29.993,B,,,,0,0,0,3217,0.04,,,
4443,4445,91650.0325,25:27:30.033,B,,,,0,0,0,15430,0.04,,,
4444,4442,91650.0725,25:27:30.073,B,,,,0,0,0,6859,0.04,,,
4445,4447,91650.1125,25:27:30.113,B,,,,0,0,0,15062,0.04,,,
4446,4446,91650.1525,25:27:30.153,B,,,,0,0,0,15246,0.04,,,
4447,4448,91650.1925,25:27:30.193,B,,,,0,0,0,13958,0.04,,,
4448,4441,91650.2325,25:27:30.233,P,,,,0,0,0,42092,0.04,,,
4449,4451,91650.2725,25:27:30.273,B,,,,0,0,0,10646,0.04,,,
4450,4450,91650.3125,25:27:30.313,B,,,,0,0,0,9182,0.04,,,
4451,4452,91650.3525,25:27:30.353,B,,,,0,0,0,9726,0.04,,,
4452,4449,91650.3925,25:27:30.393,P,,,,0,0,0,14959,0.04,,,
4453,4453,91650.4325,25:27:30.433,I,,1920,1080,0,1,1,99668,0.04,,,
4454,4457,91650.4725,25:27:30.473,B,,,,0,0,0,11262,0.04,,,
4455,4456,91650.5125,25:27:30.513,B,,,,0,0,0,18837,0.04,,,
4456,4458,91650.5525,25:27:30.553,B,,,,0,0,0,10006,0.04,,,
4457,4455,91650.5925,25:27:30.593,B,,,,0,0,0,32031,0.04,,,
4458,4460,91650.6325,25:27:30.633,B,,,,0,0,0,10498,0.04,,,
4459,4459,91650.6725,25:27:30.673,B,,,,0,0,0,16645,0.04,,,
4460,4461,91650.7125,25:27:30.713,B,,,,0,0,0,9333,0.04,,,
4461,4454,91650.7525,25:27:30.753,P,,,,0,0,0,67868,0.04,,,
4462,4465,91650.7925,25:27:30.793,B,,,,0,0,0,6457,0.04,,,
4463,4464,91650.8325,25:27:30.833,B,,,,0,0,0,13160,0.04,,,
4464,4466,91650.8725,25:27:30.873,B,,,,0,0,0,7497,0.04,,,
4465,4463,91650.9125,25:27:30.913,B,,,,0,0,0,22702,0.04,,,
4466,4468,91650.9525,25:27:30.953,B,,,,0,0,0,8545,0.04,,,
4467,4467,91650.9925,25:27:30.993,B,,,,0,0,0,15821,0.04,,,
4468,4469,91651.0325,25:27:31.033,B,,,,0,0,0,8577,0.04,,,
4469,4462,91651.0725,25:27:31.073,P,,,,0,0,0,59224,0.04,,,
4470,4473,91651.1125,25:27:31.113,B,,,,0,0,0,8969,0.04,,,
4471,4472,91651.1525,25:27:31.153,B,,,,0,0,0,16731,0.04,,,
4472,4474,91651.1925,25:27:31.193,B,,,,0,0,0,8591,0.04,,,
4473,4471,91651.2325,25:27:31.233,B,,,,0,0,0,27606,0.04,,,
4474,4476,91651.2725,25:27:31.273,B,,,,0,0,0,8568,0.04,,,
4475,4475,91651.3125,25:27:31.313,B,,,,0,0,0,15557,0.04,,,
4476,4477,91651.3525,25:27:31.353,B,,,,0,0,0,8445,0.04,,,
4477,4470,91651.3925,25:27:31.393,I,,1920,1080,0,0,1,92400,0.04,,,
4478,4481,91651.4325,25:27:31.433,B,,,,0,0,0,8916,0.04,,,
4479,4480,91651.4725,25:27:31.473,B,,,,0,0,0,15999,0.04,,,
4480,4482,91651.5125,25:27:31.513,B,,,,0,0,0,8934,0.04,,,
4481,4479,91651.5525,25:27:31.553,B,,,,0,0,0,28156,0.04,,,
4482,4484,91651.5925,25:27:31.593,B,,,,0,0,0,9893,0.04,,,
4483,4483,91651.6325,25:27:31.633,B,,,,0,0,0,16019,0.04,,,
4484,4485,91651.6725,25:27:31.673,B,,,,0,0,0,9060,0.04,,,
4485,4478,91651.7125,25:27:31.713,P,,,,0,0,0,59355,0.04,,,
4486,4489,91651.7525,25:27:31.753,B,,,,0,0,0,9716,0.04,,,
4487,4488,91651.7925,25:27:31.793,B,,,,0,0,0,15787,0.04,,,
4488,4490,91651.8325,25:27:31.833,B,,,,0,0,0,8827,0.04,,,
4489,4487,91651.8725,25:27:31.873,B,,,,0,0,0,28611,0.04,,,
4490,4492,91651.9125,25:27:31.913,B,,,,0,0,0,9867,0.04,,,
4491,4491,91651.9525,25:27:31.953,B,,,,0,0,0,15974,0.04,,,
4492,4493,91651.9925,25:27:31.993,B,,,,0,0,0,8695,0.04,,,
4493,4486,91652.0325,25:27:32.033,P,,,,0,0,0,69660,0.04,,,
4494,4497,91652.0725,25:27:32.073,B,,,,0,0,0,9862,0.04,,,
4495,4496,91652.1125,25:27:32.113,B,,,,0,0,0,16002,0.04,,,
4496,4498,91652.1525,25:27:32.153,B,,,,0,0,0,8844,0.04,,,
4497,4495,91652.1925,25:27:32.193,B,,,,0,0,0,25474,0.04,,,
4498,4500,91652.2325,25:27:32.233,B,,,,0,0,0,8748,0.04,,,
4499,4499,91652.2725,25:27:32.273,B,,,,0,0,0,15426,0.04,,,
4500,4501,91652.3125,25:27:32.313,B,,,,0,0,0,9540,0.04,,,
4501,4494,91652.3525,25:27:32.353,I,,1920,1080,0,0,1,81065,0.04,,,
4502,4505,91652.3925,25:27:32.393,B,,,,0,0,0,9186,0.04,,,
4503,4504,91652.4325,25:27:32.433,B,,,,0,0,0,15925,0.04,,,
4504,4506,91652.4725,25:27:32.473,B,,,,0,0,0,9215,0.04,,,
4505,4503,91652.5125,25:27:32.513,B,,,,0,0,0,24339,0.04,,,
4506,4508,91652.5525,25:27:32.553,B,,,,0,0,0,9607,0.04,,,
4507,4507,91652.5925,25:27:32.593,B,,,,0,0,0,15273,0.04,,,
4508,4509,91652.6325,25:27:32.633,B,,,,0,0,0,7798,0.04,,,
4509,4502,91652.6725,25:27:32.673,P,,,,0,0,0,62324,0.04,,,
4510,4513,91652.7125,25:27:32.713,B,,,,0,0,0,7763,0.04,,,
4511,4512,91652.7525,25:27:32.753,B,,,,0,0,0,15759,0.04,,,
4512,4514,91652.7925,25:27:32.793,B,,,,0,0,0,7591,0.04,,,
4513,4511,91652.8325,25:27:32.833,B,,,,0,0,0,25436,0.04,,,
4514,4516,91652.8725,25:27:32.873,B,,,,0,0,0,8923,0.04,,,
4515,4515,91652.9125,25:27:32.913,B,,,,0,0,0,15590,0.04,,,
4516,4517,91652.9525,25:27:32.953,B,,,,0,0,0,9133,0.04,,,
4517,4510,91652.9925,25:27:32.993,P,,,,0,0,0,60058,0.04,,,
4518,4521,91653.0325,25:27:33.033,B,,,,0,0,0,10428,0.04,,,
4519,4520,91653.0725,25:27:33.073,B,,,,0,0,0,16273,0.04,,,
4520,4522,91653.1125,25:27:33.113,B,,,,0,0,0,9709,0.04,,,
4521,4519,91653.1525,25:27:33.153,B,,,,0,0,0,24640,0.04,,,
4522,4524,91653.1925,25:27:33.193,B,,,,0,0,0,7738,0.04,,,
4523,4523,91653.2325,25:27:33.233,B,,,,0,0,0,12965,0.04,,,
4524,4525,91653.2725,25:27:33.273,B,,,,0,0,0,7425,0.04,,,
4525,4518,91653.3125,25:27:33.313,I,,1920,1080,0,0,1,85225,0.04,,,
4526,4529,91653.3525,25:27:33.353,B,,,,0,0,0,7725,0.04,,,
4527,4528,91653.3925,25:27:33.393,B,,,,0,0,0,12329,0.04,,,
4528,4527,91653.4325,25:27:33.433,B,,,,0,0,0,21185,0.04,,,
4529,4530,91653.4725,25:27:33.473,B,,,,0,0,0,9270,0.04,,,
4530,4526,91653.5125,25:27:33.513,P,,,,0,0,0,53565,0.04,,,
4531,4531,91653.5525,25:27:33.553,I,,1920,1080,0,1,1,105580,0.04,,,
4532,4535,91653.5925,25:27:33.593,B,,,,0,0,0,6726,0.04,,,
4533,4534,91653.6325,25:27:33.633,B,,,,0,0,0,10617,0.04,,,
4534,4536,91653.6725,25:27:33.673,B,,,,0,0,0,5533,0.04,,,
4535,4533,91653.7125,25:27:33.713,B,,,,0,0,0,11356,0.04,,,
4536,4538,91653.7525,25:27:33.753,B,,,,0,0,0,4890,0.04,,,
4537,4537,91653.7925,25:27:33.793,B,,,,0,0,0,7179,0.04,,,
4538,4539,91653.8325,25:27:33.833,B,,,,0,0,0,3790,0.04,,,
4539,4532,91653.8725,25:27:33.873,P,,,,0,0,0,49655,0.04,,,
4540,4543,91653.9125,25:27:33.913,B,,,,0,0,0,2916,0.04,,,
4541,4542,91653.9525,25:27:33.953,B,,,,0,0,0,4061,0.04,,,
4542,4544,91653.9925,25:27:33.993,B,,,,0,0,0,2497,0.04,,,
4543,4541,91654.0325,25:27:34.033,B,,,,0,0,0,9157,0.04,,,
4544,4546,91654.0725,25:27:34.073,B,,,,0,0,0,4705,0.04,,,
4545,4545,91654.1125,25:27:34.113,B,,,,0,0,0,11347,0.04,,,
4546,4547,91654.1525,25:27:34.153,B,,,,0,0,0,7933,0.04,,,
4547,4540,91654.1925,25:27:34.193,P,,,,0,0,0,59741,0.04,,,
4548,4551,91654.2325,25:27:34.233,B,,,,0,0,0,7825,0.04,,,
4549,4550,91654.2725,25:27:34.273,B,,,,0,0,0,12306,0.04,,,
4550,4552,91654.3125,25:27:34.313,B,,,,0,0,0,5263,0.04,,,
4551,4549,91654.3525,25:27:34.353,B,,,,0,0,0,13379,0.04,,,
4552,4554,91654.3925,25:27:34.393,B,,,,0,0,0,3832,0.04,,,
4553,4553,91654.4325,25:27:34.433,B,,,,0,0,0,6495,0.04,,,
4554,4555,91654.4725,25:27:34.473,B,,,,0,0,0,3254,0.04,,,
4555,4548,91654.5125,25:27:34.513,I,,1920,1080,0,0,1,134752,0.04,,,
4556,4559,91654.5525,25:27:34.553,B,,,,0,0,0,3319,0.04,,,
4557,4558,91654.5925,25:27:34.593,B,,,,0,0,0,7786,0.04,,,
4558,4560,91654.6325,25:27:34.633,B,,,,0,0,0,5550,0.04,,,
4559,4557,91654.6725,25:27:34.673,B,,,,0,0,0,15639,0.04,,,
4560,4562,91654.7125,25:27:34.713,B,,,,0,0,0,5748,0.04,,,
4561,4561,91654.7525,25:27:34.753,B,,,,0,0,0,9928,0.04,,,
4562,4563,91654.7925,25:27:34.793,B,,,,0,0,0,5536,0.04,,,
4563,4556,91654.8325,25:27:34.833,P,,,,0,0,0,61141,0.04,,,
4564,4567,91654.8725,25:27:34.873,B,,,,0,0,0,4175,0.04,,,
4565,4566,91654.9125,25:27:34.913,B,,,,0,0,0,6852,0.04,,,
4566,4568,91654.9525,25:27:34.953,B,,,,0,0,0,3677,0.04,,,
4567,4565,91654.9925,25:27:34.993,B,,,,0,0,0,12511,0.04,,,
4568,4570,91655.0325,25:27:35.033,B,,,,0,0,0,4633,0.04,,,
4569,4569,91655.0725,25:27:35.073,B,,,,0,0,0,10347,0.04,,,
4570,4571,91655.1125,25:27:35.113,B,,,,0,0,0,4895,0.04,,,
4571,4564,91655.1525,25:27:35.153,P,,,,0,0,0,61233,0.04,,,
4572,4575,91655.1925,25:27:35.193,B,,,,0,0,0,3232,0.04,,,
4573,4574,91655.2325,25:27:35.233,B,,,,0,0,0,5744,0.04,,,
4574,4576,91655.2725,25:27:35.273,B,,,,0,0,0,2623,0.04,,,
4575,4573,91655.3125,25:27:35.313,B,,,,0,0,0,11101,0.04,,,
4576,4578,91655.3525,25:27:35.353,B,,,,0,0,0,2439,0.04,,,
4577,4577,91655.3925,25:27:35.393,B,,,,0,0,0,5067,0.04,,,
4578,4579,91655.4325,25:27:35.433,B,,,,0,0,0,2757,0.04,,,
4579,4572,91655.4725,25:27:35.473,I,,1920,1080,0,0,1,119930,0.04,,,
4580,4583,91655.5125,25:27:35.513,B,,,,0,0,0,1762,0.04,,,
4581,4582,91655.5525,25:27:35.553,B,,,,0,0,0,4470,0.04,,,
4582,4584,91655.5925,25:27:35.593,B,,,,0,0,0,1965,0.04,,,
4583,4581,91655.6325,25:27:35.633,B,,,,0,0,0,8135,0.04,,,
4584,4586,91655.6725,25:27:35.673,B,,,,0,0,0,16350,0.04,,,
4585,4585,91655.7125,25:27:35.713,B,,,,0,0,0,8814,0.04,,,
4586,4587,91655.7525,25:27:35.753,B,,,,0,0,0,16534,0.04,,,
4587,4580,91655.7925,25:27:35.793,P,,,,0,0,0,28270,0.04,,,
4588,4591,91655.8325,25:27:35.833,B,,,,0,0,0,12499,0.04,,,
4589,4590,91655.8725,25:27:35.873,B,,,,0,0,0,4935,0.04,,,
4590,4589,91655.9125,25:27:35.913,B,,,,0,0,0,11232,0.04,,,
4591,4593,91655.9525,25:27:35.953,B,,,,0,0,0,16534,0.04,,,
4592,4592,91655.9925,25:27:35.993,B,,,,0,0,0,16350,0.04,,,
4593,4588,91656.0325,25:27:36.033,P,,,,0,0,0,37137,0.04,,,
4594,4594,91656.0725,25:27:36.073,I,,1920,1080,0,1,1,122444,0.04,,,
4595,4598,91656.1125,25:27:36.113,B,,,,0,0,0,5358,0.04,,,
4596,4597,91656.1525,25:27:36.153,B,,,,0,0,0,7398,0.04,,,
4597,4599,91656.1925,25:27:36.193,B,,,,0,0,0,5600,0.04,,,
4598,4596,91656.2325,25:27:36.233,B,,,,0,0,0,6292,0.04,,,
4599,4601,91656.2725,25:27:36.273,B,,,,0,0,0,7894,0.04,,,
4600,4600,91656.3125,25:27:36.313,B,,,,0,0,0,7646,0.04,,,
4601,4602,91656.3525,25:27:36.353,B,,,,0,0,0,7175,0.04,,,
4602,4595,91656.3925,25:27:36.393,P,,,,0,0,0,33671,0.04,,,
4603,4606,91656.4325,25:27:36.433,B,,,,0,0,0,4163,0.04,,,
4604,4605,91656.4725,25:27:36.473,B,,,,0,0,0,4305,0.04,,,
4605,4607,91656.5125,25:27:36.513,B,,,,0,0,0,3768,0.04,,,
4606,4604,91656.5525,25:27:36.553,B,,,,0,0,0,6576,0.04,,,
4607,4609,91656.5925,25:27:36.593,B,,,,0,0,0,3774,0.04,,,
4608,4608,91656.6325,25:27:36.633,B,,,,0,0,0,6217,0.04,,,
4609,4610,91656.6725,25:27:36.673,B,,,,0,0,0,4766,0.04,,,
4610,4603,91656.7125,25:27:36.713,P,,,,0,0,0,69829,0.04,,,
4611,4614,91656.7525,25:27:36.753,B,,,,0,0,0,2906,0.04,,,
4612,4613,91656.7925,25:27:36.793,B,,,,0,0,0,4662,0.04,,,
4613,4615,91656.8325,25:27:36.833,B,,,,0,0,0,2306,0.04,,,
4614,4612,91656.8725,25:27:36.873,B,,,,0,0,0,4616,0.04,,,
4615,4617,91656.9125,25:27:36.913,B,,,,0,0,0,1021,0.04,,,
4616,4616,91656.9525,25:27:36.953,B,,,,0,0,0,3639,0.04,,,
4617,4618,91656.9925,25:27:36.993,B,,,,0,0,0,2016,0.04,,,
4618,4611,91657.0325,25:27:37.033,I,,1920,1080,0,0,1,147662,0.04,,,
4619,4622,91657.0725,25:27:37.073,B,,,,0,0,0,2500,0.04,,,
4620,4621,91657.1125,25:27:37.113,B,,,,0,0,0,5522,0.04,,,
4621,4623,91657.1525,25:27:37.153,B,,,,0,0,0,6974,0.04,,,
4622,4620,91657.1925,25:27:37.193,B,,,,0,0,0,7739,0.04,,,
4623,4625,91657.2325,25:27:37.233,B,,,,0,0,0,16534,0.04,,,
4624,4624,91657.2725,25:27:37.273,B,,,,0,0,0,16718,0.04,,,
4625,4626,91657.3125,25:27:37.313,B,,,,0,0,0,16902,0.04,,,
4626,4619,91657.3525,25:27:37.353,P,,,,0,0,0,41711,0.04,,,
4627,4629,91657.3925,25:27:37.393,B,,,,0,0,0,1902,0.04,,,
4628,4628,91657.4325,25:27:37.433,B,,,,0,0,0,1586,0.04,,,
4629,4627,91657.4725,25:27:37.473,P,,,,0,0,0,56040,0.04,,,
4630,4630,91657.5125,25:27:37.513,I,,1920,1080,0,1,1,110829,0.04,,,
4631,4634,91657.5525,25:27:37.553,B,,,,0,0,0,6775,0.04,,,
4632,4633,91657.5925,25:27:37.593,B,,,,0,0,0,8454,0.04,,,
4633,4635,91657.6325,25:27:37.633,B,,,,0,0,0,6185,0.04,,,
4634,4632,91657.6725,25:27:37.673,B,,,,0,0,0,13161,0.04,,,
4635,4637,91657.7125,25:27:37.713,B,,,,0,0,0,5050,0.04,,,
4636,4636,91657.7525,25:27:37.753,B,,,,0,0,0,8798,0.04,,,
4637,4638,91657.7925,25:27:37.793,B,,,,0,0,0,5715,0.04,,,
4638,4631,91657.8325,25:27:37.833,P,,,,0,0,0,39388,0.04,,,
4639,4642,91657.8725,25:27:37.873,B,,,,0,0,0,3851,0.04,,,
4640,4641,91657.9125,25:27:37.913,B,,,,0,0,0,6371,0.04,,,
4641,4643,91657.9525,25:27:37.953,B,,,,0,0,0,4180,0.04,,,
4642,4640,91657.9925,25:27:37.993,B,,,,0,0,0,11351,0.04,,,
4643,4645,91658.0325,25:27:38.033,B,,,,0,0,0,4556,0.04,,,
4644,4644,91658.0725,25:27:38.073,B,,,,0,0,0,5634,0.04,,,
4645,4646,91658.1125,25:27:38.113,B,,,,0,0,0,4950,0.04,,,
4646,4639,91658.1525,25:27:38.153,P,,,,0,0,0,58704,0.04,,,
4647,4649,91658.1925,25:27:38.193,B,,,,0,0,0,16358,0.04,,,
4648,4648,91658.2325,25:27:38.233,B,,,,0,0,0,4813,0.04,,,
4649,4650,91658.2725,25:27:38.273,B,,,,0,0,0,18742,0.04,,,
4650,4647,91658.3125,25:27:38.313,P,,,,0,0,0,35471,0.04,,,
4651,4651,91658.3525,25:27:38.353,I,,1920,1080,0,1,1,131425,0.04,,,
4652,4655,91658.3925,25:27:38.393,B,,,,0,0,0,4846,0.04,,,
4653,4654,91658.4325,25:27:38.433,B,,,,0,0,0,5789,0.04,,,
4654,4656,91658.4725,25:27:38.473,B,,,,0,0,0,6254,0.04,,,
4655,4653,91658.5125,25:27:38.513,B,,,,0,0,0,8315,0.04,,,
4656,4658,91658.5525,25:27:38.553,B,,,,0,0,0,6626,0.04,,,
4657,4657,91658.5925,25:27:38.593,B,,,,0,0,0,8200,0.04,,,
4658,4659,91658.6325,25:27:38.633,B,,,,0,0,0,2192,0.04,,,
4659,4652,91658.6725,25:27:38.673,P,,,,0,0,0,36149,0.04,,,
4660,4663,91658.7125,25:27:38.713,B,,,,0,0,0,1824,0.04,,,
4661,4662,91658.7525,25:27:38.753,B,,,,0,0,0,4985,0.04,,,
4662,4664,91658.7925,25:27:38.793,B,,,,0,0,0,3528,0.04,,,
4663,4661,91658.8325,25:27:38.833,B,,,,0,0,0,15551,0.04,,,
4664,4666,91658.8725,25:27:38.873,B,,,,0,0,0,3027,0.04,,,
4665,4665,91658.9125,25:27:38.913,B,,,,0,0,0,4850,0.04,,,
4666,4667,91658.9525,25:27:38.953,B,,,,0,0,0,9204,0.04,,,
4667,4660,91658.9925,25:27:38.993,P,,,,0,0,0,69692,0.04,,,
4668,4671,91659.0325,25:27:39.033,B,,,,0,0,0,6490,0.04,,,
4669,4670,91659.0725,25:27:39.073,B,,,,0,0,0,7968,0.04,,,
4670,4672,91659.1125,25:27:39.113,B,,,,0,0,0,2908,0.04,,,
4671,4669,91659.1525,25:27:39.153,B,,,,0,0,0,12940,0.04,,,
4672,4674,91659.1925,25:27:39.193,B,,,,0,0,0,5992,0.04,,,
4673,4673,91659.2325,25:27:39.233,B,,,,0,0,0,5280,0.04,,,
4674,4675,91659.2725,25:27:39.273,B,,,,0,0,0,3876,0.04,,,
4675,4668,91659.3125,25:27:39.313,I,,1920,1080,0,0,1,171056,0.04,,,
4676,4679,91659.3525,25:27:39.353,B,,,,0,0,0,3573,0.04,,,
4677,4678,91659.3925,25:27:39.393,B,,,,0,0,0,6015,0.04,,,
4678,4680,91659.4325,25:27:39.433,B,,,,0,0,0,3720,0.04,,,
4679,4677,91659.4725,25:27:39.473,B,,,,0,0,0,12726,0.04,,,
4680,4682,91659.5125,25:27:39.513,B,,,,0,0,0,3193,0.04,,,
4681,4681,91659.5525,25:27:39.553,B,,,,0,0,0,5694,0.04,,,
4682,4683,91659.5925,25:27:39.593,B,,,,0,0,0,3263,0.04,,,
4683,4676,91659.6325,25:27:39.633,P,,,,0,0,0,52246,0.04,,,
4684,4687,91659.6725,25:27:39.673,B,,,,0,0,0,2994,0.04,,,
4685,4686,91659.7125,25:27:39.713,B,,,,0,0,0,6724,0.04,,,
4686,4688,91659.7525,25:27:39.753,B,,,,0,0,0,4075,0.04,,,
4687,4685,91659.7925,25:27:39.793,B,,,,0,0,0,9906,0.04,,,
4688,4690,91659.8325,25:27:39.833,B,,,,0,0,0,16534,0.04,,,
4689,4689,91659.8725,25:27:39.873,B,,,,0,0,0,13966,0.04,,,
4690,4691,91659.9125,25:27:39.913,B,,,,0,0,0,15430,0.04,,,
4691,4684,91659.9525,25:27:39.953,P,,,,0,0,0,49062,0.04,,,
4692,4695,91659.9925,25:27:39.993,B,,,,0,0,0,1611,0.04,,,
4693,4694,91660.0325,25:27:40.033,B,,,,0,0,0,3901,0.04,,,
4694,4696,91660.0725,25:27:40.073,B,,,,0,0,0,519,0.04,,,
4695,4693,91660.1125,25:27:40.113,B,,,,0,0,0,3741,0.04,,,
4696,4698,91660.1525,25:27:40.153,B,,,,0,0,0,2391,0.04,,,
4697,4697,91660.1925,25:27:40.193,B,,,,0,0,0,3348,0.04,,,
4698,4699,91660.2325,25:27:40.233,B,,,,0,0,0,1829,0.04,,,
4699,4692,91660.2725,25:27:40.273,I,,1920,1080,0,0,1,146762,0.04,,,
4700,4703,91660.3125,25:27:40.313,B,,,,0,0,0,3349,0.04,,,
4701,4702,91660.3525,25:27:40.353,B,,,,0,0,0,2692,0.04,,,
4702,4704,91660.3925,25:27:40.393,B,,,,0,0,0,3952,0.04,,,
4703,4701,91660.4325,25:27:40.433,B,,,,0,0,0,8148,0.04,,,
4704,4706,91660.4725,25:27:40.473,B,,,,0,0,0,10654,0.04,,,
4705,4705,91660.5125,25:27:40.513,B,,,,0,0,0,2100,0.04,,,
4706,4707,91660.5525,25:27:40.553,B,,,,0,0,0,14142,0.04,,,
4707,4700,91660.5925,25:27:40.593,P,,,,0,0,0,23351,0.04,,,
4708,4711,91660.6325,25:27:40.633,B,,,,0,0,0,13779,0.04,,,
4709,4710,91660.6725,25:27:40.673,B,,,,0,0,0,13774,0.04,,,
4710,4712,91660.7125,25:27:40.713,B,,,,0,0,0,13590,0.04,,,
4711,4709,91660.7525,25:27:40.753,B,,,,0,0,0,5431,0.04,,,
4712,4714,91660.7925,25:27:40.793,B,,,,0,0,0,14142,0.04,,,
4713,4713,91660.8325,25:27:40.833,B,,,,0,0,0,13958,0.04,,,
4714,4715,91660.8725,25:27:40.873,B,,,,0,0,0,13774,0.04,,,
4715,4708,91660.9125,25:27:40.913,P,,,,0,0,0,22591,0.04,,,
4716,4719,91660.9525,25:27:40.953,B,,,,0,0,0,3431,0.04,,,
4717,4718,91660.9925,25:27:40.993,B,,,,0,0,0,745,0.04,,,
4718,4720,91661.0325,25:27:41.033,B,,,,0,0,0,435,0.04,,,
4719,4717,91661.0725,25:27:41.073,B,,,,0,0,0,1136,0.04,,,
4720,4722,91661.1125,25:27:41.113,B,,,,0,0,0,494,0.04,,,
4721,4721,91661.1525,25:27:41.153,B,,,,0,0,0,1429,0.04,,,
4722,4723,91661.1925,25:27:41.193,B,,,,0,0,0,888,0.04,,,
4723,4716,91661.2325,25:27:41.233,I,,1920,1080,0,0,1,107423,0.04,,,
4724,4724,91661.2725,25:27:41.273,P,,,,0,0,0,18225,0.04,,,
4725,4725,91661.3125,25:27:41.313,I,,1920,1080,0,1,1,127511,0.04,,,
4726,4729,91661.3525,25:27:41.353,B,,,,0,0,0,11398,0.04,,,
4727,4728,91661.3925,25:27:41.393,B,,,,0,0,0,20975,0.04,,,
4728,4730,91661.4325,25:27:41.433,B,,,,0,0,0,11376,0.04,,,
4729,4727,91661.4725,25:27:41.473,B,,,,0,0,0,32310,0.04,,,
4730,4732,91661.5125,25:27:41.513,B,,,,0,0,0,8800,0.04,,,
4731,4731,91661.5525,25:27:41.553,B,,,,0,0,0,15702,0.04,,,
4732,4733,91661.5925,25:27:41.593,B,,,,0,0,0,8431,0.04,,,
4733,4726,91661.6325,25:27:41.633,P,,,,0,0,0,79504,0.04,,,
4734,4737,91661.6725,25:27:41.673,B,,,,0,0,0,8246,0.04,,,
4735,4736,91661.7125,25:27:41.713,B,,,,0,0,0,16264,0.04,,,
4736,4738,91661.7525,25:27:41.753,B,,,,0,0,0,8336,0.04,,,
4737,4735,91661.7925,25:27:41.793,B,,,,0,0,0,30055,0.04,,,
4738,4740,91661.8325,25:27:41.833,B,,,,0,0,0,10948,0.04,,,
4739,4739,91661.8725,25:27:41.873,B,,,,0,0,0,15390,0.04,,,
4740,4741,91661.9125,25:27:41.913,B,,,,0,0,0,8412,0.04,,,
4741,4734,91661.9525,25:27:41.953,P,,,,0,0,0,73635,0.04,,,
4742,4745,91661.9925,25:27:41.993,B,,,,0,0,0,8304,0.04,,,
4743,4744,91662.0325,25:27:42.033,B,,,,0,0,0,17637,0.04,,,
4744,4746,91662.0725,25:27:42.073,B,,,,0,0,0,8877,0.04,,,
4745,4743,91662.1125,25:27:42.113,B,,,,0,0,0,28634,0.04,,,
4746,4748,91662.1525,25:27:42.153,B,,,,0,0,0,7685,0.04,,,
4747,4747,91662.1925,25:27:42.193,B,,,,0,0,0,16890,0.04,,,
4748,4749,91662.2325,25:27:42.233,B,,,,0,0,0,9771,0.04,,,
4749,4742,91662.2725,25:27:42.273,I,,1920,1080,0,0,1,125731,0.04,,,
4750,4753,91662.3125,25:27:42.313,B,,,,0,0,0,8183,0.04,,,
4751,4752,91662.3525,25:27:42.353,B,,,,0,0,0,14739,0.04,,,
4752,4754,91662.3925,25:27:42.393,B,,,,0,0,0,8690,0.04,,,
4753,4751,91662.4325,25:27:42.433,B,,,,0,0,0,28984,0.04,,,
4754,4756,91662.4725,25:27:42.473,B,,,,0,0,0,8706,0.04,,,
4755,4755,91662.5125,25:27:42.513,B,,,,0,0,0,15897,0.04,,,
4756,4757,91662.5525,25:27:42.553,B,,,,0,0,0,8133,0.04,,,
4757,4750,91662.5925,25:27:42.593,P,,,,0,0,0,81162,0.04,,,
4758,4761,91662.6325,25:27:42.633,B,,,,0,0,0,8678,0.04,,,
4759,4760,91662.6725,25:27:42.673,B,,,,0,0,0,16138,0.04,,,
4760,4762,91662.7125,25:27:42.713,B,,,,0,0,0,8765,0.04,,,
4761,4759,91662.7525,25:27:42.753,B,,,,0,0,0,26539,0.04,,,
4762,4764,91662.7925,25:27:42.793,B,,,,0,0,0,9505,0.04,,,
4763,4763,91662.8325,25:27:42.833,B,,,,0,0,0,16657,0.04,,,
4764,4765,91662.8725,25:27:42.873,B,,,,0,0,0,7749,0.04,,,
4765,4758,91662.9125,25:27:42.913,P,,,,0,0,0,80960,0.04,,,
4766,4769,91662.9525,25:27:42.953,B,,,,0,0,0,8011,0.04,,,
4767,4768,91662.9925,25:27:42.993,B,,,,0,0,0,13804,0.04,,,
4768,4770,91663.0325,25:27:43.033,B,,,,0,0,0,9061,0.04,,,
4769,4767,91663.0725,25:27:43.073,B,,,,0,0,0,25224,0.04,,,
4770,4772,91663.1125,25:27:43.113,B,,,,0,0,0,9229,0.04,,,
4771,4771,91663.1525,25:27:43.153,B,,,,0,0,0,14406,0.04,,,
4772,4773,91663.1925,25:27:43.193,B,,,,0,0,0,8651,0.04,,,
4773,4766,91663.2325,25:27:43.233,I,,1920,1080,0,0,1,119481,0.04,,,
4774,4777,91663.2725,25:27:43.273,B,,,,0,0,0,7886,0.04,,,
4775,4776,91663.3125,25:27:43.313,B,,,,0,0,0,12589,0.04,,,
4776,4778,91663.3525,25:27:43.353,B,,,,0,0,0,7270,0.04,,,
4777,4775,91663.3925,25:27:43.393,B,,,,0,0,0,23523,0.04,,,
4778,4780,91663.4325,25:27:43.433,B,,,,0,0,0,6752,0.04,,,
4779,4779,91663.4725,25:27:43.473,B,,,,0,0,0,13271,0.04,,,
4780,4781,91663.5125,25:27:43.513,B,,,,0,0,0,7237,0.04,,,
4781,4774,91663.5525,25:27:43.553,P,,,,0,0,0,65171,0.04,,,
4782,4785,91663.5925,25:27:43.593,B,,,,0,0,0,7839,0.04,,,
4783,4784,91663.6325,25:27:43.633,B,,,,0,0,0,12515,0.04,,,
4784,4786,91663.6725,25:27:43.673,B,,,,0,0,0,6233,0.04,,,
4785,4783,91663.7125,25:27:43.713,B,,,,0,0,0,22553,0.04,,,
4786,4788,91663.7525,25:27:43.753,B,,,,0,0,0,21134,0.04,,,
4787,4787,91663.7925,25:27:43.793,B,,,,0,0,0,11548,0.04,,,
4788,4789,91663.8325,25:27:43.833,B,,,,0,0,0,20766,0.04,,,
4789,4782,91663.8725,25:27:43.873,P,,,,0,0,0,64726,0.04,,,
4790,4793,91663.9125,25:27:43.913,B,,,,0,0,0,6717,0.04,,,
4791,4792,91663.9525,25:27:43.953,B,,,,0,0,0,13165,0.04,,,
4792,4794,91663.9925,25:27:43.993,B,,,,0,0,0,6948,0.04,,,
4793,4791,91664.0325,25:27:44.033,B,,,,0,0,0,22701,0.04,,,
4794,4796,91664.0725,25:27:44.073,B,,,,0,0,0,7112,0.04,,,
4795,4795,91664.1125,25:27:44.113,B,,,,0,0,0,12382,0.04,,,
4796,4797,91664.1525,25:27:44.153,B,,,,0,0,0,7504,0.04,,,
4797,4790,91664.1925,25:27:44.193,I,,1920,1080,0,0,1,124587,0.04,,,
4798,4801,91664.2325,25:27:44.233,B,,,,0,0,0,6806,0.04,,,
4799,4800,91664.2725,25:27:44.273,B,,,,0,0,0,12298,0.04,,,
4800,4802,91664.3125,25:27:44.313,B,,,,0,0,0,6740,0.04,,,
4801,4799,91664.3525,25:27:44.353,B,,,,0,0,0,21752,0.04,,,
4802,4804,91664.3925,25:27:44.393,B,,,,0,0,0,5054,0.04,,,
4803,4803,91664.4325,25:27:44.433,B,,,,0,0,0,8933,0.04,,,
4804,4805,91664.4725,25:27:44.473,B,,,,0,0,0,4599,0.04,,,
4805,4798,91664.5125,25:27:44.513,P,,,,0,0,0,63460,0.04,,,
4806,4808,91664.5525,25:27:44.553,B,,,,0,0,0,5056,0.04,,,
4807,4807,91664.5925,25:27:44.593,B,,,,0,0,0,9191,0.04,,,
4808,4809,91664.6325,25:27:44.633,B,,,,0,0,0,5658,0.04,,,
4809,4806,91664.6725,25:27:44.673,P,,,,0,0,0,46701,0.04,,,
4810,4810,91664.7125,25:27:44.713,I,,1920,1080,0,1,1,128263,0.04,,,
4811,4814,91664.7525,25:27:44.753,B,,,,0,0,0,7458,0.04,,,
4812,4813,91664.7925,25:27:44.793,B,,,,0,0,0,12058,0.04,,,
4813,4815,91664.8325,25:27:44.833,B,,,,0,0,0,8245,0.04,,,
4814,4812,91664.8725,25:27:44.873,B,,,,0,0,0,18907,0.04,,,
4815,4817,91664.9125,25:27:44.913,B,,,,0,0,0,8202,0.04,,,
4816,4816,91664.9525,25:27:44.953,B,,,,0,0,0,11126,0.04,,,
4817,4818,91664.9925,25:27:44.993,B,,,,0,0,0,5889,0.04,,,
4818,4811,91665.0325,25:27:45.033,P,,,,0,0,0,50764,0.04,,,
4819,4822,91665.0725,25:27:45.073,B,,,,0,0,0,4192,0.04,,,
4820,4821,91665.1125,25:27:45.113,B,,,,0,0,0,8250,0.04,,,
4821,4823,91665.1525,25:27:45.153,B,,,,0,0,0,4551,0.04,,,
4822,4820,91665.1925,25:27:45.193,B,,,,0,0,0,10350,0.04,,,
4823,4825,91665.2325,25:27:45.233,B,,,,0,0,0,4379,0.04,,,
4824,4824,91665.2725,25:27:45.273,B,,,,0,0,0,6678,0.04,,,
4825,4826,91665.3125,25:27:45.313,B,,,,0,0,0,4737,0.04,,,
4826,4819,91665.3525,25:27:45.353,P,,,,0,0,0,48796,0.04,,,
4827,4830,91665.3925,25:27:45.393,B,,,,0,0,0,5511,0.04,,,
4828,4829,91665.4325,25:27:45.433,B,,,,0,0,0,9132,0.04,,,
4829,4831,91665.4725,25:27:45.473,B,,,,0,0,0,4884,0.04,,,
4830,4828,91665.5125,25:27:45.513,B,,,,0,0,0,15009,0.04,,,
4831,4833,91665.5525,25:27:45.553,B,,,,0,0,0,4399,0.04,,,
4832,4832,91665.5925,25:27:45.593,B,,,,0,0,0,9155,0.04,,,
4833,4834,91665.6325,25:27:45.633,B,,,,0,0,0,5131,0.04,,,
4834,4827,91665.6725,25:27:45.673,I,,1920,1080,0,0,1,143043,0.04,,,
4835,4838,91665.7125,25:27:45.713,B,,,,0,0,0,4546,0.04,,,
4836,4837,91665.7525,25:27:45.753,B,,,,0,0,0,9765,0.04,,,
4837,4839,91665.7925,25:27:45.793,B,,,,0,0,0,5675,0.04,,,
4838,4836,91665.8325,25:27:45.833,B,,,,0,0,0,14457,0.04,,,
4839,4841,91665.8725,25:27:45.873,B,,,,0,0,0,6327,0.04,,,
4840,4840,91665.9125,25:27:45.913,B,,,,0,0,0,8280,0.04,,,
4841,4842,91665.9525,25:27:45.953,B,,,,0,0,0,4379,0.04,,,
4842,4835,91665.9925,25:27:45.993,P,,,,0,0,0,66579,0.04,,,
4843,4846,91666.0325,25:27:46.033,B,,,,0,0,0,3430,0.04,,,
4844,4845,91666.0725,25:27:46.073,B,,,,0,0,0,6516,0.04,,,
4845,4847,91666.1125,25:27:46.113,B,,,,0,0,0,2996,0.04,,,
4846,4844,91666.1525,25:27:46.153,B,,,,0,0,0,12070,0.04,,,
4847,4849,91666.1925,25:27:46.193,B,,,,0,0,0,14334,0.04,,,
4848,4848,91666.2325,25:27:46.233,B,,,,0,0,0,8442,0.04,,,
4849,4850,91666.2725,25:27:46.273,B,,,,0,0,0,16350,0.04,,,
4850,4843,91666.3125,25:27:46.313,P,,,,0,0,0,58465,0.04,,,
4851,4854,91666.3525,25:27:46.353,B,,,,0,0,0,3703,0.04,,,
4852,4853,91666.3925,25:27:46.393,B,,,,0,0,0,6346,0.04,,,
4853,4855,91666.4325,25:27:46.433,B,,,,0,0,0,2860,0.04,,,
4854,4852,91666.4725,25:27:46.473,B,,,,0,0,0,12232,0.04,,,
4855,4857,91666.5125,25:27:46.513,B,,,,0,0,0,3144,0.04,,,
4856,4856,91666.5525,25:27:46.553,B,,,,0,0,0,5883,0.04,,,
4857,4858,91666.5925,25:27:46.593,B,,,,0,0,0,2763,0.04,,,
4858,4851,91666.6325,25:27:46.633,I,,1920,1080,0,0,1,124697,0.04,,,
4859,4862,91666.6725,25:27:46.673,B,,,,0,0,0,2468,0.04,,,
4860,4861,91666.7125,25:27:46.713,B,,,,0,0,0,5009,0.04,,,
4861,4863,91666.7525,25:27:46.753,B,,,,0,0,0,3141,0.04,,,
4862,4860,91666.7925,25:27:46.793,B,,,,0,0,0,10508,0.04,,,
4863,4865,91666.8325,25:27:46.833,B,,,,0,0,0,10286,0.04,,,
4864,4864,91666.8725,25:27:46.873,B,,,,0,0,0,5523,0.04,,,
4865,4866,91666.9125,25:27:46.913,B,,,,0,0,0,16350,0.04,,,
4866,4859,91666.9525,25:27:46.953,P,,,,0,0,0,49036,0.04,,,
4867,4870,91666.9925,25:27:46.993,B,,,,0,0,0,10291,0.04,,,
4868,4869,91667.0325,25:27:47.033,B,,,,0,0,0,4942,0.04,,,
4869,4871,91667.0725,25:27:47.073,B,,,,0,0,0,16350,0.04,,,
4870,4868,91667.1125,25:27:47.113,B,,,,0,0,0,8351,0.04,,,
4871,4873,91667.1525,25:27:47.153,B,,,,0,0,0,15798,0.04,,,
4872,4872,91667.1925,25:27:47.193,B,,,,0,0,0,16534,0.04,,,
4873,4874,91667.2325,25:27:47.233,B,,,,0,0,0,14510,0.04,,,
4874,4867,91667.2725,25:27:47.273,P,,,,0,0,0,42413,0.04,,,
4875,4878,91667.3125,25:27:47.313,B,,,,0,0,0,4689,0.04,,,
4876,4877,91667.3525,25:27:47.353,B,,,,0,0,0,5811,0.04,,,
4877,4879,91667.3925,25:27:47.393,B,,,,0,0,0,2298,0.04,,,
4878,4876,91667.4325,25:27:47.433,B,,,,0,0,0,6627,0.04,,,
4879,4881,91667.4725,25:27:47.473,B,,,,0,0,0,1693,0.04,,,
4880,4880,91667.5125,25:27:47.513,B,,,,0,0,0,2992,0.04,,,
4881,4882,91667.5525,25:27:47.553,B,,,,0,0,0,1554,0.04,,,
4882,4875,91667.5925,25:27:47.593,I,,1920,1080,0,0,1,121706,0.04,,,
4883,4886,91667.6325,25:27:47.633,B,,,,0,0,0,1516,0.04,,,
4884,4885,91667.6725,25:27:47.673,B,,,,0,0,0,3021,0.04,,,
4885,4887,91667.7125,25:27:47.713,B,,,,0,0,0,2361,0.04,,,
4886,4884,91667.7525,25:27:47.753,B,,,,0,0,0,6789,0.04,,,
4887,4889,91667.7925,25:27:47.793,B,,,,0,0,0,3026,0.04,,,
4888,4888,91667.8325,25:27:47.833,B,,,,0,0,0,4418,0.04,,,
4889,4890,91667.8725,25:27:47.873,B,,,,0,0,0,2612,0.04,,,
4890,4883,91667.9125,25:27:47.913,P,,,,0,0,0,40543,0.04,,,
4891,4894,91667.9525,25:27:47.953,B,,,,0,0,0,1784,0.04,,,
4892,4893,91667.9925,25:27:47.993,B,,,,0,0,0,3466,0.04,,,
4893,4895,91668.0325,25:27:48.033,B,,,,0,0,0,1627,0.04,,,
4894,4892,91668.0725,25:27:48.073,B,,,,0,0,0,7319,0.04,,,
4895,4897,91668.1125,25:27:48.113,B,,,,0,0,0,11198,0.04,,,
4896,4896,91668.1525,25:27:48.153,B,,,,0,0,0,3936,0.04,,,
4897,4898,91668.1925,25:27:48.193,B,,,,0,0,0,11750,0.04,,,
4898,4891,91668.2325,25:27:48.233,P,,,,0,0,0,36655,0.04,,,
4899,4902,91668.2725,25:27:48.273,B,,,,0,0,0,4095,0.04,,,
4900,4901,91668.3125,25:27:48.313,B,,,,0,0,0,5731,0.04,,,
4901,4903,91668.3525,25:27:48.353,B,,,,0,0,0,3583,0.04,,,
4902,4900,91668.3925,25:27:48.393,B,,,,0,0,0,6340,0.04,,,
4903,4905,91668.4325,25:27:48.433,B,,,,0,0,0,2364,0.04,,,
4904,4904,91668.4725,25:27:48.473,B,,,,0,0,0,5716,0.04,,,
4905,4906,91668.5125,25:27:48.513,B,,,,0,0,0,2759,0.04,,,
4906,4899,91668.5525,25:27:48.553,I,,1920,1080,0,0,1,100018,0.04,,,
4907,4909,91668.5925,25:27:48.593,B,,,,0,0,0,3481,0.04,,,
4908,4908,91668.6325,25:27:48.633,B,,,,0,0,0,6187,0.04,,,
4909,4910,91668.6725,25:27:48.673,B,,,,0,0,0,4883,0.04,,,
4910,4907,91668.7125,25:27:48.713,P,,,,0,0,0,47830,0.04,,,
4911,4911,91668.7525,25:27:48.753,I,,1920,1080,0,1,1,154508,0.04,,,
4912,4915,91668.7925,25:27:48.793,B,,,,0,0,0,1615,0.04,,,
4913,4914,91668.8325,25:27:48.833,B,,,,0,0,0,3443,0.04,,,
4914,4916,91668.8725,25:27:48.873,B,,,,0,0,0,2886,0.04,,,
4915,4913,91668.9125,25:27:48.913,B,,,,0,0,0,5994,0.04,,,
4916,4918,91668.9525,25:27:48.953,B,,,,0,0,0,2727,0.04,,,
4917,4917,91668.9925,25:27:48.993,B,,,,0,0,0,8743,0.04,,,
4918,4919,91669.0325,25:27:49.033,B,,,,0,0,0,2887,0.04,,,
4919,4912,91669.0725,25:27:49.073,P,,,,0,0,0,39804,0.04,,,
4920,4923,91669.1125,25:27:49.113,B,,,,0,0,0,520,0.04,,,
4921,4922,91669.1525,25:27:49.153,B,,,,0,0,0,2299,0.04,,,
4922,4924,91669.1925,25:27:49.193,B,,,,0,0,0,2412,0.04,,,
4923,4921,91669.2325,25:27:49.233,B,,,,0,0,0,6371,0.04,,,
4924,4926,91669.2725,25:27:49.273,B,,,,0,0,0,985,0.04,,,
4925,4925,91669.3125,25:27:49.313,B,,,,0,0,0,4486,0.04,,,
4926,4927,91669.3525,25:27:49.353,B,,,,0,0,0,4381,0.04,,,
4927,4920,91669.3925,25:27:49.393,P,,,,0,0,0,60798,0.04,,,
4928,4931,91669.4325,25:27:49.433,B,,,,0,0,0,1715,0.04,,,
4929,4930,91669.4725,25:27:49.473,B,,,,0,0,0,4084,0.04,,,
4930,4932,91669.5125,25:27:49.513,B,,,,0,0,0,713,0.04,,,
4931,4929,91669.5525,25:27:49.553,B,,,,0,0,0,6279,0.04,,,
4932,4934,91669.5925,25:27:49.593,B,,,,0,0,0,1367,0.04,,,
4933,4933,91669.6325,25:27:49.633,B,,,,0,0,0,3652,0.04,,,
4934,4935,91669.6725,25:27:49.673,B,,,,0,0,0,1321,0.04,,,
4935,4928,91669.7125,25:27:49.713,I,,1920,1080,0,0,1,192845,0.04,,,
4936,4939,91669.7525,25:27:49.753,B,,,,0,0,0,1328,0.04,,,
4937,4938,91669.7925,25:27:49.793,B,,,,0,0,0,5250,0.04,,,
4938,4940,91669.8325,25:27:49.833,B,,,,0,0,0,4357,0.04,,,
4939,4937,91669.8725,25:27:49.873,B,,,,0,0,0,17608,0.04,,,
4940,4942,91669.9125,25:27:49.913,B,,,,0,0,0,5779,0.04,,,
4941,4941,91669.9525,25:27:49.953,B,,,,0,0,0,8851,0.04,,,
4942,4943,91669.9925,25:27:49.993,B,,,,0,0,0,5308,0.04,,,
4943,4936,91670.0325,25:27:50.033,P,,,,0,0,0,62653,0.04,,,
4944,4947,91670.0725,25:27:50.073,B,,,,0,0,0,6997,0.04,,,
4945,4946,91670.1125,25:27:50.113,B,,,,0,0,0,4690,0.04,,,
4946,4948,91670.1525,25:27:50.153,B,,,,0,0,0,3160,0.04,,,
4947,4945,91670.1925,25:27:50.193,B,,,,0,0,0,14451,0.04,,,
4948,4950,91670.2325,25:27:50.233,B,,,,0,0,0,2563,0.04,,,
4949,4949,91670.2725,25:27:50.273,B,,,,0,0,0,8940,0.04,,,
4950,4951,91670.3125,25:27:50.313,B,,,,0,0,0,10470,0.04,,,
4951,4944,91670.3525,25:27:50.353,P,,,,0,0,0,63950,0.04,,,
4952,4955,91670.3925,25:27:50.393,B,,,,0,0,0,2360,0.04,,,
4953,4954,91670.4325,25:27:50.433,B,,,,0,0,0,4163,0.04,,,
4954,4956,91670.4725,25:27:50.473,B,,,,0,0,0,5244,0.04,,,
4955,4953,91670.5125,25:27:50.513,B,,,,0,0,0,9839,0.04,,,
4956,4958,91670.5525,25:27:50.553,B,,,,0,0,0,4108,0.04,,,
4957,4957,91670.5925,25:27:50.593,B,,,,0,0,0,2652,0.04,,,
4958,4959,91670.6325,25:27:50.633,B,,,,0,0,0,2460,0.04,,,
4959,4952,91670.6725,25:27:50.673,I,,1920,1080,0,0,1,157733,0.04,,,
4960,4963,91670.7125,25:27:50.713,B,,,,0,0,0,3717,0.04,,,
4961,4962,91670.7525,25:27:50.753,B,,,,0,0,0,4253,0.04,,,
4962,4961,91670.7925,25:27:50.793,B,,,,0,0,0,14677,0.04,,,
4963,4965,91670.8325,25:27:50.833,B,,,,0,0,0,8717,0.04,,,
4964,4964,91670.8725,25:27:50.873,B,,,,0,0,0,7591,0.04,,,
4965,4960,91670.9125,25:27:50.913,P,,,,0,0,0,23023,0.04,,,
4966,4966,91670.9525,25:27:50.953,I,,1920,1080,0,1,1,134572,0.04,,,
4967,4970,91670.9925,25:27:50.993,B,,,,0,0,0,6223,0.04,,,
4968,4969,91671.0325,25:27:51.033,B,,,,0,0,0,11994,0.04,,,
4969,4971,91671.0725,25:27:51.073,B,,,,0,0,0,9878,0.04,,,
4970,4968,91671.1125,25:27:51.113,B,,,,0,0,0,15080,0.04,,,
4971,4973,91671.1525,25:27:51.153,B,,,,0,0,0,7233,0.04,,,
4972,4972,91671.1925,25:27:51.193,B,,,,0,0,0,9457,0.04,,,
4973,4974,91671.2325,25:27:51.233,B,,,,0,0,0,5213,0.04,,,
4974,4967,91671.2725,25:27:51.273,P,,,,0,0,0,51156,0.04,,,
4975,4978,91671.3125,25:27:51.313,B,,,,0,0,0,3032,0.04,,,
4976,4977,91671.3525,25:27:51.353,B,,,,0,0,0,4774,0.04,,,
4977,4979,91671.3925,25:27:51.393,B,,,,0,0,0,2526,0.04,,,
4978,4976,91671.4325,25:27:51.433,B,,,,0,0,0,6809,0.04,,,
4979,4981,91671.4725,25:27:51.473,B,,,,0,0,0,3122,0.04,,,
4980,4980,91671.5125,25:27:51.513,B,,,,0,0,0,4141,0.04,,,
4981,4982,91671.5525,25:27:51.553,B,,,,0,0,0,3530,0.04,,,
4982,4975,91671.5925,25:27:51.593,P,,,,0,0,0,42348,0.04,,,
4983,4986,91671.6325,25:27:51.633,B,,,,0,0,0,4590,0.04,,,
4984,4985,91671.6725,25:27:51.673,B,,,,0,0,0,6285,0.04,,,
4985,4987,91671.7125,25:27:51.713,B,,,,0,0,0,3286,0.04,,,
4986,4984,91671.7525,25:27:51.753,B,,,,0,0,0,10433,0.04,,,
4987,4989,91671.7925,25:27:51.793,B,,,,0,0,0,3641,0.04,,,
4988,4988,91671.8325,25:27:51.833,B,,,,0,0,0,8396,0.04,,,
4989,4990,91671.8725,25:27:51.873,B,,,,0,0,0,4937,0.04,,,
4990,4983,91671.9125,25:27:51.913,I,,1920,1080,0,0,1,151748,0.04,,,
4991,4994,91671.9525,25:27:51.953,B,,,,0,0,0,4401,0.04,,,
4992,4993,91671.9925,25:27:51.993,B,,,,0,0,0,7935,0.04,,,
4993,4995,91672.0325,25:27:52.033,B,,,,0,0,0,4901,0.04,,,
4994,4992,91672.0725,25:27:52.073,B,,,,0,0,0,17030,0.04,,,
4995,4997,91672.1125,25:27:52.113,B,,,,0,0,0,6103,0.04,,,
4996,4996,91672.1525,25:27:52.153,B,,,,0,0,0,9332,0.04,,,
4997,4998,91672.1925,25:27:52.193,B,,,,0,0,0,6195,0.04,,,
4998,4991,91672.2325,25:27:52.233,P,,,,0,0,0,64544,0.04,,,
4999,5002,91672.2725,25:27:52.273,B,,,,0,0,0,5067,0.04,,,
5000,5001,91672.3125,25:27:52.313,B,,,,0,0,0,5877,0.04,,,
5001,5003,91672.3525,25:27:52.353,B,,,,0,0,0,3021,0.04,,,
5002,5000,91672.3925,25:27:52.393,B,,,,0,0,0,9491,0.04,,,
5003,5005,91672.4325,25:27:52.433,B,,,,0,0,0,15798,0.04,,,
5004,5004,91672.4725,25:27:52.473,B,,,,0,0,0,9550,0.04,,,
5005,5006,91672.5125,25:27:52.513,B,,,,0,0,0,15982,0.04,,,
5006,4999,91672.5525,25:27:52.553,P,,,,0,0,0,55893,0.04,,,
5007,5010,91672.5925,25:27:52.593,B,,,,0,0,0,2481,0.04,,,
5008,5009,91672.6325,25:27:52.633,B,,,,0,0,0,3063,0.04,,,
5009,5011,91672.6725,25:27:52.673,B,,,,0,0,0,1443,0.04,,,
5010,5008,91672.7125,25:27:52.713,B,,,,0,0,0,7021,0.04,,,
5011,5013,91672.7525,25:27:52.753,B,,,,0,0,0,1479,0.04,,,
5012,5012,91672.7925,25:27:52.793,B,,,,0,0,0,3047,0.04,,,
5013,5014,91672.8325,25:27:52.833,B,,,,0,0,0,1812,0.04,,,
5014,5007,91672.8725,25:27:52.873,I,,1920,1080,0,0,1,131147,0.04,,,
5015,5018,91672.9125,25:27:52.913,B,,,,0,0,0,2018,0.04,,,
5016,5017,91672.9525,25:27:52.953,B,,,,0,0,0,3277,0.04,,,
5017,5019,91672.9925,25:27:52.993,B,,,,0,0,0,3079,0.04,,,
5018,5016,91673.0325,25:27:53.033,B,,,,0,0,0,8818,0.04,,,
5019,5021,91673.0725,25:27:53.073,B,,,,0,0,0,15798,0.04,,,
5020,5020,91673.1125,25:27:53.113,B,,,,0,0,0,10838,0.04,,,
5021,5022,91673.1525,25:27:53.153,B,,,,0,0,0,15798,0.04,,,
5022,5015,91673.1925,25:27:53.193,P,,,,0,0,0,43835,0.04,,,
5023,5026,91673.2325,25:27:53.233,B,,,,0,0,0,3396,0.04,,,
5024,5025,91673.2725,25:27:53.273,B,,,,0,0,0,7746,0.04,,,
5025,5027,91673.3125,25:27:53.313,B,,,,0,0,0,11390,0.04,,,
5026,5024,91673.3525,25:27:53.353,B,,,,0,0,0,16147,0.04,,,
5027,5029,91673.3925,25:27:53.393,B,,,,0,0,0,15430,0.04,,,
5028,5028,91673.4325,25:27:53.433,B,,,,0,0,0,15982,0.04,,,
5029,5030,91673.4725,25:27:53.473,B,,,,0,0,0,14326,0.04,,,
5030,5023,91673.5125,25:27:53.513,P,,,,0,0,0,41050,0.04,,,
5031,5034,91673.5525,25:27:53.553,B,,,,0,0,0,4574,0.04,,,
5032,5033,91673.5925,25:27:53.593,B,,,,0,0,0,7091,0.04,,,
5033,5035,91673.6325,25:27:53.633,B,,,,0,0,0,3469,0.04,,,
5034,5032,91673.6725,25:27:53.673,B,,,,0,0,0,6785,0.04,,,
5035,5037,91673.7125,25:27:53.713,B,,,,0,0,0,2874,0.04,,,
5036,5036,91673.7525,25:27:53.753,B,,,,0,0,0,4566,0.04,,,
5037,5038,91673.7925,25:27:53.793,B,,,,0,0,0,2048,0.04,,,
5038,5031,91673.8325,25:27:53.833,I,,1920,1080,0,0,1,114322,0.04,,,
5039,5042,91673.8725,25:27:53.873,B,,,,0,0,0,1922,0.04,,,
5040,5041,91673.9125,25:27:53.913,B,,,,0,0,0,3252,0.04,,,
5041,5043,91673.9525,25:27:53.953,B,,,,0,0,0,2495,0.04,,,
5042,5040,91673.9925,25:27:53.993,B,,,,0,0,0,5132,0.04,,,
5043,5045,91674.0325,25:27:54.033,B,,,,0,0,0,2177,0.04,,,
5044,5044,91674.0725,25:27:54.073,B,,,,0,0,0,3265,0.04,,,
5045,5046,91674.1125,25:27:54.113,B,,,,0,0,0,1443,0.04,,,
5046,5039,91674.1525,25:27:54.153,P,,,,0,0,0,32198,0.04,,,
5047,5050,91674.1925,25:27:54.193,B,,,,0,0,0,1643,0.04,,,
5048,5049,91674.2325,25:27:54.233,B,,,,0,0,0,2424,0.04,,,
5049,5051,91674.2725,25:27:54.273,B,,,,0,0,0,11198,0.04,,,
5050,5048,91674.3125,25:27:54.313,B,,,,0,0,0,3454,0.04,,,
5051,5053,91674.3525,25:27:54.353,B,,,,0,0,0,11382,0.04,,,
5052,5052,91674.3925,25:27:54.393,B,,,,0,0,0,11382,0.04,,,
5053,5054,91674.4325,25:27:54.433,B,,,,0,0,0,11198,0.04,,,
5054,5047,91674.4725,25:27:54.473,P,,,,0,0,0,25798,0.04,,,
5055,5055,91674.5125,25:27:54.513,I,,1920,1080,0,1,1,130182,0.04,,,
5056,5059,91674.5525,25:27:54.553,B,,,,0,0,0,8333,0.04,,,
5057,5058,91674.5925,25:27:54.593,B,,,,0,0,0,13915,0.04,,,
5058,5060,91674.6325,25:27:54.633,B,,,,0,0,0,7784,0.04,,,
5059,5057,91674.6725,25:27:54.673,B,,,,0,0,0,26045,0.04,,,
5060,5062,91674.7125,25:27:54.713,B,,,,0,0,0,7816,0.04,,,
5061,5061,91674.7525,25:27:54.753,B,,,,0,0,0,13859,0.04,,,
5062,5063,91674.7925,25:27:54.793,B,,,,0,0,0,6908,0.04,,,
5063,5056,91674.8325,25:27:54.833,P,,,,0,0,0,78623,0.04,,,
5064,5067,91674.8725,25:27:54.873,B,,,,0,0,0,6244,0.04,,,
5065,5066,91674.9125,25:27:54.913,B,,,,0,0,0,12978,0.04,,,
5066,5068,91674.9525,25:27:54.953,B,,,,0,0,0,5995,0.04,,,
5067,5065,91674.9925,25:27:54.993,B,,,,0,0,0,21528,0.04,,,
5068,5070,91675.0325,25:27:55.033,B,,,,0,0,0,6379,0.04,,,
5069,5069,91675.0725,25:27:55.073,B,,,,0,0,0,10968,0.04,,,
5070,5071,91675.1125,25:27:55.113,B,,,,0,0,0,5657,0.04,,,
5071,5064,91675.1525,25:27:55.153,P,,,,0,0,0,71077,0.04,,,
5072,5075,91675.1925,25:27:55.193,B,,,,0,0,0,5081,0.04,,,
5073,5074,91675.2325,25:27:55.233,B,,,,0,0,0,10550,0.04,,,
5074,5076,91675.2725,25:27:55.273,B,,,,0,0,0,5477,0.04,,,
5075,5073,91675.3125,25:27:55.313,B,,,,0,0,0,18244,0.04,,,
5076,5078,91675.3525,25:27:55.353,B,,,,0,0,0,5442,0.04,,,
5077,5077,91675.3925,25:27:55.393,B,,,,0,0,0,9188,0.04,,,
5078,5079,91675.4325,25:27:55.433,B,,,,0,0,0,4494,0.04,,,
5079,5072,91675.4725,25:27:55.473,I,,1920,1080,0,0,1,139834,0.04,,,
5080,5083,91675.5125,25:27:55.513,B,,,,0,0,0,4083,0.04,,,
5081,5082,91675.5525,25:27:55.553,B,,,,0,0,0,8621,0.04,,,
5082,5084,91675.5925,25:27:55.593,B,,,,0,0,0,4303,0.04,,,
5083,5081,91675.6325,25:27:55.633,B,,,,0,0,0,15980,0.04,,,
5084,5086,91675.6725,25:27:55.673,B,,,,0,0,0,15070,0.04,,,
5085,5085,91675.7125,25:27:55.713,B,,,,0,0,0,7446,0.04,,,
5086,5087,91675.7525,25:27:55.753,B,,,,0,0,0,22054,0.04,,,
5087,5080,91675.7925,25:27:55.793,P,,,,0,0,0,64645,0.04,,,
5088,5091,91675.8325,25:27:55.833,B,,,,0,0,0,4299,0.04,,,
5089,5090,91675.8725,25:27:55.873,B,,,,0,0,0,9166,0.04,,,
5090,5092,91675.9125,25:27:55.913,B,,,,0,0,0,6054,0.04,,,
5091,5089,91675.9525,25:27:55.953,B,,,,0,0,0,16892,0.04,,,
5092,5094,91675.9925,25:27:55.993,B,,,,0,0,0,19478,0.04,,,
5093,5093,91676.0325,25:27:56.033,B,,,,0,0,0,20214,0.04,,,
5094,5095,91676.0725,25:27:56.073,B,,,,0,0,0,18558,0.04,,,
5095,5088,91676.1125,25:27:56.113,P,,,,0,0,0,68279,0.04,,,
5096,5099,91676.1525,25:27:56.153,B,,,,0,0,0,3951,0.04,,,
5097,5098,91676.1925,25:27:56.193,B,,,,0,0,0,7581,0.04,,,
5098,5100,91676.2325,25:27:56.233,B,,,,0,0,0,3595,0.04,,,
5099,5097,91676.2725,25:27:56.273,B,,,,0,0,0,12598,0.04,,,
5100,5102,91676.3125,25:27:56.313,B,,,,0,0,0,4140,0.04,,,
5101,5101,91676.3525,25:27:56.353,B,,,,0,0,0,7331,0.04,,,
5102,5103,91676.3925,25:27:56.393,B,,,,0,0,0,3790,0.04,,,
5103,5096,91676.4325,25:27:56.433,I,,1920,1080,0,0,1,141345,0.04,,,
5104,5107,91676.4725,25:27:56.473,B,,,,0,0,0,3875,0.04,,,
5105,5106,91676.5125,25:27:56.513,B,,,,0,0,0,6756,0.04,,,
5106,5108,91676.5525,25:27:56.553,B,,,,0,0,0,4558,0.04,,,
5107,5105,91676.5925,25:27:56.593,B,,,,0,0,0,11733,0.04,,,
5108,5110,91676.6325,25:27:56.633,B,,,,0,0,0,4990,0.04,,,
5109,5109,91676.6725,25:27:56.673,B,,,,0,0,0,7776,0.04,,,
5110,5111,91676.7125,25:27:56.713,B,,,,0,0,0,6790,0.04,,,
5111,5104,91676.7525,25:27:56.753,P,,,,0,0,0,55012,0.04,,,
5112,5115,91676.7925,25:27:56.793,B,,,,0,0,0,3745,0.04,,,
5113,5114,91676.8325,25:27:56.833,B,,,,0,0,0,6027,0.04,,,
5114,5116,91676.8725,25:27:56.873,B,,,,0,0,0,15254,0.04,,,
5115,5113,91676.9125,25:27:56.913,B,,,,0,0,0,9515,0.04,,,
5116,5118,91676.9525,25:27:56.953,B,,,,0,0,0,17454,0.04,,,
5117,5117,91676.9925,25:27:56.993,B,,,,0,0,0,17638,0.04,,,
5118,5112,91677.0325,25:27:57.033,P,,,,0,0,0,53077,0.04,,,
5119,5119,91677.0725,25:27:57.073,I,,1920,1080,0,1,1,132706,0.04,,,
5120,5123,91677.1125,25:27:57.113,B,,,,0,0,0,11864,0.04,,,
5121,5122,91677.1525,25:27:57.153,B,,,,0,0,0,13316,0.04,,,
5122,5124,91677.1925,25:27:57.193,B,,,,0,0,0,6202,0.04,,,
5123,5121,91677.2325,25:27:57.233,B,,,,0,0,0,16837,0.04,,,
5124,5126,91677.2725,25:27:57.273,B,,,,0,0,0,6488,0.04,,,
5125,5125,91677.3125,25:27:57.313,B,,,,0,0,0,10821,0.04,,,
5126,5127,91677.3525,25:27:57.353,B,,,,0,0,0,4784,0.04,,,
5127,5120,91677.3925,25:27:57.393,P,,,,0,0,0,57938,0.04,,,
5128,5131,91677.4325,25:27:57.433,B,,,,0,0,0,5527,0.04,,,
5129,5130,91677.4725,25:27:57.473,B,,,,0,0,0,10653,0.04,,,
5130,5132,91677.5125,25:27:57.513,B,,,,0,0,0,6275,0.04,,,
5131,5129,91677.5525,25:27:57.553,B,,,,0,0,0,18008,0.04,,,
5132,5134,91677.5925,25:27:57.593,B,,,,0,0,0,4533,0.04,,,
5133,5133,91677.6325,25:27:57.633,B,,,,0,0,0,10059,0.04,,,
5134,5135,91677.6725,25:27:57.673,B,,,,0,0,0,6331,0.04,,,
5135,5128,91677.7125,25:27:57.713,P,,,,0,0,0,49488,0.04,,,
5136,5139,91677.7525,25:27:57.753,B,,,,0,0,0,8221,0.04,,,
5137,5138,91677.7925,25:27:57.793,B,,,,0,0,0,10885,0.04,,,
5138,5137,91677.8325,25:27:57.833,B,,,,0,0,0,20946,0.04,,,
5139,5141,91677.8725,25:27:57.873,B,,,,0,0,0,7302,0.04,,,
5140,5140,91677.9125,25:27:57.913,B,,,,0,0,0,9625,0.04,,,
5141,5136,91677.9525,25:27:57.953,P,,,,0,0,0,54215,0.04,,,
5142,5142,91677.9925,25:27:57.993,I,,1920,1080,0,1,1,132217,0.04,,,
5143,5146,91678.0325,25:27:58.033,B,,,,0,0,0,7500,0.04,,,
5144,5145,91678.0725,25:27:58.073,B,,,,0,0,0,12890,0.04,,,
5145,5147,91678.1125,25:27:58.113,B,,,,0,0,0,8502,0.04,,,
5146,5144,91678.1525,25:27:58.153,B,,,,0,0,0,27028,0.04,,,
5147,5149,91678.1925,25:27:58.193,B,,,,0,0,0,8727,0.04,,,
5148,5148,91678.2325,25:27:58.233,B,,,,0,0,0,16152,0.04,,,
5149,5150,91678.2725,25:27:58.273,B,,,,0,0,0,8638,0.04,,,
5150,5143,91678.3125,25:27:58.313,P,,,,0,0,0,74164,0.04,,,
5151,5154,91678.3525,25:27:58.353,B,,,,0,0,0,8238,0.04,,,
5152,5153,91678.3925,25:27:58.393,B,,,,0,0,0,16364,0.04,,,
5153,5155,91678.4325,25:27:58.433,B,,,,0,0,0,8916,0.04,,,
5154,5152,91678.4725,25:27:58.473,B,,,,0,0,0,30336,0.04,,,
5155,5157,91678.5125,25:27:58.513,B,,,,0,0,0,9931,0.04,,,
5156,5156,91678.5525,25:27:58.553,B,,,,0,0,0,17636,0.04,,,
5157,5158,91678.5925,25:27:58.593,B,,,,0,0,0,9767,0.04,,,
5158,5151,91678.6325,25:27:58.633,P,,,,0,0,0,74981,0.04,,,
5159,5162,91678.6725,25:27:58.673,B,,,,0,0,0,9415,0.04,,,
5160,5161,91678.7125,25:27:58.713,B,,,,0,0,0,17526,0.04,,,
5161,5163,91678.7525,25:27:58.753,B,,,,0,0,0,8786,0.04,,,
5162,5160,91678.7925,25:27:58.793,B,,,,0,0,0,29723,0.04,,,
5163,5165,91678.8325,25:27:58.833,B,,,,0,0,0,9061,0.04,,,
5164,5164,91678.8725,25:27:58.873,B,,,,0,0,0,15217,0.04,,,
5165,5166,91678.9125,25:27:58.913,B,,,,0,0,0,8184,0.04,,,
5166,5159,91678.9525,25:27:58.953,I,,1920,1080,0,0,1,122493,0.04,,,
5167,5170,91678.9925,25:27:58.993,B,,,,0,0,0,8836,0.04,,,
5168,5169,91679.0325,25:27:59.033,B,,,,0,0,0,15738,0.04,,,
5169,5171,91679.0725,25:27:59.073,B,,,,0,0,0,10046,0.04,,,
5170,5168,91679.1125,25:27:59.113,B,,,,0,0,0,31355,0.04,,,
5171,5173,91679.1525,25:27:59.153,B,,,,0,0,0,10550,0.04,,,
5172,5172,91679.1925,25:27:59.193,B,,,,0,0,0,18414,0.04,,,
5173,5174,91679.2325,25:27:59.233,B,,,,0,0,0,10229,0.04,,,
5174,5167,91679.2725,25:27:59.273,P,,,,0,0,0,78847,0.04,,,
5175,5178,91679.3125,25:27:59.313,B,,,,0,0,0,10007,0.04,,,
5176,5177,91679.3525,25:27:59.353,B,,,,0,0,0,17899,0.04,,,
5177,5179,91679.3925,25:27:59.393,B,,,,0,0,0,10248,0.04,,,
5178,5176,91679.4325,25:27:59.433,B,,,,0,0,0,32984,0.04,,,
5179,5181,91679.4725,25:27:59.473,B,,,,0,0,0,9249,0.04,,,
5180,5180,91679.5125,25:27:59.513,B,,,,0,0,0,16688,0.04,,,
5181,5182,91679.5525,25:27:59.553,B,,,,0,0,0,8685,0.04,,,
5182,5175,91679.5925,25:27:59.593,P,,,,0,0,0,87765,0.04,,,
5183,5185,91679.6325,25:27:59.633,B,,,,0,0,0,8432,0.04,,,
5184,5184,91679.6725,25:27:59.673,B,,,,0,0,0,11590,0.04,,,
5185,5183,91679.7125,25:27:59.713,P,,,,0,0,0,48562,0.04,,,
5186,5186,91679.7525,25:27:59.753,I,,1920,1080,0,1,1,124201,0.04,,,
5187,5190,91679.7925,25:27:59.793,B,,,,0,0,0,6976,0.04,,,
5188,5189,91679.8325,25:27:59.833,B,,,,0,0,0,10176,0.04,,,
5189,5191,91679.8725,25:27:59.873,B,,,,0,0,0,7937,0.04,,,
5190,5188,91679.9125,25:27:59.913,B,,,,0,0,0,15538,0.04,,,
5191,5193,91679.9525,25:27:59.953,B,,,,0,0,0,4967,0.04,,,
5192,5192,91679.9925,25:27:59.993,B,,,,0,0,0,7803,0.04,,,
5193,5194,91680.0325,25:28:00.033,B,,,,0,0,0,4407,0.04,,,
5194,5187,91680.0725,25:28:00.073,P,,,,0,0,0,52876,0.04,,,
5195,5198,91680.1125,25:28:00.113,B,,,,0,0,0,3338,0.04,,,
5196,5197,91680.1525,25:28:00.153,B,,,,0,0,0,5828,0.04,,,
5197,5199,91680.1925,25:28:00.193,B,,,,0,0,0,3304,0.04,,,
5198,5196,91680.2325,25:28:00.233,B,,,,0,0,0,10571,0.04,,,
5199,5201,91680.2725,25:28:00.273,B,,,,0,0,0,4419,0.04,,,
5200,5200,91680.3125,25:28:00.313,B,,,,0,0,0,8751,0.04,,,
5201,5202,91680.3525,25:28:00.353,B,,,,0,0,0,6427,0.04,,,
5202,5195,91680.3925,25:28:00.393,P,,,,0,0,0,52784,0.04,,,
5203,5206,91680.4325,25:28:00.433,B,,,,0,0,0,6387,0.04,,,
5204,5205,91680.4725,25:28:00.473,B,,,,0,0,0,13659,0.04,,,
5205,5207,91680.5125,25:28:00.513,B,,,,0,0,0,6058,0.04,,,
5206,5204,91680.5525,25:28:00.553,B,,,,0,0,0,21205,0.04,,,
5207,5209,91680.5925,25:28:00.593,B,,,,0,0,0,6394,0.04,,,
5208,5208,91680.6325,25:28:00.633,B,,,,0,0,0,11749,0.04,,,
5209,5210,91680.6725,25:28:00.673,B,,,,0,0,0,7024,0.04,,,
5210,5203,91680.7125,25:28:00.713,I,,1920,1080,0,0,1,130722,0.04,,,
5211,5214,91680.7525,25:28:00.753,B,,,,0,0,0,8558,0.04,,,
5212,5213,91680.7925,25:28:00.793,B,,,,0,0,0,16302,0.04,,,
5213,5215,91680.8325,25:28:00.833,B,,,,0,0,0,9302,0.04,,,
5214,5212,91680.8725,25:28:00.873,B,,,,0,0,0,27558,0.04,,,
5215,5217,91680.9125,25:28:00.913,B,,,,0,0,0,7366,0.04,,,
5216,5216,91680.9525,25:28:00.953,B,,,,0,0,0,12186,0.04,,,
5217,5218,91680.9925,25:28:00.993,B,,,,0,0,0,6072,0.04,,,
5218,5211,91681.0325,25:28:01.033,P,,,,0,0,0,69568,0.04,,,
5219,5222,91681.0725,25:28:01.073,B,,,,0,0,0,6389,0.04,,,
5220,5221,91681.1125,25:28:01.113,B,,,,0,0,0,10456,0.04,,,
5221,5223,91681.1525,25:28:01.153,B,,,,0,0,0,5654,0.04,,,
5222,5220,91681.1925,25:28:01.193,B,,,,0,0,0,18540,0.04,,,
5223,5225,91681.2325,25:28:01.233,B,,,,0,0,0,6053,0.04,,,
5224,5224,91681.2725,25:28:01.273,B,,,,0,0,0,11586,0.04,,,
5225,5226,91681.3125,25:28:01.313,B,,,,0,0,0,6785,0.04,,,
5226,5219,91681.3525,25:28:01.353,P,,,,0,0,0,57655,0.04,,,
5227,5228,91681.3925,25:28:01.393,B,,,,0,0,0,6581,0.04,,,
5228,5227,91681.4325,25:28:01.433,P,,,,0,0,0,36260,0.04,,,
5229,5229,91681.4725,25:28:01.473,I,,1920,1080,0,1,1,77066,0.04,,,
5230,5233,91681.5125,25:28:01.513,B,,,,0,0,0,6234,0.04,,,
5231,5232,91681.5525,25:28:01.553,B,,,,0,0,0,10241,0.04,,,
5232,5234,91681.5925,25:28:01.593,B,,,,0,0,0,7342,0.04,,,
5233,5231,91681.6325,25:28:01.633,B,,,,0,0,0,14132,0.04,,,
5234,5236,91681.6725,25:28:01.673,B,,,,0,0,0,6170,0.04,,,
5235,5235,91681.7125,25:28:01.713,B,,,,0,0,0,12903,0.04,,,
5236,5237,91681.7525,25:28:01.753,B,,,,0,0,0,7557,0.04,,,
5237,5230,91681.7925,25:28:01.793,P,,,,0,0,0,39459,0.04,,,
5238,5241,91681.8325,25:28:01.833,B,,,,0,0,0,4787,0.04,,,
5239,5240,91681.8725,25:28:01.873,B,,,,0,0,0,9101,0.04,,,
5240,5242,91681.9125,25:28:01.913,B,,,,0,0,0,2624,0.04,,,
5241,5239,91681.9525,25:28:01.953,B,,,,0,0,0,17316,0.04,,,
5242,5244,91681.9925,25:28:01.993,B,,,,0,0,0,4150,0.04,,,
5243,5243,91682.0325,25:28:02.033,B,,,,0,0,0,5357,0.04,,,
5244,5245,91682.0725,25:28:02.073,B,,,,0,0,0,15798,0.04,,,
5245,5238,91682.1125,25:28:02.113,P,,,,0,0,0,54322,0.04,,,
5246,5249,91682.1525,25:28:02.153,B,,,,0,0,0,3861,0.04,,,
5247,5248,91682.1925,25:28:02.193,B,,,,0,0,0,7830,0.04,,,
5248,5250,91682.2325,25:28:02.233,B,,,,0,0,0,4802,0.04,,,
5249,5247,91682.2725,25:28:02.273,B,,,,0,0,0,13772,0.04,,,
5250,5252,91682.3125,25:28:02.313,B,,,,0,0,0,4459,0.04,,,
5251,5251,91682.3525,25:28:02.353,B,,,,0,0,0,9801,0.04,,,
5252,5253,91682.3925,25:28:02.393,B,,,,0,0,0,6017,0.04,,,
5253,5246,91682.4325,25:28:02.433,I,,1920,1080,0,0,1,79908,0.04,,,
5254,5257,91682.4725,25:28:02.473,B,,,,0,0,0,6202,0.04,,,
5255,5256,91682.5125,25:28:02.513,B,,,,0,0,0,8711,0.04,,,
5256,5258,91682.5525,25:28:02.553,B,,,,0,0,0,3297,0.04,,,
5257,5255,91682.5925,25:28:02.593,B,,,,0,0,0,18264,0.04,,,
5258,5260,91682.6325,25:28:02.633,B,,,,0,0,0,5378,0.04,,,
5259,5259,91682.6725,25:28:02.673,B,,,,0,0,0,10499,0.04,,,
5260,5261,91682.7125,25:28:02.713,B,,,,0,0,0,8630,0.04,,,
5261,5254,91682.7525,25:28:02.753,P,,,,0,0,0,45645,0.04,,,
5262,5265,91682.7925,25:28:02.793,B,,,,0,0,0,4175,0.04,,,
5263,5264,91682.8325,25:28:02.833,B,,,,0,0,0,9758,0.04,,,
5264,5266,91682.8725,25:28:02.873,B,,,,0,0,0,6061,0.04,,,
5265,5263,91682.9125,25:28:02.913,B,,,,0,0,0,17343,0.04,,,
5266,5268,91682.9525,25:28:02.953,B,,,,0,0,0,7158,0.04,,,
5267,5267,91682.9925,25:28:02.993,B,,,,0,0,0,10979,0.04,,,
5268,5269,91683.0325,25:28:03.033,B,,,,0,0,0,13406,0.04,,,
5269,5262,91683.0725,25:28:03.073,P,,,,0,0,0,39794,0.04,,,
5270,5271,91683.1125,25:28:03.113,B,,,,0,0,0,10654,0.04,,,
5271,5270,91683.1525,25:28:03.153,P,,,,0,0,0,16260,0.04,,,
5272,5272,91683.1925,25:28:03.193,I,,1920,1080,0,1,1,109350,0.04,,,
5273,5276,91683.2325,25:28:03.233,B,,,,0,0,0,6843,0.04,,,
5274,5275,91683.2725,25:28:03.273,B,,,,0,0,0,14486,0.04,,,
5275,5277,91683.3125,25:28:03.313,B,,,,0,0,0,7380,0.04,,,
5276,5274,91683.3525,25:28:03.353,B,,,,0,0,0,20579,0.04,,,
5277,5279,91683.3925,25:28:03.393,B,,,,0,0,0,8572,0.04,,,
5278,5278,91683.4325,25:28:03.433,B,,,,0,0,0,11537,0.04,,,
5279,5280,91683.4725,25:28:03.473,B,,,,0,0,0,6429,0.04,,,
5280,5273,91683.5125,25:28:03.513,P,,,,0,0,0,60831,0.04,,,
5281,5284,91683.5525,25:28:03.553,B,,,,0,0,0,5803,0.04,,,
5282,5283,91683.5925,25:28:03.593,B,,,,0,0,0,11470,0.04,,,
5283,5285,91683.6325,25:28:03.633,B,,,,0,0,0,8162,0.04,,,
5284,5282,91683.6725,25:28:03.673,B,,,,0,0,0,21634,0.04,,,
5285,5287,91683.7125,25:28:03.713,B,,,,0,0,0,7434,0.04,,,
5286,5286,91683.7525,25:28:03.753,B,,,,0,0,0,12994,0.04,,,
5287,5288,91683.7925,25:28:03.793,B,,,,0,0,0,6648,0.04,,,
5288,5281,91683.8325,25:28:03.833,P,,,,0,0,0,72366,0.04,,,
5289,5292,91683.8725,25:28:03.873,B,,,,0,0,0,6120,0.04,,,
5290,5291,91683.9125,25:28:03.913,B,,,,0,0,0,10736,0.04,,,
5291,5293,91683.9525,25:28:03.953,B,,,,0,0,0,5349,0.04,,,
5292,5290,91683.9925,25:28:03.993,B,,,,0,0,0,19462,0.04,,,
5293,5295,91684.0325,25:28:04.033,B,,,,0,0,0,6126,0.04,,,
5294,5294,91684.0725,25:28:04.073,B,,,,0,0,0,12199,0.04,,,
5295,5296,91684.1125,25:28:04.113,B,,,,0,0,0,5886,0.04,,,
5296,5289,91684.1525,25:28:04.153,I,,1920,1080,0,0,1,121961,0.04,,,
5297,5300,91684.1925,25:28:04.193,B,,,,0,0,0,5180,0.04,,,
5298,5299,91684.2325,25:28:04.233,B,,,,0,0,0,10869,0.04,,,
5299,5301,91684.2725,25:28:04.273,B,,,,0,0,0,5987,0.04,,,
5300,5298,91684.3125,25:28:04.313,B,,,,0,0,0,17199,0.04,,,
5301,5303,91684.3525,25:28:04.353,B,,,,0,0,0,5709,0.04,,,
5302,5302,91684.3925,25:28:04.393,B,,,,0,0,0,9177,0.04,,,
5303,5304,91684.4325,25:28:04.433,B,,,,0,0,0,5325,0.04,,,
5304,5297,91684.4725,25:28:04.473,P,,,,0,0,0,64224,0.04,,,
5305,5308,91684.5125,25:28:04.513,B,,,,0,0,0,5192,0.04,,,
5306,5307,91684.5525,25:28:04.553,B,,,,0,0,0,10259,0.04,,,
5307,5309,91684.5925,25:28:04.593,B,,,,0,0,0,5225,0.04,,,
5308,5306,91684.6325,25:28:04.633,B,,,,0,0,0,19987,0.04,,,
5309,5311,91684.6725,25:28:04.673,B,,,,0,0,0,9550,0.04,,,
5310,5310,91684.7125,25:28:04.713,B,,,,0,0,0,13321,0.04,,,
5311,5312,91684.7525,25:28:04.753,B,,,,0,0,0,17822,0.04,,,
5312,5305,91684.7925,25:28:04.793,P,,,,0,0,0,65741,0.04,,,
5313,5316,91684.8325,25:28:04.833,B,,,,0,0,0,5214,0.04,,,
5314,5315,91684.8725,25:28:04.873,B,,,,0,0,0,7049,0.04,,,
5315,5317,91684.9125,25:28:04.913,B,,,,0,0,0,3494,0.04,,,
5316,5314,91684.9525,25:28:04.953,B,,,,0,0,0,11023,0.04,,,
5317,5319,91684.9925,25:28:04.993,B,,,,0,0,0,4117,0.04,,,
5318,5318,91685.0325,25:28:05.033,B,,,,0,0,0,4960,0.04,,,
5319,5320,91685.0725,25:28:05.073,B,,,,0,0,0,3294,0.04,,,
5320,5313,91685.1125,25:28:05.113,I,,1920,1080,0,0,1,118795,0.04,,,
5321,5324,91685.1525,25:28:05.153,B,,,,0,0,0,2886,0.04,,,
5322,5323,91685.1925,25:28:05.193,B,,,,0,0,0,5707,0.04,,,
5323,5325,91685.2325,25:28:05.233,B,,,,0,0,0,13966,0.04,,,
5324,5322,91685.2725,25:28:05.273,B,,,,0,0,0,9217,0.04,,,
5325,5327,91685.3125,25:28:05.313,B,,,,0,0,0,17638,0.04,,,
5326,5326,91685.3525,25:28:05.353,B,,,,0,0,0,17822,0.04,,,
5327,5328,91685.3925,25:28:05.393,B,,,,0,0,0,17638,0.04,,,
5328,5321,91685.4325,25:28:05.433,P,,,,0,0,0,41904,0.04,,,
5329,5332,91685.4725,25:28:05.473,B,,,,0,0,0,9555,0.04,,,
5330,5331,91685.5125,25:28:05.513,B,,,,0,0,0,4566,0.04,,,
5331,5333,91685.5525,25:28:05.553,B,,,,0,0,0,17638,0.04,,,
5332,5330,91685.5925,25:28:05.593,B,,,,0,0,0,11405,0.04,,,
5333,5335,91685.6325,25:28:05.633,B,,,,0,0,0,17638,0.04,,,
5334,5334,91685.6725,25:28:05.673,B,,,,0,0,0,17822,0.04,,,
5335,5336,91685.7125,25:28:05.713,B,,,,0,0,0,16718,0.04,,,
5336,5329,91685.7525,25:28:05.753,P,,,,0,0,0,45497,0.04,,,
5337,5340,91685.7925,25:28:05.793,B,,,,0,0,0,3813,0.04,,,
5338,5339,91685.8325,25:28:05.833,B,,,,0,0,0,6678,0.04,,,
5339,5341,91685.8725,25:28:05.873,B,,,,0,0,0,3475,0.04,,,
5340,5338,91685.9125,25:28:05.913,B,,,,0,0,0,10434,0.04,,,
5341,5343,91685.9525,25:28:05.953,B,,,,0,0,0,3457,0.04,,,
5342,5342,91685.9925,25:28:05.993,B,,,,0,0,0,5695,0.04,,,
5343,5344,91686.0325,25:28:06.033,B,,,,0,0,0,3369,0.04,,,
5344,5337,91686.0725,25:28:06.073,I,,1920,1080,0,0,1,117435,0.04,,,
5345,5348,91686.1125,25:28:06.113,B,,,,0,0,0,4053,0.04,,,
5346,5347,91686.1525,25:28:06.153,B,,,,0,0,0,6882,0.04,,,
5347,5349,91686.1925,25:28:06.193,B,,,,0,0,0,3421,0.04,,,
5348,5346,91686.2325,25:28:06.233,B,,,,0,0,0,9121,0.04,,,
5349,5351,91686.2725,25:28:06.273,B,,,,0,0,0,3272,0.04,,,
5350,5350,91686.3125,25:28:06.313,B,,,,0,0,0,4739,0.04,,,
5351,5352,91686.3525,25:28:06.353,B,,,,0,0,0,2923,0.04,,,
5352,5345,91686.3925,25:28:06.393,P,,,,0,0,0,48428,0.04,,,
5353,5356,91686.4325,25:28:06.433,B,,,,0,0,0,2450,0.04,,,
5354,5355,91686.4725,25:28:06.473,B,,,,0,0,0,5018,0.04,,,
5355,5357,91686.5125,25:28:06.513,B,,,,0,0,0,2396,0.04,,,
5356,5354,91686.5525,25:28:06.553,B,,,,0,0,0,9805,0.04,,,
5357,5359,91686.5925,25:28:06.593,B,,,,0,0,0,2779,0.04,,,
5358,5358,91686.6325,25:28:06.633,B,,,,0,0,0,6474,0.04,,,
5359,5360,91686.6725,25:28:06.673,B,,,,0,0,0,3796,0.04,,,
5360,5353,91686.7125,25:28:06.713,P,,,,0,0,0,47587,0.04,,,
5361,5364,91686.7525,25:28:06.753,B,,,,0,0,0,3433,0.04,,,
5362,5363,91686.7925,25:28:06.793,B,,,,0,0,0,5868,0.04,,,
5363,5365,91686.8325,25:28:06.833,B,,,,0,0,0,3573,0.04,,,
5364,5362,91686.8725,25:28:06.873,B,,,,0,0,0,11747,0.04,,,
5365,5367,91686.9125,25:28:06.913,B,,,,0,0,0,3678,0.04,,,
5366,5366,91686.9525,25:28:06.953,B,,,,0,0,0,8345,0.04,,,
5367,5368,91686.9925,25:28:06.993,B,,,,0,0,0,5374,0.04,,,
5368,5361,91687.0325,25:28:07.033,I,,1920,1080,0,0,1,111501,0.04,,,
5369,5372,91687.0725,25:28:07.073,B,,,,0,0,0,4840,0.04,,,
5370,5371,91687.1125,25:28:07.113,B,,,,0,0,0,8650,0.04,,,
5371,5373,91687.1525,25:28:07.153,B,,,,0,0,0,4801,0.04,,,
5372,5370,91687.1925,25:28:07.193,B,,,,0,0,0,14622,0.04,,,
5373,5375,91687.2325,25:28:07.233,B,,,,0,0,0,4185,0.04,,,
5374,5374,91687.2725,25:28:07.273,B,,,,0,0,0,7010,0.04,,,
5375,5376,91687.3125,25:28:07.313,B,,,,0,0,0,3667,0.04,,,
5376,5369,91687.3525,25:28:07.353,P,,,,0,0,0,51012,0.04,,,
5377,5380,91687.3925,25:28:07.393,B,,,,0,0,0,3775,0.04,,,
5378,5379,91687.4325,25:28:07.433,B,,,,0,0,0,5772,0.04,,,
5379,5378,91687.4725,25:28:07.473,B,,,,0,0,0,11533,0.04,,,
5380,5381,91687.5125,25:28:07.513,B,,,,0,0,0,5469,0.04,,,
5381,5377,91687.5525,25:28:07.553,P,,,,0,0,0,35900,0.04,,,
5382,5382,91687.5925,25:28:07.593,I,,1920,1080,0,1,1,149614,0.04,,,
5383,5386,91687.6325,25:28:07.633,B,,,,0,0,0,5534,0.04,,,
5384,5385,91687.6725,25:28:07.673,B,,,,0,0,0,15974,0.04,,,
5385,5387,91687.7125,25:28:07.713,B,,,,0,0,0,9007,0.04,,,
5386,5384,91687.7525,25:28:07.753,B,,,,0,0,0,18010,0.04,,,
5387,5389,91687.7925,25:28:07.793,B,,,,0,0,0,6771,0.04,,,
5388,5388,91687.8325,25:28:07.833,B,,,,0,0,0,9295,0.04,,,
5389,5390,91687.8725,25:28:07.873,B,,,,0,0,0,4782,0.04,,,
5390,5383,91687.9125,25:28:07.913,P,,,,0,0,0,60025,0.04,,,
5391,5394,91687.9525,25:28:07.953,B,,,,0,0,0,4081,0.04,,,
5392,5393,91687.9925,25:28:07.993,B,,,,0,0,0,8470,0.04,,,
5393,5395,91688.0325,25:28:08.033,B,,,,0,0,0,3970,0.04,,,
5394,5392,91688.0725,25:28:08.073,B,,,,0,0,0,13762,0.04,,,
5395,5397,91688.1125,25:28:08.113,B,,,,0,0,0,4894,0.04,,,
5396,5396,91688.1525,25:28:08.153,B,,,,0,0,0,7875,0.04,,,
5397,5398,91688.1925,25:28:08.193,B,,,,0,0,0,4652,0.04,,,
5398,5391,91688.2325,25:28:08.233,P,,,,0,0,0,50109,0.04,,,
5399,5402,91688.2725,25:28:08.273,B,,,,0,0,0,3978,0.04,,,
5400,5401,91688.3125,25:28:08.313,B,,,,0,0,0,7967,0.04,,,
5401,5403,91688.3525,25:28:08.353,B,,,,0,0,0,3671,0.04,,,
5402,5400,91688.3925,25:28:08.393,B,,,,0,0,0,14405,0.04,,,
5403,5405,91688.4325,25:28:08.433,B,,,,0,0,0,4752,0.04,,,
5404,5404,91688.4725,25:28:08.473,B,,,,0,0,0,9013,0.04,,,
5405,5406,91688.5125,25:28:08.513,B,,,,0,0,0,4468,0.04,,,
5406,5399,91688.5525,25:28:08.553,I,,1920,1080,0,0,1,155023,0.04,,,
5407,5410,91688.5925,25:28:08.593,B,,,,0,0,0,3924,0.04,,,
5408,5409,91688.6325,25:28:08.633,B,,,,0,0,0,9419,0.04,,,
5409,5411,91688.6725,25:28:08.673,B,,,,0,0,0,4932,0.04,,,
5410,5408,91688.7125,25:28:08.713,B,,,,0,0,0,14730,0.04,,,
5411,5413,91688.7525,25:28:08.753,B,,,,0,0,0,4575,0.04,,,
5412,5412,91688.7925,25:28:08.793,B,,,,0,0,0,10337,0.04,,,
5413,5414,91688.8325,25:28:08.833,B,,,,0,0,0,3560,0.04,,,
5414,5407,91688.8725,25:28:08.873,P,,,,0,0,0,60535,0.04,,,
5415,5418,91688.9125,25:28:08.913,B,,,,0,0,0,3648,0.04,,,
5416,5417,91688.9525,25:28:08.953,B,,,,0,0,0,9134,0.04,,,
5417,5419,91688.9925,25:28:08.993,B,,,,0,0,0,5744,0.04,,,
5418,5416,91689.0325,25:28:09.033,B,,,,0,0,0,15281,0.04,,,
5419,5421,91689.0725,25:28:09.073,B,,,,0,0,0,3252,0.04,,,
5420,5420,91689.1125,25:28:09.113,B,,,,0,0,0,9166,0.04,,,
5421,5422,91689.1525,25:28:09.153,B,,,,0,0,0,3946,0.04,,,
5422,5415,91689.1925,25:28:09.193,P,,,,0,0,0,66527,0.04,,,
5423,5423,91689.2325,25:28:09.233,I,,1920,1080,0,1,1,115741,0.04,,,
5424,5427,91689.2725,25:28:09.273,B,,,,0,0,0,7665,0.04,,,
5425,5426,91689.3125,25:28:09.313,B,,,,0,0,0,12071,0.04,,,
5426,5428,91689.3525,25:28:09.353,B,,,,0,0,0,7250,0.04,,,
5427,5425,91689.3925,25:28:09.393,B,,,,0,0,0,20409,0.04,,,
5428,5430,91689.4325,25:28:09.433,B,,,,0,0,0,7062,0.04,,,
5429,5429,91689.4725,25:28:09.473,B,,,,0,0,0,12445,0.04,,,
5430,5431,91689.5125,25:28:09.513,B,,,,0,0,0,6593,0.04,,,
5431,5424,91689.5525,25:28:09.553,P,,,,0,0,0,56228,0.04,,,
5432,5435,91689.5925,25:28:09.593,B,,,,0,0,0,6264,0.04,,,
5433,5434,91689.6325,25:28:09.633,B,,,,0,0,0,8223,0.04,,,
5434,5436,91689.6725,25:28:09.673,B,,,,0,0,0,4677,0.04,,,
5435,5433,91689.7125,25:28:09.713,B,,,,0,0,0,13059,0.04,,,
5436,5438,91689.7525,25:28:09.753,B,,,,0,0,0,4797,0.04,,,
5437,5437,91689.7925,25:28:09.793,B,,,,0,0,0,6359,0.04,,,
5438,5439,91689.8325,25:28:09.833,B,,,,0,0,0,3833,0.04,,,
5439,5432,91689.8725,25:28:09.873,P,,,,0,0,0,57144,0.04,,,
5440,5443,91689.9125,25:28:09.913,B,,,,0,0,0,4638,0.04,,,
5441,5442,91689.9525,25:28:09.953,B,,,,0,0,0,7195,0.04,,,
5442,5441,91689.9925,25:28:09.993,B,,,,0,0,0,9668,0.04,,,
5443,5444,91690.0325,25:28:10.033,B,,,,0,0,0,16542,0.04,,,
5444,5440,91690.0725,25:28:10.073,P,,,,0,0,0,45161,0.04,,,
5445,5445,91690.1125,25:28:10.113,I,,1920,1080,0,1,1,91141,0.04,,,
5446,5449,91690.1525,25:28:10.153,B,,,,0,0,0,9107,0.04,,,
5447,5448,91690.1925,25:28:10.193,B,,,,0,0,0,14859,0.04,,,
5448,5447,91690.2325,25:28:10.233,B,,,,0,0,0,29844,0.04,,,
5449,5450,91690.2725,25:28:10.273,B,,,,0,0,0,14874,0.04,,,
5450,5446,91690.3125,25:28:10.313,P,,,,0,0,0,57210,0.04,,,
5451,5452,91690.3525,25:28:10.353,B,,,,0,0,0,18532,0.04,,,
5452,5451,91690.3925,25:28:10.393,P,,,,0,0,0,54752,0.04,,,
5453,5455,91690.4325,25:28:10.433,B,,,,0,0,0,15115,0.04,,,
5454,5454,91690.4725,25:28:10.473,B,,,,0,0,0,25891,0.04,,,
5455,5456,91690.5125,25:28:10.513,B,,,,0,0,0,15890,0.04,,,
5456,5453,91690.5525,25:28:10.553,P,,,,0,0,0,60874,0.04,,,
5457,5459,91690.5925,25:28:10.593,B,,,,0,0,0,14469,0.04,,,
5458,5458,91690.6325,25:28:10.633,B,,,,0,0,0,19586,0.04,,,
5459,5457,91690.6725,25:28:10.673,P,,,,0,0,0,59786,0.04,,,
5460,5460,91690.7125,25:28:10.713,P,,,,0,0,0,38808,0.04,,,
5461,5461,91690.7525,25:28:10.753,P,,,,0,0,0,42813,0.04,,,
5462,5464,91690.7925,25:28:10.793,B,,,,0,0,0,13504,0.04,,,
5463,5463,91690.8325,25:28:10.833,B,,,,0,0,0,20237,0.04,,,
5464,5465,91690.8725,25:28:10.873,B,,,,0,0,0,12750,0.04,,,
5465,5462,91690.9125,25:28:10.913,P,,,,0,0,0,61031,0.04,,,
5466,5467,91690.9525,25:28:10.953,B,,,,0,0,0,8584,0.04,,,
5467,5466,91690.9925,25:28:10.993,P,,,,0,0,0,37745,0.04,,,
5468,5469,91691.0325,25:28:11.033,B,,,,0,0,0,11370,0.04,,,
5469,5468,91691.0725,25:28:11.073,I,,1920,1080,0,0,1,100865,0.04,,,
5470,5473,91691.1125,25:28:11.113,B,,,,0,0,0,6795,0.04,,,
5471,5472,91691.1525,25:28:11.153,B,,,,0,0,0,11725,0.04,,,
5472,5471,91691.1925,25:28:11.193,B,,,,0,0,0,19346,0.04,,,
5473,5475,91691.2325,25:28:11.233,B,,,,0,0,0,8073,0.04,,,
5474,5474,91691.2725,25:28:11.273,B,,,,0,0,0,12724,0.04,,,
5475,5470,91691.3125,25:28:11.313,P,,,,0,0,0,55810,0.04,,,
5476,5479,91691.3525,25:28:11.353,B,,,,0,0,0,18939,0.04,,,
5477,5478,91691.3925,25:28:11.393,B,,,,0,0,0,10507,0.04,,,
5478,5477,91691.4325,25:28:11.433,B,,,,0,0,0,14427,0.04,,,
5479,5480,91691.4725,25:28:11.473,B,,,,0,0,0,28494,0.04,,,
5480,5476,91691.5125,25:28:11.513,P,,,,0,0,0,55515,0.04,,,
5481,5482,91691.5525,25:28:11.553,B,,,,0,0,0,15438,0.04,,,
5482,5481,91691.5925,25:28:11.593,P,,,,0,0,0,43289,0.04,,,
5483,5484,91691.6325,25:28:11.633,B,,,,0,0,0,21510,0.04,,,
5484,5483,91691.6725,25:28:11.673,P,,,,0,0,0,37893,0.04,,,
5485,5486,91691.7125,25:28:11.713,B,,,,0,0,0,18198,0.04,,,
5486,5485,91691.7525,25:28:11.753,P,,,,0,0,0,36965,0.04,,,
5487,5487,91691.7925,25:28:11.793,I,,1920,1080,0,1,1,117994,0.04,,,
5488,5491,91691.8325,25:28:11.833,B,,,,0,0,0,8491,0.04,,,
5489,5490,91691.8725,25:28:11.873,B,,,,0,0,0,12327,0.04,,,
5490,5492,91691.9125,25:28:11.913,B,,,,0,0,0,7262,0.04,,,
5491,5489,91691.9525,25:28:11.953,B,,,,0,0,0,18795,0.04,,,
5492,5494,91691.9925,25:28:11.993,B,,,,0,0,0,7705,0.04,,,
5493,5493,91692.0325,25:28:12.033,B,,,,0,0,0,12773,0.04,,,
5494,5495,91692.0725,25:28:12.073,B,,,,0,0,0,8002,0.04,,,
5495,5488,91692.1125,25:28:12.113,P,,,,0,0,0,64291,0.04,,,
5496,5499,91692.1525,25:28:12.153,B,,,,0,0,0,6979,0.04,,,
5497,5498,91692.1925,25:28:12.193,B,,,,0,0,0,10519,0.04,,,
5498,5500,91692.2325,25:28:12.233,B,,,,0,0,0,25182,0.04,,,
5499,5497,91692.2725,25:28:12.273,B,,,,0,0,0,16268,0.04,,,
5500,5502,91692.3125,25:28:12.313,B,,,,0,0,0,23158,0.04,,,
5501,5501,91692.3525,25:28:12.353,B,,,,0,0,0,24262,0.04,,,
5502,5503,91692.3925,25:28:12.393,B,,,,0,0,0,23158,0.04,,,
5503,5496,91692.4325,25:28:12.433,P,,,,0,0,0,61642,0.04,,,
5504,5507,91692.4725,25:28:12.473,B,,,,0,0,0,6039,0.04,,,
5505,5506,91692.5125,25:28:12.513,B,,,,0,0,0,9444,0.04,,,
5506,5508,91692.5525,25:28:12.553,B,,,,0,0,0,6187,0.04,,,
5507,5505,91692.5925,25:28:12.593,B,,,,0,0,0,16713,0.04,,,
5508,5510,91692.6325,25:28:12.633,B,,,,0,0,0,6042,0.04,,,
5509,5509,91692.6725,25:28:12.673,B,,,,0,0,0,10485,0.04,,,
5510,5511,91692.7125,25:28:12.713,B,,,,0,0,0,5467,0.04,,,
5511,5504,91692.7525,25:28:12.753,I,,1920,1080,0,0,1,126510,0.04,,,
5512,5515,91692.7925,25:28:12.793,B,,,,0,0,0,5132,0.04,,,
5513,5514,91692.8325,25:28:12.833,B,,,,0,0,0,8616,0.04,,,
5514,5516,91692.8725,25:28:12.873,B,,,,0,0,0,6422,0.04,,,
5515,5513,91692.9125,25:28:12.913,B,,,,0,0,0,15290,0.04,,,
5516,5518,91692.9525,25:28:12.953,B,,,,0,0,0,20030,0.04,,,
5517,5517,91692.9925,25:28:12.993,B,,,,0,0,0,19846,0.04,,,
5518,5519,91693.0325,25:28:13.033,B,,,,0,0,0,19846,0.04,,,
5519,5512,91693.0725,25:28:13.073,P,,,,0,0,0,65548,0.04,,,
5520,5523,91693.1125,25:28:13.113,B,,,,0,0,0,4850,0.04,,,
5521,5522,91693.1525,25:28:13.153,B,,,,0,0,0,6463,0.04,,,
5522,5521,91693.1925,25:28:13.193,B,,,,0,0,0,11327,0.04,,,
5523,5524,91693.2325,25:28:13.233,B,,,,0,0,0,14886,0.04,,,
5524,5520,91693.2725,25:28:13.273,P,,,,0,0,0,56044,0.04,,,
5525,5525,91693.3125,25:28:13.313,I,,1920,1080,0,1,1,118443,0.04,,,
5526,5529,91693.3525,25:28:13.353,B,,,,0,0,0,6419,0.04,,,
5527,5528,91693.3925,25:28:13.393,B,,,,0,0,0,7320,0.04,,,
5528,5530,91693.4325,25:28:13.433,B,,,,0,0,0,7815,0.04,,,
5529,5527,91693.4725,25:28:13.473,B,,,,0,0,0,16115,0.04,,,
5530,5532,91693.5125,25:28:13.513,B,,,,0,0,0,5864,0.04,,,
5531,5531,91693.5525,25:28:13.553,B,,,,0,0,0,8003,0.04,,,
5532,5533,91693.5925,25:28:13.593,B,,,,0,0,0,6516,0.04,,,
5533,5526,91693.6325,25:28:13.633,P,,,,0,0,0,31223,0.04,,,
5534,5537,91693.6725,25:28:13.673,B,,,,0,0,0,6903,0.04,,,
5535,5536,91693.7125,25:28:13.713,B,,,,0,0,0,7706,0.04,,,
5536,5538,91693.7525,25:28:13.753,B,,,,0,0,0,5843,0.04,,,
5537,5535,91693.7925,25:28:13.793,B,,,,0,0,0,11108,0.04,,,
5538,5540,91693.8325,25:28:13.833,B,,,,0,0,0,4250,0.04,,,
5539,5539,91693.8725,25:28:13.873,B,,,,0,0,0,5219,0.04,,,
5540,5541,91693.9125,25:28:13.913,B,,,,0,0,0,6044,0.04,,,
5541,5534,91693.9525,25:28:13.953,P,,,,0,0,0,44657,0.04,,,
5542,5545,91693.9925,25:28:13.993,B,,,,0,0,0,6145,0.04,,,
5543,5544,91694.0325,25:28:14.033,B,,,,0,0,0,8907,0.04,,,
5544,5546,91694.0725,25:28:14.073,B,,,,0,0,0,5490,0.04,,,
5545,5543,91694.1125,25:28:14.113,B,,,,0,0,0,6058,0.04,,,
5546,5548,91694.1525,25:28:14.153,B,,,,0,0,0,7431,0.04,,,
5547,5547,91694.1925,25:28:14.193,B,,,,0,0,0,8437,0.04,,,
5548,5549,91694.2325,25:28:14.233,B,,,,0,0,0,5244,0.04,,,
5549,5542,91694.2725,25:28:14.273,I,,1920,1080,0,0,1,110122,0.04,,,
5550,5553,91694.3125,25:28:14.313,B,,,,0,0,0,4942,0.04,,,
5551,5552,91694.3525,25:28:14.353,B,,,,0,0,0,6416,0.04,,,
5552,5551,91694.3925,25:28:14.393,B,,,,0,0,0,8697,0.04,,,
5553,5554,91694.4325,25:28:14.433,B,,,,0,0,0,5963,0.04,,,
5554,5550,91694.4725,25:28:14.473,P,,,,0,0,0,36736,0.04,,,
5555,5555,91694.5125,25:28:14.513,I,,1920,1080,0,1,1,122864,0.04,,,
5556,5559,91694.5525,25:28:14.553,B,,,,0,0,0,5959,0.04,,,
5557,5558,91694.5925,25:28:14.593,B,,,,0,0,0,7998,0.04,,,
5558,5560,91694.6325,25:28:14.633,B,,,,0,0,0,6433,0.04,,,
5559,5557,91694.6725,25:28:14.673,B,,,,0,0,0,14011,0.04,,,
5560,5562,91694.7125,25:28:14.713,B,,,,0,0,0,6220,0.04,,,
5561,5561,91694.7525,25:28:14.753,B,,,,0,0,0,8844,0.04,,,
5562,5563,91694.7925,25:28:14.793,B,,,,0,0,0,4631,0.04,,,
5563,5556,91694.8325,25:28:14.833,P,,,,0,0,0,50796,0.04,,,
5564,5567,91694.8725,25:28:14.873,B,,,,0,0,0,3241,0.04,,,
5565,5566,91694.9125,25:28:14.913,B,,,,0,0,0,6103,0.04,,,
5566,5568,91694.9525,25:28:14.953,B,,,,0,0,0,3305,0.04,,,
5567,5565,91694.9925,25:28:14.993,B,,,,0,0,0,9321,0.04,,,
5568,5570,91695.0325,25:28:15.033,B,,,,0,0,0,3230,0.04,,,
5569,5569,91695.0725,25:28:15.073,B,,,,0,0,0,6244,0.04,,,
5570,5571,91695.1125,25:28:15.113,B,,,,0,0,0,5134,0.04,,,
5571,5564,91695.1525,25:28:15.153,P,,,,0,0,0,49687,0.04,,,
5572,5575,91695.1925,25:28:15.193,B,,,,0,0,0,6204,0.04,,,
5573,5574,91695.2325,25:28:15.233,B,,,,0,0,0,10572,0.04,,,
5574,5576,91695.2725,25:28:15.273,B,,,,0,0,0,4833,0.04,,,
5575,5573,91695.3125,25:28:15.313,B,,,,0,0,0,15692,0.04,,,
5576,5578,91695.3525,25:28:15.353,B,,,,0,0,0,4548,0.04,,,
5577,5577,91695.3925,25:28:15.393,B,,,,0,0,0,8687,0.04,,,
5578,5579,91695.4325,25:28:15.433,B,,,,0,0,0,4808,0.04,,,
5579,5572,91695.4725,25:28:15.473,I,,1920,1080,0,0,1,136983,0.04,,,
5580,5583,91695.5125,25:28:15.513,B,,,,0,0,0,5012,0.04,,,
5581,5582,91695.5525,25:28:15.553,B,,,,0,0,0,8614,0.04,,,
5582,5584,91695.5925,25:28:15.593,B,,,,0,0,0,4917,0.04,,,
5583,5581,91695.6325,25:28:15.633,B,,,,0,0,0,13252,0.04,,,
5584,5586,91695.6725,25:28:15.673,B,,,,0,0,0,5740,0.04,,,
5585,5585,91695.7125,25:28:15.713,B,,,,0,0,0,7268,0.04,,,
5586,5587,91695.7525,25:28:15.753,B,,,,0,0,0,4292,0.04,,,
5587,5580,91695.7925,25:28:15.793,P,,,,0,0,0,61405,0.04,,,
5588,5591,91695.8325,25:28:15.833,B,,,,0,0,0,3232,0.04,,,
5589,5590,91695.8725,25:28:15.873,B,,,,0,0,0,6389,0.04,,,
5590,5592,91695.9125,25:28:15.913,B,,,,0,0,0,3892,0.04,,,
5591,5589,91695.9525,25:28:15.953,B,,,,0,0,0,11874,0.04,,,
5592,5594,91695.9925,25:28:15.993,B,,,,0,0,0,10102,0.04,,,
5593,5593,91696.0325,25:28:16.033,B,,,,0,0,0,7618,0.04,,,
5594,5595,91696.0725,25:28:16.073,B,,,,0,0,0,16718,0.04,,,
5595,5588,91696.1125,25:28:16.113,P,,,,0,0,0,59469,0.04,,,
5596,5599,91696.1525,25:28:16.153,B,,,,0,0,0,14339,0.04,,,
5597,5598,91696.1925,25:28:16.193,B,,,,0,0,0,4452,0.04,,,
5598,5597,91696.2325,25:28:16.233,B,,,,0,0,0,9613,0.04,,,
5599,5600,91696.2725,25:28:16.273,B,,,,0,0,0,16718,0.04,,,
5600,5596,91696.3125,25:28:16.313,P,,,,0,0,0,39420,0.04,,,
5601,5601,91696.3525,25:28:16.353,I,,1920,1080,0,1,1,115770,0.04,,,
5602,5605,91696.3925,25:28:16.393,B,,,,0,0,0,4287,0.04,,,
5603,5604,91696.4325,25:28:16.433,B,,,,0,0,0,8082,0.04,,,
5604,5606,91696.4725,25:28:16.473,B,,,,0,0,0,7035,0.04,,,
5605,5603,91696.5125,25:28:16.513,B,,,,0,0,0,9367,0.04,,,
5606,5608,91696.5525,25:28:16.553,B,,,,0,0,0,4948,0.04,,,
5607,5607,91696.5925,25:28:16.593,B,,,,0,0,0,7960,0.04,,,
5608,5609,91696.6325,25:28:16.633,B,,,,0,0,0,6000,0.04,,,
5609,5602,91696.6725,25:28:16.673,P,,,,0,0,0,31779,0.04,,,
5610,5613,91696.7125,25:28:16.713,B,,,,0,0,0,4591,0.04,,,
5611,5612,91696.7525,25:28:16.753,B,,,,0,0,0,3955,0.04,,,
5612,5614,91696.7925,25:28:16.793,B,,,,0,0,0,4202,0.04,,,
5613,5611,91696.8325,25:28:16.833,B,,,,0,0,0,8339,0.04,,,
5614,5616,91696.8725,25:28:16.873,B,,,,0,0,0,3502,0.04,,,
5615,5615,91696.9125,25:28:16.913,B,,,,0,0,0,8347,0.04,,,
5616,5617,91696.9525,25:28:16.953,B,,,,0,0,0,11022,0.04,,,
5617,5610,91696.9925,25:28:16.993,P,,,,0,0,0,48910,0.04,,,
5618,5621,91697.0325,25:28:17.033,B,,,,0,0,0,4678,0.04,,,
5619,5620,91697.0725,25:28:17.073,B,,,,0,0,0,8378,0.04,,,
5620,5622,91697.1125,25:28:17.113,B,,,,0,0,0,3042,0.04,,,
5621,5619,91697.1525,25:28:17.153,B,,,,0,0,0,8315,0.04,,,
5622,5624,91697.1925,25:28:17.193,B,,,,0,0,0,2514,0.04,,,
5623,5623,91697.2325,25:28:17.233,B,,,,0,0,0,7183,0.04,,,
5624,5625,91697.2725,25:28:17.273,B,,,,0,0,0,3630,0.04,,,
5625,5618,91697.3125,25:28:17.313,I,,1920,1080,0,0,1,149618,0.04,,,
5626,5629,91697.3525,25:28:17.353,B,,,,0,0,0,3103,0.04,,,
5627,5628,91697.3925,25:28:17.393,B,,,,0,0,0,4368,0.04,,,
5628,5630,91697.4325,25:28:17.433,B,,,,0,0,0,4649,0.04,,,
5629,5627,91697.4725,25:28:17.473,B,,,,0,0,0,14681,0.04,,,
5630,5632,91697.5125,25:28:17.513,B,,,,0,0,0,3969,0.04,,,
5631,5631,91697.5525,25:28:17.553,B,,,,0,0,0,8474,0.04,,,
5632,5633,91697.5925,25:28:17.593,B,,,,0,0,0,2728,0.04,,,
5633,5626,91697.6325,25:28:17.633,P,,,,0,0,0,55909,0.04,,,
5634,5637,91697.6725,25:28:17.673,B,,,,0,0,0,5109,0.04,,,
5635,5636,91697.7125,25:28:17.713,B,,,,0,0,0,10882,0.04,,,
5636,5638,91697.7525,25:28:17.753,B,,,,0,0,0,2956,0.04,,,
5637,5635,91697.7925,25:28:17.793,B,,,,0,0,0,13305,0.04,,,
5638,5640,91697.8325,25:28:17.833,B,,,,0,0,0,3603,0.04,,,
5639,5639,91697.8725,25:28:17.873,B,,,,0,0,0,6079,0.04,,,
5640,5641,91697.9125,25:28:17.913,B,,,,0,0,0,3609,0.04,,,
5641,5634,91697.9525,25:28:17.953,P,,,,0,0,0,61402,0.04,,,
5642,5643,91697.9925,25:28:17.993,B,,,,0,0,0,8446,0.04,,,
5643,5642,91698.0325,25:28:18.033,P,,,,0,0,0,14448,0.04,,,
5644,5644,91698.0725,25:28:18.073,I,,1920,1080,0,1,1,119865,0.04,,,
5645,5648,91698.1125,25:28:18.113,B,,,,0,0,0,6861,0.04,,,
5646,5647,91698.1525,25:28:18.153,B,,,,0,0,0,10830,0.04,,,
5647,5649,91698.1925,25:28:18.193,B,,,,0,0,0,8890,0.04,,,
5648,5646,91698.2325,25:28:18.233,B,,,,0,0,0,19254,0.04,,,
5649,5651,91698.2725,25:28:18.273,B,,,,0,0,0,8045,0.04,,,
5650,5650,91698.3125,25:28:18.313,B,,,,0,0,0,12403,0.04,,,
5651,5652,91698.3525,25:28:18.353,B,,,,0,0,0,6471,0.04,,,
5652,5645,91698.3925,25:28:18.393,P,,,,0,0,0,54838,0.04,,,
5653,5656,91698.4325,25:28:18.433,B,,,,0,0,0,4293,0.04,,,
5654,5655,91698.4725,25:28:18.473,B,,,,0,0,0,7351,0.04,,,
5655,5657,91698.5125,25:28:18.513,B,,,,0,0,0,3830,0.04,,,
5656,5654,91698.5525,25:28:18.553,B,,,,0,0,0,9973,0.04,,,
5657,5659,91698.5925,25:28:18.593,B,,,,0,0,0,3541,0.04,,,
5658,5658,91698.6325,25:28:18.633,B,,,,0,0,0,5442,0.04,,,
5659,5660,91698.6725,25:28:18.673,B,,,,0,0,0,1869,0.04,,,
5660,5653,91698.7125,25:28:18.713,P,,,,0,0,0,55169,0.04,,,
5661,5664,91698.7525,25:28:18.753,B,,,,0,0,0,4801,0.04,,,
5662,5663,91698.7925,25:28:18.793,B,,,,0,0,0,7075,0.04,,,
5663,5665,91698.8325,25:28:18.833,B,,,,0,0,0,4002,0.04,,,
5664,5662,91698.8725,25:28:18.873,B,,,,0,0,0,8551,0.04,,,
5665,5667,91698.9125,25:28:18.913,B,,,,0,0,0,3067,0.04,,,
5666,5666,91698.9525,25:28:18.953,B,,,,0,0,0,6355,0.04,,,
5667,5668,91698.9925,25:28:18.993,B,,,,0,0,0,3104,0.04,,,
5668,5661,91699.0325,25:28:19.033,I,,1920,1080,0,0,1,113347,0.04,,,
5669,5671,91699.0725,25:28:19.073,B,,,,0,0,0,3412,0.04,,,
5670,5670,91699.1125,25:28:19.113,B,,,,0,0,0,5731,0.04,,,
5671,5672,91699.1525,25:28:19.153,B,,,,0,0,0,5441,0.04,,,
5672,5669,91699.1925,25:28:19.193,P,,,,0,0,0,46992,0.04,,,
5673,5673,91699.2325,25:28:19.233,I,,1920,1080,0,1,1,106950,0.04,,,
5674,5677,91699.2725,25:28:19.273,B,,,,0,0,0,5819,0.04,,,
5675,5676,91699.3125,25:28:19.313,B,,,,0,0,0,10214,0.04,,,
5676,5678,91699.3525,25:28:19.353,B,,,,0,0,0,6324,0.04,,,
5677,5675,91699.3925,25:28:19.393,B,,,,0,0,0,18514,0.04,,,
5678,5680,91699.4325,25:28:19.433,B,,,,0,0,0,5933,0.04,,,
5679,5679,91699.4725,25:28:19.473,B,,,,0,0,0,11545,0.04,,,
5680,5681,91699.5125,25:28:19.513,B,,,,0,0,0,5288,0.04,,,
5681,5674,91699.5525,25:28:19.553,P,,,,0,0,0,48587,0.04,,,
5682,5685,91699.5925,25:28:19.593,B,,,,0,0,0,4626,0.04,,,
5683,5684,91699.6325,25:28:19.633,B,,,,0,0,0,8750,0.04,,,
5684,5686,91699.6725,25:28:19.673,B,,,,0,0,0,3549,0.04,,,
5685,5683,91699.7125,25:28:19.713,B,,,,0,0,0,13169,0.04,,,
5686,5688,91699.7525,25:28:19.753,B,,,,0,0,0,3665,0.04,,,
5687,5687,91699.7925,25:28:19.793,B,,,,0,0,0,7673,0.04,,,
5688,5689,91699.8325,25:28:19.833,B,,,,0,0,0,4024,0.04,,,
5689,5682,91699.8725,25:28:19.873,P,,,,0,0,0,51532,0.04,,,
5690,5693,91699.9125,25:28:19.913,B,,,,0,0,0,4580,0.04,,,
5691,5692,91699.9525,25:28:19.953,B,,,,0,0,0,9100,0.04,,,
5692,5694,91699.9925,25:28:19.993,B,,,,0,0,0,4229,0.04,,,
5693,5691,91700.0325,25:28:20.033,B,,,,0,0,0,15916,0.04,,,
5694,5696,91700.0725,25:28:20.073,B,,,,0,0,0,5427,0.04,,,
5695,5695,91700.1125,25:28:20.113,B,,,,0,0,0,9154,0.04,,,
5696,5697,91700.1525,25:28:20.153,B,,,,0,0,0,4822,0.04,,,
5697,5690,91700.1925,25:28:20.193,I,,1920,1080,0,0,1,118954,0.04,,,
5698,5701,91700.2325,25:28:20.233,B,,,,0,0,0,3567,0.04,,,
5699,5700,91700.2725,25:28:20.273,B,,,,0,0,0,8080,0.04,,,
5700,5702,91700.3125,25:28:20.313,B,,,,0,0,0,4224,0.04,,,
5701,5699,91700.3525,25:28:20.353,B,,,,0,0,0,14162,0.04,,,
5702,5704,91700.3925,25:28:20.393,B,,,,0,0,0,5973,0.04,,,
5703,5703,91700.4325,25:28:20.433,B,,,,0,0,0,8713,0.04,,,
5704,5705,91700.4725,25:28:20.473,B,,,,0,0,0,5272,0.04,,,
5705,5698,91700.5125,25:28:20.513,P,,,,0,0,0,49592,0.04,,,
5706,5709,91700.5525,25:28:20.553,B,,,,0,0,0,4049,0.04,,,
5707,5708,91700.5925,25:28:20.593,B,,,,0,0,0,8699,0.04,,,
5708,5710,91700.6325,25:28:20.633,B,,,,0,0,0,3287,0.04,,,
5709,5707,91700.6725,25:28:20.673,B,,,,0,0,0,13827,0.04,,,
5710,5712,91700.7125,25:28:20.713,B,,,,0,0,0,3581,0.04,,,
5711,5711,91700.7525,25:28:20.753,B,,,,0,0,0,7583,0.04,,,
5712,5713,91700.7925,25:28:20.793,B,,,,0,0,0,4766,0.04,,,
5713,5706,91700.8325,25:28:20.833,P,,,,0,0,0,48846,0.04,,,
5714,5717,91700.8725,25:28:20.873,B,,,,0,0,0,2721,0.04,,,
5715,5716,91700.9125,25:28:20.913,B,,,,0,0,0,5742,0.04,,,
5716,5718,91700.9525,25:28:20.953,B,,,,0,0,0,3211,0.04,,,
5717,5715,91700.9925,25:28:20.993,B,,,,0,0,0,12464,0.04,,,
5718,5720,91701.0325,25:28:21.033,B,,,,0,0,0,3147,0.04,,,
5719,5719,91701.0725,25:28:21.073,B,,,,0,0,0,6466,0.04,,,
5720,5721,91701.1125,25:28:21.113,B,,,,0,0,0,3003,0.04,,,
5721,5714,91701.1525,25:28:21.153,I,,1920,1080,0,0,1,103892,0.04,,,
5722,5725,91701.1925,25:28:21.193,B,,,,0,0,0,2996,0.04,,,
5723,5724,91701.2325,25:28:21.233,B,,,,0,0,0,6913,0.04,,,
5724,5726,91701.2725,25:28:21.273,B,,,,0,0,0,3950,0.04,,,
5725,5723,91701.3125,25:28:21.313,B,,,,0,0,0,13746,0.04,,,
5726,5728,91701.3525,25:28:21.353,B,,,,0,0,0,3550,0.04,,,
5727,5727,91701.3925,25:28:21.393,B,,,,0,0,0,6621,0.04,,,
5728,5729,91701.4325,25:28:21.433,B,,,,0,0,0,6974,0.04,,,
5729,5722,91701.4725,25:28:21.473,P,,,,0,0,0,37251,0.04,,,
5730,5733,91701.5125,25:28:21.513,B,,,,0,0,0,3112,0.04,,,
5731,5732,91701.5525,25:28:21.553,B,,,,0,0,0,6426,0.04,,,
5732,5734,91701.5925,25:28:21.593,B,,,,0,0,0,8446,0.04,,,
5733,5731,91701.6325,25:28:21.633,B,,,,0,0,0,12863,0.04,,,
5734,5736,91701.6725,25:28:21.673,B,,,,0,0,0,13590,0.04,,,
5735,5735,91701.7125,25:28:21.713,B,,,,0,0,0,13774,0.04,,,
5736,5737,91701.7525,25:28:21.753,B,,,,0,0,0,12854,0.04,,,
5737,5730,91701.7925,25:28:21.793,P,,,,0,0,0,37932,0.04,,,
5738,5741,91701.8325,25:28:21.833,B,,,,0,0,0,3192,0.04,,,
5739,5740,91701.8725,25:28:21.873,B,,,,0,0,0,6406,0.04,,,
5740,5742,91701.9125,25:28:21.913,B,,,,0,0,0,3044,0.04,,,
5741,5739,91701.9525,25:28:21.953,B,,,,0,0,0,11081,0.04,,,
5742,5744,91701.9925,25:28:21.993,B,,,,0,0,0,3136,0.04,,,
5743,5743,91702.0325,25:28:22.033,B,,,,0,0,0,5349,0.04,,,
5744,5745,91702.0725,25:28:22.073,B,,,,0,0,0,2647,0.04,,,
5745,5738,91702.1125,25:28:22.113,I,,1920,1080,0,0,1,95567,0.04,,,
5746,5749,91702.1525,25:28:22.153,B,,,,0,0,0,2300,0.04,,,
5747,5748,91702.1925,25:28:22.193,B,,,,0,0,0,6064,0.04,,,
5748,5750,91702.2325,25:28:22.233,B,,,,0,0,0,2841,0.04,,,
5749,5747,91702.2725,25:28:22.273,B,,,,0,0,0,11448,0.04,,,
5750,5752,91702.3125,25:28:22.313,B,,,,0,0,0,3795,0.04,,,
5751,5751,91702.3525,25:28:22.353,B,,,,0,0,0,7473,0.04,,,
5752,5753,91702.3925,25:28:22.393,B,,,,0,0,0,3591,0.04,,,
5753,5746,91702.4325,25:28:22.433,P,,,,0,0,0,39457,0.04,,,
5754,5757,91702.4725,25:28:22.473,B,,,,0,0,0,3121,0.04,,,
5755,5756,91702.5125,25:28:22.513,B,,,,0,0,0,7018,0.04,,,
5756,5758,91702.5525,25:28:22.553,B,,,,0,0,0,3377,0.04,,,
5757,5755,91702.5925,25:28:22.593,B,,,,0,0,0,11050,0.04,,,
5758,5760,91702.6325,25:28:22.633,B,,,,0,0,0,2547,0.04,,,
5759,5759,91702.6725,25:28:22.673,B,,,,0,0,0,6662,0.04,,,
5760,5761,91702.7125,25:28:22.713,B,,,,0,0,0,2865,0.04,,,
5761,5754,91702.7525,25:28:22.753,P,,,,0,0,0,34468,0.04,,,
5762,5765,91702.7925,25:28:22.793,B,,,,0,0,0,2827,0.04,,,
5763,5764,91702.8325,25:28:22.833,B,,,,0,0,0,3931,0.04,,,
5764,5763,91702.8725,25:28:22.873,B,,,,0,0,0,7563,0.04,,,
5765,5766,91702.9125,25:28:22.913,B,,,,0,0,0,3478,0.04,,,
5766,5762,91702.9525,25:28:22.953,P,,,,0,0,0,31178,0.04,,,
5767,5767,91702.9925,25:28:22.993,I,,1920,1080,0,1,1,111110,0.04,,,
5768,5771,91703.0325,25:28:23.033,B,,,,0,0,0,5270,0.04,,,
5769,5770,91703.0725,25:28:23.073,B,,,,0,0,0,8333,0.04,,,
5770,5772,91703.1125,25:28:23.113,B,,,,0,0,0,5888,0.04,,,
5771,5769,91703.1525,25:28:23.153,B,,,,0,0,0,13730,0.04,,,
5772,5774,91703.1925,25:28:23.193,B,,,,0,0,0,5694,0.04,,,
5773,5773,91703.2325,25:28:23.233,B,,,,0,0,0,12287,0.04,,,
5774,5775,91703.2725,25:28:23.273,B,,,,0,0,0,6486,0.04,,,
5775,5768,91703.3125,25:28:23.313,P,,,,0,0,0,51131,0.04,,,
5776,5779,91703.3525,25:28:23.353,B,,,,0,0,0,6530,0.04,,,
5777,5778,91703.3925,25:28:23.393,B,,,,0,0,0,9698,0.04,,,
5778,5780,91703.4325,25:28:23.433,B,,,,0,0,0,5723,0.04,,,
5779,5777,91703.4725,25:28:23.473,B,,,,0,0,0,17059,0.04,,,
5780,5782,91703.5125,25:28:23.513,B,,,,0,0,0,3038,0.04,,,
5781,5781,91703.5525,25:28:23.553,B,,,,0,0,0,8447,0.04,,,
5782,5783,91703.5925,25:28:23.593,B,,,,0,0,0,3105,0.04,,,
5783,5776,91703.6325,25:28:23.633,P,,,,0,0,0,68060,0.04,,,
5784,5787,91703.6725,25:28:23.673,B,,,,0,0,0,5982,0.04,,,
5785,5786,91703.7125,25:28:23.713,B,,,,0,0,0,10228,0.04,,,
5786,5788,91703.7525,25:28:23.753,B,,,,0,0,0,4111,0.04,,,
5787,5785,91703.7925,25:28:23.793,B,,,,0,0,0,12004,0.04,,,
5788,5790,91703.8325,25:28:23.833,B,,,,0,0,0,4199,0.04,,,
5789,5789,91703.8725,25:28:23.873,B,,,,0,0,0,6215,0.04,,,
5790,5791,91703.9125,25:28:23.913,B,,,,0,0,0,3935,0.04,,,
5791,5784,91703.9525,25:28:23.953,I,,1920,1080,0,0,1,113477,0.04,,,
5792,5794,91703.9925,25:28:23.993,B,,,,0,0,0,4185,0.04,,,
5793,5793,91704.0325,25:28:24.033,B,,,,0,0,0,5776,0.04,,,
5794,5792,91704.0725,25:28:24.073,P,,,,0,0,0,45283,0.04,,,
5795,5795,91704.1125,25:28:24.113,I,,1920,1080,0,1,1,121210,0.04,,,
5796,5799,91704.1525,25:28:24.153,B,,,,0,0,0,6117,0.04,,,
5797,5798,91704.1925,25:28:24.193,B,,,,0,0,0,6654,0.04,,,
5798,5800,91704.2325,25:28:24.233,B,,,,0,0,0,10814,0.04,,,
5799,5797,91704.2725,25:28:24.273,B,,,,0,0,0,9716,0.04,,,
5800,5802,91704.3125,25:28:24.313,B,,,,0,0,0,7289,0.04,,,
5801,5801,91704.3525,25:28:24.353,B,,,,0,0,0,11114,0.04,,,
5802,5803,91704.3925,25:28:24.393,B,,,,0,0,0,7411,0.04,,,
5803,5796,91704.4325,25:28:24.433,P,,,,0,0,0,24517,0.04,,,
5804,5807,91704.4725,25:28:24.473,B,,,,0,0,0,6555,0.04,,,
5805,5806,91704.5125,25:28:24.513,B,,,,0,0,0,7364,0.04,,,
5806,5808,91704.5525,25:28:24.553,B,,,,0,0,0,5513,0.04,,,
5807,5805,91704.5925,25:28:24.593,B,,,,0,0,0,11435,0.04,,,
5808,5810,91704.6325,25:28:24.633,B,,,,0,0,0,5937,0.04,,,
5809,5809,91704.6725,25:28:24.673,B,,,,0,0,0,7757,0.04,,,
5810,5811,91704.7125,25:28:24.713,B,,,,0,0,0,6552,0.04,,,
5811,5804,91704.7525,25:28:24.753,P,,,,0,0,0,58584,0.04,,,
5812,5815,91704.7925,25:28:24.793,B,,,,0,0,0,6853,0.04,,,
5813,5814,91704.8325,25:28:24.833,B,,,,0,0,0,9189,0.04,,,
5814,5816,91704.8725,25:28:24.873,B,,,,0,0,0,6888,0.04,,,
5815,5813,91704.9125,25:28:24.913,B,,,,0,0,0,8697,0.04,,,
5816,5818,91704.9525,25:28:24.953,B,,,,0,0,0,6520,0.04,,,
5817,5817,91704.9925,25:28:24.993,B,,,,0,0,0,6562,0.04,,,
5818,5819,91705.0325,25:28:25.033,B,,,,0,0,0,4593,0.04,,,
5819,5812,91705.0725,25:28:25.073,I,,1920,1080,0,0,1,149193,0.04,,,
5820,5823,91705.1125,25:28:25.113,B,,,,0,0,0,3475,0.04,,,
5821,5822,91705.1525,25:28:25.153,B,,,,0,0,0,3702,0.04,,,
5822,5824,91705.1925,25:28:25.193,B,,,,0,0,0,3948,0.04,,,
5823,5821,91705.2325,25:28:25.233,B,,,,0,0,0,7758,0.04,,,
5824,5826,91705.2725,25:28:25.273,B,,,,0,0,0,4468,0.04,,,
5825,5825,91705.3125,25:28:25.313,B,,,,0,0,0,4407,0.04,,,
5826,5827,91705.3525,25:28:25.353,B,,,,0,0,0,2386,0.04,,,
5827,5820,91705.3925,25:28:25.393,P,,,,0,0,0,58611,0.04,,,
5828,5830,91705.4325,25:28:25.433,B,,,,0,0,0,2617,0.04,,,
5829,5829,91705.4725,25:28:25.473,B,,,,0,0,0,4671,0.04,,,
5830,5828,91705.5125,25:28:25.513,P,,,,0,0,0,32390,0.04,,,
5831,5831,91705.5525,25:28:25.553,I,,1920,1080,0,1,1,110493,0.04,,,
5832,5835,91705.5925,25:28:25.593,B,,,,0,0,0,5833,0.04,,,
5833,5834,91705.6325,25:28:25.633,B,,,,0,0,0,8758,0.04,,,
5834,5836,91705.6725,25:28:25.673,B,,,,0,0,0,5840,0.04,,,
5835,5833,91705.7125,25:28:25.713,B,,,,0,0,0,17588,0.04,,,
5836,5838,91705.7525,25:28:25.753,B,,,,0,0,0,6939,0.04,,,
5837,5837,91705.7925,25:28:25.793,B,,,,0,0,0,12777,0.04,,,
5838,5839,91705.8325,25:28:25.833,B,,,,0,0,0,7870,0.04,,,
5839,5832,91705.8725,25:28:25.873,P,,,,0,0,0,54411,0.04,,,
5840,5843,91705.9125,25:28:25.913,B,,,,0,0,0,7937,0.04,,,
5841,5842,91705.9525,25:28:25.953,B,,,,0,0,0,11989,0.04,,,
5842,5844,91705.9925,25:28:25.993,B,,,,0,0,0,5854,0.04,,,
5843,5841,91706.0325,25:28:26.033,B,,,,0,0,0,20853,0.04,,,
5844,5846,91706.0725,25:28:26.073,B,,,,0,0,0,6531,0.04,,,
5845,5845,91706.1125,25:28:26.113,B,,,,0,0,0,11701,0.04,,,
5846,5847,91706.1525,25:28:26.153,B,,,,0,0,0,6684,0.04,,,
5847,5840,91706.1925,25:28:26.193,P,,,,0,0,0,67805,0.04,,,
5848,5851,91706.2325,25:28:26.233,B,,,,0,0,0,7312,0.04,,,
5849,5850,91706.2725,25:28:26.273,B,,,,0,0,0,12173,0.04,,,
5850,5852,91706.3125,25:28:26.313,B,,,,0,0,0,5687,0.04,,,
5851,5849,91706.3525,25:28:26.353,B,,,,0,0,0,16069,0.04,,,
5852,5854,91706.3925,25:28:26.393,B,,,,0,0,0,5439,0.04,,,
5853,5853,91706.4325,25:28:26.433,B,,,,0,0,0,7332,0.04,,,
5854,5855,91706.4725,25:28:26.473,B,,,,0,0,0,4380,0.04,,,
5855,5848,91706.5125,25:28:26.513,I,,1920,1080,0,0,1,123889,0.04,,,
5856,5859,91706.5525,25:28:26.553,B,,,,0,0,0,3499,0.04,,,
5857,5858,91706.5925,25:28:26.593,B,,,,0,0,0,5836,0.04,,,
5858,5860,91706.6325,25:28:26.633,B,,,,0,0,0,3226,0.04,,,
5859,5857,91706.6725,25:28:26.673,B,,,,0,0,0,10812,0.04,,,
5860,5862,91706.7125,25:28:26.713,B,,,,0,0,0,3065,0.04,,,
5861,5861,91706.7525,25:28:26.753,B,,,,0,0,0,6927,0.04,,,
5862,5863,91706.7925,25:28:26.793,B,,,,0,0,0,4024,0.04,,,
5863,5856,91706.8325,25:28:26.833,P,,,,0,0,0,52226,0.04,,,
5864,5867,91706.8725,25:28:26.873,B,,,,0,0,0,4274,0.04,,,
5865,5866,91706.9125,25:28:26.913,B,,,,0,0,0,6528,0.04,,,
5866,5868,91706.9525,25:28:26.953,B,,,,0,0,0,3996,0.04,,,
5867,5865,91706.9925,25:28:26.993,B,,,,0,0,0,16136,0.04,,,
5868,5870,91707.0325,25:28:27.033,B,,,,0,0,0,4766,0.04,,,
5869,5869,91707.0725,25:28:27.073,B,,,,0,0,0,10159,0.04,,,
5870,5871,91707.1125,25:28:27.113,B,,,,0,0,0,16718,0.04,,,
5871,5864,91707.1525,25:28:27.153,P,,,,0,0,0,65683,0.04,,,
5872,5872,91707.1925,25:28:27.193,P,,,,0,0,0,27708,0.04,,,
5873,5873,91707.2325,25:28:27.233,I,,1920,1080,0,1,1,118177,0.04,,,
5874,5877,91707.2725,25:28:27.273,B,,,,0,0,0,6684,0.04,,,
5875,5876,91707.3125,25:28:27.313,B,,,,0,0,0,6859,0.04,,,
5876,5878,91707.3525,25:28:27.353,B,,,,0,0,0,6607,0.04,,,
5877,5875,91707.3925,25:28:27.393,B,,,,0,0,0,7050,0.04,,,
5878,5880,91707.4325,25:28:27.433,B,,,,0,0,0,3528,0.04,,,
5879,5879,91707.4725,25:28:27.473,B,,,,0,0,0,5465,0.04,,,
5880,5881,91707.5125,25:28:27.513,B,,,,0,0,0,3672,0.04,,,
5881,5874,91707.5525,25:28:27.553,P,,,,0,0,0,40165,0.04,,,
5882,5885,91707.5925,25:28:27.593,B,,,,0,0,0,7832,0.04,,,
5883,5884,91707.6325,25:28:27.633,B,,,,0,0,0,12386,0.04,,,
5884,5886,91707.6725,25:28:27.673,B,,,,0,0,0,10126,0.04,,,
5885,5883,91707.7125,25:28:27.713,B,,,,0,0,0,15640,0.04,,,
5886,5888,91707.7525,25:28:27.753,B,,,,0,0,0,8589,0.04,,,
5887,5887,91707.7925,25:28:27.793,B,,,,0,0,0,9341,0.04,,,
5888,5889,91707.8325,25:28:27.833,B,,,,0,0,0,2407,0.04,,,
5889,5882,91707.8725,25:28:27.873,P,,,,0,0,0,51570,0.04,,,
5890,5893,91707.9125,25:28:27.913,B,,,,0,0,0,6000,0.04,,,
5891,5892,91707.9525,25:28:27.953,B,,,,0,0,0,7639,0.04,,,
5892,5894,91707.9925,25:28:27.993,B,,,,0,0,0,5630,0.04,,,
5893,5891,91708.0325,25:28:28.033,B,,,,0,0,0,9328,0.04,,,
5894,5896,91708.0725,25:28:28.073,B,,,,0,0,0,5307,0.04,,,
5895,5895,91708.1125,25:28:28.113,B,,,,0,0,0,5783,0.04,,,
5896,5897,91708.1525,25:28:28.153,B,,,,0,0,0,5948,0.04,,,
5897,5890,91708.1925,25:28:28.193,I,,1920,1080,0,0,1,135820,0.04,,,
5898,5901,91708.2325,25:28:28.233,B,,,,0,0,0,5965,0.04,,,
5899,5900,91708.2725,25:28:28.273,B,,,,0,0,0,6459,0.04,,,
5900,5902,91708.3125,25:28:28.313,B,,,,0,0,0,2862,0.04,,,
5901,5899,91708.3525,25:28:28.353,B,,,,0,0,0,8546,0.04,,,
5902,5904,91708.3925,25:28:28.393,B,,,,0,0,0,5170,0.04,,,
5903,5903,91708.4325,25:28:28.433,B,,,,0,0,0,7058,0.04,,,
5904,5905,91708.4725,25:28:28.473,B,,,,0,0,0,7636,0.04,,,
5905,5898,91708.5125,25:28:28.513,P,,,,0,0,0,45661,0.04,,,
5906,5909,91708.5525,25:28:28.553,B,,,,0,0,0,3338,0.04,,,
5907,5908,91708.5925,25:28:28.593,B,,,,0,0,0,7060,0.04,,,
5908,5910,91708.6325,25:28:28.633,B,,,,0,0,0,5252,0.04,,,
5909,5907,91708.6725,25:28:28.673,B,,,,0,0,0,11666,0.04,,,
5910,5912,91708.7125,25:28:28.713,B,,,,0,0,0,4293,0.04,,,
5911,5911,91708.7525,25:28:28.753,B,,,,0,0,0,8460,0.04,,,
5912,5913,91708.7925,25:28:28.793,B,,,,0,0,0,4485,0.04,,,
5913,5906,91708.8325,25:28:28.833,P,,,,0,0,0,42109,0.04,,,
5914,5917,91708.8725,25:28:28.873,B,,,,0,0,0,14699,0.04,,,
5915,5916,91708.9125,25:28:28.913,B,,,,0,0,0,14326,0.04,,,
5916,5915,91708.9525,25:28:28.953,B,,,,0,0,0,7906,0.04,,,
5917,5919,91708.9925,25:28:28.993,B,,,,0,0,0,14694,0.04,,,
5918,5918,91709.0325,25:28:29.033,B,,,,0,0,0,14694,0.04,,,
5919,5914,91709.0725,25:28:29.073,P,,,,0,0,0,13187,0.04,,,
5920,5920,91709.1125,25:28:29.113,I,,1920,1080,0,1,1,118439,0.04,,,
5921,5924,91709.1525,25:28:29.153,B,,,,0,0,0,5351,0.04,,,
5922,5923,91709.1925,25:28:29.193,B,,,,0,0,0,7382,0.04,,,
5923,5925,91709.2325,25:28:29.233,B,,,,0,0,0,5546,0.04,,,
5924,5922,91709.2725,25:28:29.273,B,,,,0,0,0,10868,0.04,,,
5925,5927,91709.3125,25:28:29.313,B,,,,0,0,0,4575,0.04,,,
5926,5926,91709.3525,25:28:29.353,B,,,,0,0,0,8284,0.04,,,
5927,5928,91709.3925,25:28:29.393,B,,,,0,0,0,4348,0.04,,,
5928,5921,91709.4325,25:28:29.433,P,,,,0,0,0,42215,0.04,,,
5929,5932,91709.4725,25:28:29.473,B,,,,0,0,0,3355,0.04,,,
5930,5931,91709.5125,25:28:29.513,B,,,,0,0,0,4830,0.04,,,
5931,5933,91709.5525,25:28:29.553,B,,,,0,0,0,3262,0.04,,,
5932,5930,91709.5925,25:28:29.593,B,,,,0,0,0,9875,0.04,,,
5933,5935,91709.6325,25:28:29.633,B,,,,0,0,0,3483,0.04,,,
5934,5934,91709.6725,25:28:29.673,B,,,,0,0,0,6375,0.04,,,
5935,5936,91709.7125,25:28:29.713,B,,,,0,0,0,3952,0.04,,,
5936,5929,91709.7525,25:28:29.753,P,,,,0,0,0,51253,0.04,,,
5937,5940,91709.7925,25:28:29.793,B,,,,0,0,0,4427,0.04,,,
5938,5939,91709.8325,25:28:29.833,B,,,,0,0,0,8609,0.04,,,
5939,5941,91709.8725,25:28:29.873,B,,,,0,0,0,4065,0.04,,,
5940,5938,91709.9125,25:28:29.913,B,,,,0,0,0,13495,0.04,,,
5941,5943,91709.9525,25:28:29.953,B,,,,0,0,0,4381,0.04,,,
5942,5942,91709.9925,25:28:29.993,B,,,,0,0,0,7460,0.04,,,
5943,5944,91710.0325,25:28:30.033,B,,,,0,0,0,4002,0.04,,,
5944,5937,91710.0725,25:28:30.073,I,,1920,1080,0,0,1,138139,0.04,,,
5945,5948,91710.1125,25:28:30.113,B,,,,0,0,0,4496,0.04,,,
5946,5947,91710.1525,25:28:30.153,B,,,,0,0,0,8523,0.04,,,
5947,5949,91710.1925,25:28:30.193,B,,,,0,0,0,3876,0.04,,,
5948,5946,91710.2325,25:28:30.233,B,,,,0,0,0,13150,0.04,,,
5949,5951,91710.2725,25:28:30.273,B,,,,0,0,0,4676,0.04,,,
5950,5950,91710.3125,25:28:30.313,B,,,,0,0,0,7851,0.04,,,
5951,5952,91710.3525,25:28:30.353,B,,,,0,0,0,4061,0.04,,,
5952,5945,91710.3925,25:28:30.393,P,,,,0,0,0,59569,0.04,,,
5953,5956,91710.4325,25:28:30.433,B,,,,0,0,0,4063,0.04,,,
5954,5955,91710.4725,25:28:30.473,B,,,,0,0,0,6881,0.04,,,
5955,5957,91710.5125,25:28:30.513,B,,,,0,0,0,3882,0.04,,,
5956,5954,91710.5525,25:28:30.553,B,,,,0,0,0,12189,0.04,,,
5957,5959,91710.5925,25:28:30.593,B,,,,0,0,0,3411,0.04,,,
5958,5958,91710.6325,25:28:30.633,B,,,,0,0,0,7475,0.04,,,
5959,5960,91710.6725,25:28:30.673,B,,,,0,0,0,2863,0.04,,,
5960,5953,91710.7125,25:28:30.713,P,,,,0,0,0,58966,0.04,,,
5961,5964,91710.7525,25:28:30.753,B,,,,0,0,0,5323,0.04,,,
5962,5963,91710.7925,25:28:30.793,B,,,,0,0,0,4399,0.04,,,
5963,5962,91710.8325,25:28:30.833,B,,,,0,0,0,9332,0.04,,,
5964,5966,91710.8725,25:28:30.873,B,,,,0,0,0,15982,0.04,,,
5965,5965,91710.9125,25:28:30.913,B,,,,0,0,0,15798,0.04,,,
5966,5961,91710.9525,25:28:30.953,P,,,,0,0,0,37690,0.04,,,
5967,5967,91710.9925,25:28:30.993,I,,1920,1080,0,1,1,104646,0.04,,,
5968,5971,91711.0325,25:28:31.033,B,,,,0,0,0,5383,0.04,,,
5969,5970,91711.0725,25:28:31.073,B,,,,0,0,0,8136,0.04,,,
5970,5972,91711.1125,25:28:31.113,B,,,,0,0,0,4147,0.04,,,
5971,5969,91711.1525,25:28:31.153,B,,,,0,0,0,13919,0.04,,,
5972,5974,91711.1925,25:28:31.193,B,,,,0,0,0,4424,0.04,,,
5973,5973,91711.2325,25:28:31.233,B,,,,0,0,0,8214,0.04,,,
5974,5975,91711.2725,25:28:31.273,B,,,,0,0,0,4430,0.04,,,
5975,5968,91711.3125,25:28:31.313,P,,,,0,0,0,36752,0.04,,,
5976,5979,91711.3525,25:28:31.353,B,,,,0,0,0,4085,0.04,,,
5977,5978,91711.3925,25:28:31.393,B,,,,0,0,0,8321,0.04,,,
5978,5980,91711.4325,25:28:31.433,B,,,,0,0,0,3562,0.04,,,
5979,5977,91711.4725,25:28:31.473,B,,,,0,0,0,13144,0.04,,,
5980,5982,91711.5125,25:28:31.513,B,,,,0,0,0,4254,0.04,,,
5981,5981,91711.5525,25:28:31.553,B,,,,0,0,0,7609,0.04,,,
5982,5983,91711.5925,25:28:31.593,B,,,,0,0,0,3913,0.04,,,
5983,5976,91711.6325,25:28:31.633,P,,,,0,0,0,45649,0.04,,,
5984,5987,91711.6725,25:28:31.673,B,,,,0,0,0,3347,0.04,,,
5985,5986,91711.7125,25:28:31.713,B,,,,0,0,0,7335,0.04,,,
5986,5988,91711.7525,25:28:31.753,B,,,,0,0,0,2581,0.04,,,
5987,5985,91711.7925,25:28:31.793,B,,,,0,0,0,11375,0.04,,,
5988,5990,91711.8325,25:28:31.833,B,,,,0,0,0,3445,0.04,,,
5989,5989,91711.8725,25:28:31.873,B,,,,0,0,0,6248,0.04,,,
5990,5991,91711.9125,25:28:31.913,B,,,,0,0,0,3025,0.04,,,
5991,5984,91711.9525,25:28:31.953,I,,1920,1080,0,0,1,115410,0.04,,,
5992,5995,91711.9925,25:28:31.993,B,,,,0,0,0,3612,0.04,,,
5993,5994,91712.0325,25:28:32.033,B,,,,0,0,0,8422,0.04,,,
5994,5996,91712.0725,25:28:32.073,B,,,,0,0,0,3576,0.04,,,
5995,5993,91712.1125,25:28:32.113,B,,,,0,0,0,13030,0.04,,,
5996,5998,91712.1525,25:28:32.153,B,,,,0,0,0,3709,0.04,,,
5997,5997,91712.1925,25:28:32.193,B,,,,0,0,0,7535,0.04,,,
5998,5999,91712.2325,25:28:32.233,B,,,,0,0,0,2985,0.04,,,
5999,5992,91712.2725,25:28:32.273,P,,,,0,0,0,43795,0.04,,,
6000,6003,91712.3125,25:28:32.313,B,,,,0,0,0,4119,0.04,,,
6001,6002,91712.3525,25:28:32.353,B,,,,0,0,0,9151,0.04,,,
6002,6004,91712.3925,25:28:32.393,B,,,,0,0,0,3740,0.04,,,
6003,6001,91712.4325,25:28:32.433,B,,,,0,0,0,14634,0.04,,,
6004,6006,91712.4725,25:28:32.473,B,,,,0,0,0,3247,0.04,,,
6005,6005,91712.5125,25:28:32.513,B,,,,0,0,0,7828,0.04,,,
6006,6007,91712.5525,25:28:32.553,B,,,,0,0,0,2935,0.04,,,
6007,6000,91712.5925,25:28:32.593,P,,,,0,0,0,51342,0.04,,,
6008,6011,91712.6325,25:28:32.633,B,,,,0,0,0,3183,0.04,,,
6009,6010,91712.6725,25:28:32.673,B,,,,0,0,0,6775,0.04,,,
6010,6012,91712.7125,25:28:32.713,B,,,,0,0,0,2423,0.04,,,
6011,6009,91712.7525,25:28:32.753,B,,,,0,0,0,13240,0.04,,,
6012,6014,91712.7925,25:28:32.793,B,,,,0,0,0,2900,0.04,,,
6013,6013,91712.8325,25:28:32.833,B,,,,0,0,0,6098,0.04,,,
6014,6015,91712.8725,25:28:32.873,B,,,,0,0,0,2907,0.04,,,
6015,6008,91712.9125,25:28:32.913,I,,1920,1080,0,0,1,102161,0.04,,,
6016,6019,91712.9525,25:28:32.953,B,,,,0,0,0,3090,0.04,,,
6017,6018,91712.9925,25:28:32.993,B,,,,0,0,0,7709,0.04,,,
6018,6020,91713.0325,25:28:33.033,B,,,,0,0,0,3147,0.04,,,
6019,6017,91713.0725,25:28:33.073,B,,,,0,0,0,14288,0.04,,,
6020,6022,91713.1125,25:28:33.113,B,,,,0,0,0,4130,0.04,,,
6021,6021,91713.1525,25:28:33.153,B,,,,0,0,0,7605,0.04,,,
6022,6023,91713.1925,25:28:33.193,B,,,,0,0,0,3980,0.04,,,
6023,6016,91713.2325,25:28:33.233,P,,,,0,0,0,38236,0.04,,,
6024,6027,91713.2725,25:28:33.273,B,,,,0,0,0,3452,0.04,,,
6025,6026,91713.3125,25:28:33.313,B,,,,0,0,0,7701,0.04,,,
6026,6028,91713.3525,25:28:33.353,B,,,,0,0,0,4784,0.04,,,
6027,6025,91713.3925,25:28:33.393,B,,,,0,0,0,14033,0.04,,,
6028,6030,91713.4325,25:28:33.433,B,,,,0,0,0,12854,0.04,,,
6029,6029,91713.4725,25:28:33.473,B,,,,0,0,0,8447,0.04,,,
6030,6031,91713.5125,25:28:33.513,B,,,,0,0,0,13038,0.04,,,
6031,6024,91713.5525,25:28:33.553,P,,,,0,0,0,38412,0.04,,,
6032,6034,91713.5925,25:28:33.593,B,,,,0,0,0,4170,0.04,,,
6033,6033,91713.6325,25:28:33.633,B,,,,0,0,0,7426,0.04,,,
6034,6035,91713.6725,25:28:33.673,B,,,,0,0,0,4214,0.04,,,
6035,6032,91713.7125,25:28:33.713,P,,,,0,0,0,30239,0.04,,,
6036,6036,91713.7525,25:28:33.753,I,,1920,1080,0,1,1,110134,0.04,,,
6037,6040,91713.7925,25:28:33.793,B,,,,0,0,0,5663,0.04,,,
6038,6039,91713.8325,25:28:33.833,B,,,,0,0,0,11111,0.04,,,
6039,6041,91713.8725,25:28:33.873,B,,,,0,0,0,7241,0.04,,,
6040,6038,91713.9125,25:28:33.913,B,,,,0,0,0,19508,0.04,,,
6041,6043,91713.9525,25:28:33.953,B,,,,0,0,0,7129,0.04,,,
6042,6042,91713.9925,25:28:33.993,B,,,,0,0,0,11131,0.04,,,
6043,6044,91714.0325,25:28:34.033,B,,,,0,0,0,6790,0.04,,,
6044,6037,91714.0725,25:28:34.073,P,,,,0,0,0,62789,0.04,,,
6045,6048,91714.1125,25:28:34.113,B,,,,0,0,0,5273,0.04,,,
6046,6047,91714.1525,25:28:34.153,B,,,,0,0,0,9489,0.04,,,
6047,6049,91714.1925,25:28:34.193,B,,,,0,0,0,5816,0.04,,,
6048,6046,91714.2325,25:28:34.233,B,,,,0,0,0,16495,0.04,,,
6049,6051,91714.2725,25:28:34.273,B,,,,0,0,0,6042,0.04,,,
6050,6050,91714.3125,25:28:34.313,B,,,,0,0,0,11733,0.04,,,
6051,6052,91714.3525,25:28:34.353,B,,,,0,0,0,6629,0.04,,,
6052,6045,91714.3925,25:28:34.393,P,,,,0,0,0,62242,0.04,,,
6053,6056,91714.4325,25:28:34.433,B,,,,0,0,0,6710,0.04,,,
6054,6055,91714.4725,25:28:34.473,B,,,,0,0,0,13157,0.04,,,
6055,6057,91714.5125,25:28:34.513,B,,,,0,0,0,7388,0.04,,,
6056,6054,91714.5525,25:28:34.553,B,,,,0,0,0,22840,0.04,,,
6057,6059,91714.5925,25:28:34.593,B,,,,0,0,0,6759,0.04,,,
6058,6058,91714.6325,25:28:34.633,B,,,,0,0,0,12771,0.04,,,
6059,6060,91714.6725,25:28:34.673,B,,,,0,0,0,6946,0.04,,,
6060,6053,91714.7125,25:28:34.713,I,,1920,1080,0,0,1,119810,0.04,,,
6061,6064,91714.7525,25:28:34.753,B,,,,0,0,0,6616,0.04,,,
6062,6063,91714.7925,25:28:34.793,B,,,,0,0,0,12385,0.04,,,
6063,6065,91714.8325,25:28:34.833,B,,,,0,0,0,6615,0.04,,,
6064,6062,91714.8725,25:28:34.873,B,,,,0,0,0,19590,0.04,,,
6065,6067,91714.9125,25:28:34.913,B,,,,0,0,0,5924,0.04,,,
6066,6066,91714.9525,25:28:34.953,B,,,,0,0,0,9575,0.04,,,
6067,6068,91714.9925,25:28:34.993,B,,,,0,0,0,5666,0.04,,,
6068,6061,91715.0325,25:28:35.033,P,,,,0,0,0,58788,0.04,,,
6069,6072,91715.0725,25:28:35.073,B,,,,0,0,0,4779,0.04,,,
6070,6071,91715.1125,25:28:35.113,B,,,,0,0,0,8345,0.04,,,
6071,6073,91715.1525,25:28:35.153,B,,,,0,0,0,4740,0.04,,,
6072,6070,91715.1925,25:28:35.193,B,,,,0,0,0,14969,0.04,,,
6073,6075,91715.2325,25:28:35.233,B,,,,0,0,0,6606,0.04,,,
6074,6074,91715.2725,25:28:35.273,B,,,,0,0,0,11033,0.04,,,
6075,6076,91715.3125,25:28:35.313,B,,,,0,0,0,17270,0.04,,,
6076,6069,91715.3525,25:28:35.353,P,,,,0,0,0,57203,0.04,,,
6077,6080,91715.3925,25:28:35.393,B,,,,0,0,0,4632,0.04,,,
6078,6079,91715.4325,25:28:35.433,B,,,,0,0,0,7278,0.04,,,
6079,6081,91715.4725,25:28:35.473,B,,,,0,0,0,4278,0.04,,,
6080,6078,91715.5125,25:28:35.513,B,,,,0,0,0,10098,0.04,,,
6081,6083,91715.5525,25:28:35.553,B,,,,0,0,0,3962,0.04,,,
6082,6082,91715.5925,25:28:35.593,B,,,,0,0,0,5847,0.04,,,
6083,6084,91715.6325,25:28:35.633,B,,,,0,0,0,2467,0.04,,,
6084,6077,91715.6725,25:28:35.673,I,,1920,1080,0,0,1,115978,0.04,,,
6085,6088,91715.7125,25:28:35.713,B,,,,0,0,0,2411,0.04,,,
6086,6087,91715.7525,25:28:35.753,B,,,,0,0,0,4988,0.04,,,
6087,6089,91715.7925,25:28:35.793,B,,,,0,0,0,13598,0.04,,,
6088,6086,91715.8325,25:28:35.833,B,,,,0,0,0,9282,0.04,,,
6089,6091,91715.8725,25:28:35.873,B,,,,0,0,0,17270,0.04,,,
6090,6090,91715.9125,25:28:35.913,B,,,,0,0,0,17086,0.04,,,
6091,6092,91715.9525,25:28:35.953,B,,,,0,0,0,17270,0.04,,,
6092,6085,91715.9925,25:28:35.993,P,,,,0,0,0,40888,0.04,,,
6093,6096,91716.0325,25:28:36.033,B,,,,0,0,0,17091,0.04,,,
6094,6095,91716.0725,25:28:36.073,B,,,,0,0,0,7710,0.04,,,
6095,6097,91716.1125,25:28:36.113,B,,,,0,0,0,17270,0.04,,,
6096,6094,91716.1525,25:28:36.153,B,,,,0,0,0,7146,0.04,,,
6097,6099,91716.1925,25:28:36.193,B,,,,0,0,0,17086,0.04,,,
6098,6098,91716.2325,25:28:36.233,B,,,,0,0,0,17270,0.04,,,
6099,6100,91716.2725,25:28:36.273,B,,,,0,0,0,16350,0.04,,,
6100,6093,91716.3125,25:28:36.313,P,,,,0,0,0,37175,0.04,,,
6101,6104,91716.3525,25:28:36.353,B,,,,0,0,0,4128,0.04,,,
6102,6103,91716.3925,25:28:36.393,B,,,,0,0,0,6859,0.04,,,
6103,6105,91716.4325,25:28:36.433,B,,,,0,0,0,5097,0.04,,,
6104,6102,91716.4725,25:28:36.473,B,,,,0,0,0,6624,0.04,,,
6105,6107,91716.5125,25:28:36.513,B,,,,0,0,0,3940,0.04,,,
6106,6106,91716.5525,25:28:36.553,B,,,,0,0,0,8355,0.04,,,
6107,6108,91716.5925,25:28:36.593,B,,,,0,0,0,4565,0.04,,,
6108,6101,91716.6325,25:28:36.633,I,,1920,1080,0,0,1,95212,0.04,,,
6109,6110,91716.6725,25:28:36.673,B,,,,0,0,0,5045,0.04,,,
6110,6109,91716.7125,25:28:36.713,P,,,,0,0,0,37708,0.04,,,
6111,6111,91716.7525,25:28:36.753,I,,1920,1080,0,1,1,114490,0.04,,,
6112,6115,91716.7925,25:28:36.793,B,,,,0,0,0,8109,0.04,,,
6113,6114,91716.8325,25:28:36.833,B,,,,0,0,0,4553,0.04,,,
6114,6116,91716.8725,25:28:36.873,B,,,,0,0,0,8711,0.04,,,
6115,6113,91716.9125,25:28:36.913,B,,,,0,0,0,7276,0.04,,,
6116,6118,91716.9525,25:28:36.953,B,,,,0,0,0,5467,0.04,,,
6117,6117,91716.9925,25:28:36.993,B,,,,0,0,0,9638,0.04,,,
6118,6119,91717.0325,25:28:37.033,B,,,,0,0,0,6508,0.04,,,
6119,6112,91717.0725,25:28:37.073,P,,,,0,0,0,18081,0.04,,,
6120,6123,91717.1125,25:28:37.113,B,,,,0,0,0,4571,0.04,,,
6121,6122,91717.1525,25:28:37.153,B,,,,0,0,0,6145,0.04,,,
6122,6124,91717.1925,25:28:37.193,B,,,,0,0,0,3479,0.04,,,
6123,6121,91717.2325,25:28:37.233,B,,,,0,0,0,5654,0.04,,,
6124,6126,91717.2725,25:28:37.273,B,,,,0,0,0,4118,0.04,,,
6125,6125,91717.3125,25:28:37.313,B,,,,0,0,0,6408,0.04,,,
6126,6127,91717.3525,25:28:37.353,B,,,,0,0,0,5115,0.04,,,
6127,6120,91717.3925,25:28:37.393,P,,,,0,0,0,64907,0.04,,,
6128,6131,91717.4325,25:28:37.433,B,,,,0,0,0,4379,0.04,,,
6129,6130,91717.4725,25:28:37.473,B,,,,0,0,0,5130,0.04,,,
6130,6132,91717.5125,25:28:37.513,B,,,,0,0,0,3495,0.04,,,
6131,6129,91717.5525,25:28:37.553,B,,,,0,0,0,5503,0.04,,,
6132,6134,91717.5925,25:28:37.593,B,,,,0,0,0,3931,0.04,,,
6133,6133,91717.6325,25:28:37.633,B,,,,0,0,0,4588,0.04,,,
6134,6135,91717.6725,25:28:37.673,B,,,,0,0,0,4378,0.04,,,
6135,6128,91717.7125,25:28:37.713,I,,1920,1080,0,0,1,150936,0.04,,,
6136,6139,91717.7525,25:28:37.753,B,,,,0,0,0,3291,0.04,,,
6137,6138,91717.7925,25:28:37.793,B,,,,0,0,0,4190,0.04,,,
6138,6140,91717.8325,25:28:37.833,B,,,,0,0,0,3172,0.04,,,
6139,6137,91717.8725,25:28:37.873,B,,,,0,0,0,18271,0.04,,,
6140,6142,91717.9125,25:28:37.913,B,,,,0,0,0,4572,0.04,,,
6141,6141,91717.9525,25:28:37.953,B,,,,0,0,0,6115,0.04,,,
6142,6143,91717.9925,25:28:37.993,B,,,,0,0,0,3910,0.04,,,
6143,6136,91718.0325,25:28:38.033,P,,,,0,0,0,54076,0.04,,,
6144,6147,91718.0725,25:28:38.073,B,,,,0,0,0,1884,0.04,,,
6145,6146,91718.1125,25:28:38.113,B,,,,0,0,0,2794,0.04,,,
6146,6148,91718.1525,25:28:38.153,B,,,,0,0,0,1988,0.04,,,
6147,6145,91718.1925,25:28:38.193,B,,,,0,0,0,9686,0.04,,,
6148,6150,91718.2325,25:28:38.233,B,,,,0,0,0,1996,0.04,,,
6149,6149,91718.2725,25:28:38.273,B,,,,0,0,0,5353,0.04,,,
6150,6151,91718.3125,25:28:38.313,B,,,,0,0,0,2130,0.04,,,
6151,6144,91718.3525,25:28:38.353,P,,,,0,0,0,46731,0.04,,,
6152,6155,91718.3925,25:28:38.393,B,,,,0,0,0,874,0.04,,,
6153,6154,91718.4325,25:28:38.433,B,,,,0,0,0,963,0.04,,,
6154,6156,91718.4725,25:28:38.473,B,,,,0,0,0,456,0.04,,,
6155,6153,91718.5125,25:28:38.513,B,,,,0,0,0,2393,0.04,,,
6156,6158,91718.5525,25:28:38.553,B,,,,0,0,0,696,0.04,,,
6157,6157,91718.5925,25:28:38.593,B,,,,0,0,0,1130,0.04,,,
6158,6159,91718.6325,25:28:38.633,B,,,,0,0,0,881,0.04,,,
6159,6152,91718.6725,25:28:38.673,I,,1920,1080,0,0,1,121310,0.04,,,
6160,6163,91718.7125,25:28:38.713,B,,,,0,0,0,716,0.04,,,
6161,6162,91718.7525,25:28:38.753,B,,,,0,0,0,956,0.04,,,
6162,6164,91718.7925,25:28:38.793,B,,,,0,0,0,487,0.04,,,
6163,6161,91718.8325,25:28:38.833,B,,,,0,0,0,7120,0.04,,,
6164,6166,91718.8725,25:28:38.873,B,,,,0,0,0,13406,0.04,,,
6165,6165,91718.9125,25:28:38.913,B,,,,0,0,0,10102,0.04,,,
6166,6167,91718.9525,25:28:38.953,B,,,,0,0,0,13406,0.04,,,
6167,6160,91718.9925,25:28:38.993,P,,,,0,0,0,20639,0.04,,,
6168,6171,91719.0325,25:28:39.033,B,,,,0,0,0,13043,0.04,,,
6169,6170,91719.0725,25:28:39.073,B,,,,0,0,0,8630,0.04,,,
6170,6172,91719.1125,25:28:39.113,B,,,,0,0,0,13038,0.04,,,
6171,6169,91719.1525,25:28:39.153,B,,,,0,0,0,5643,0.04,,,
6172,6174,91719.1925,25:28:39.193,B,,,,0,0,0,13222,0.04,,,
6173,6173,91719.2325,25:28:39.233,B,,,,0,0,0,12854,0.04,,,
6174,6175,91719.2725,25:28:39.273,B,,,,0,0,0,13038,0.04,,,
6175,6168,91719.3125,25:28:39.313,P,,,,0,0,0,25636,0.04,,,
6176,6179,91719.3525,25:28:39.353,B,,,,0,0,0,9363,0.04,,,
6177,6178,91719.3925,25:28:39.393,B,,,,0,0,0,1638,0.04,,,
6178,6180,91719.4325,25:28:39.433,B,,,,0,0,0,8254,0.04,,,
6179,6177,91719.4725,25:28:39.473,B,,,,0,0,0,2256,0.04,,,
6180,6182,91719.5125,25:28:39.513,B,,,,0,0,0,8438,0.04,,,
6181,6181,91719.5525,25:28:39.553,B,,,,0,0,0,8070,0.04,,,
6182,6176,91719.5925,25:28:39.593,P,,,,0,0,0,29316,0.04,,,
6183,6183,91719.6325,25:28:39.633,I,,1920,1080,0,1,1,116674,0.04,,,
6184,6187,91719.6725,25:28:39.673,B,,,,0,0,0,6299,0.04,,,
6185,6186,91719.7125,25:28:39.713,B,,,,0,0,0,8626,0.04,,,
6186,6188,91719.7525,25:28:39.753,B,,,,0,0,0,5779,0.04,,,
6187,6185,91719.7925,25:28:39.793,B,,,,0,0,0,14010,0.04,,,
6188,6190,91719.8325,25:28:39.833,B,,,,0,0,0,4624,0.04,,,
6189,6189,91719.8725,25:28:39.873,B,,,,0,0,0,8525,0.04,,,
6190,6191,91719.9125,25:28:39.913,B,,,,0,0,0,5376,0.04,,,
6191,6184,91719.9525,25:28:39.953,P,,,,0,0,0,46413,0.04,,,
6192,6195,91719.9925,25:28:39.993,B,,,,0,0,0,5250,0.04,,,
6193,6194,91720.0325,25:28:40.033,B,,,,0,0,0,9490,0.04,,,
6194,6196,91720.0725,25:28:40.073,B,,,,0,0,0,5750,0.04,,,
6195,6193,91720.1125,25:28:40.113,B,,,,0,0,0,17833,0.04,,,
6196,6198,91720.1525,25:28:40.153,B,,,,0,0,0,6767,0.04,,,
6197,6197,91720.1925,25:28:40.193,B,,,,0,0,0,10772,0.04,,,
6198,6199,91720.2325,25:28:40.233,B,,,,0,0,0,6741,0.04,,,
6199,6192,91720.2725,25:28:40.273,P,,,,0,0,0,64435,0.04,,,
6200,6203,91720.3125,25:28:40.313,B,,,,0,0,0,6198,0.04,,,
6201,6202,91720.3525,25:28:40.353,B,,,,0,0,0,11245,0.04,,,
6202,6204,91720.3925,25:28:40.393,B,,,,0,0,0,6071,0.04,,,
6203,6201,91720.4325,25:28:40.433,B,,,,0,0,0,21162,0.04,,,
6204,6206,91720.4725,25:28:40.473,B,,,,0,0,0,6652,0.04,,,
6205,6205,91720.5125,25:28:40.513,B,,,,0,0,0,12520,0.04,,,
6206,6207,91720.5525,25:28:40.553,B,,,,0,0,0,9366,0.04,,,
6207,6200,91720.5925,25:28:40.593,P,,,,0,0,0,66538,0.04,,,
6208,6208,91720.6325,25:28:40.633,I,,1920,1080,0,1,1,140791,0.04,,,
6209,6212,91720.6725,25:28:40.673,B,,,,0,0,0,2716,0.04,,,
6210,6211,91720.7125,25:28:40.713,B,,,,0,0,0,6135,0.04,,,
6211,6213,91720.7525,25:28:40.753,B,,,,0,0,0,8825,0.04,,,
6212,6210,91720.7925,25:28:40.793,B,,,,0,0,0,9540,0.04,,,
6213,6215,91720.8325,25:28:40.833,B,,,,0,0,0,6851,0.04,,,
6214,6214,91720.8725,25:28:40.873,B,,,,0,0,0,9557,0.04,,,
6215,6216,91720.9125,25:28:40.913,B,,,,0,0,0,7527,0.04,,,
6216,6209,91720.9525,25:28:40.953,P,,,,0,0,0,32153,0.04,,,
6217,6220,91720.9925,25:28:40.993,B,,,,0,0,0,8390,0.04,,,
6218,6219,91721.0325,25:28:41.033,B,,,,0,0,0,6535,0.04,,,
6219,6221,91721.0725,25:28:41.073,B,,,,0,0,0,6003,0.04,,,
6220,6218,91721.1125,25:28:41.113,B,,,,0,0,0,13159,0.04,,,
6221,6223,91721.1525,25:28:41.153,B,,,,0,0,0,4392,0.04,,,
6222,6222,91721.1925,25:28:41.193,B,,,,0,0,0,4390,0.04,,,
6223,6224,91721.2325,25:28:41.233,B,,,,0,0,0,1448,0.04,,,
6224,6217,91721.2725,25:28:41.273,P,,,,0,0,0,64438,0.04,,,
6225,6228,91721.3125,25:28:41.313,B,,,,0,0,0,1713,0.04,,,
6226,6227,91721.3525,25:28:41.353,B,,,,0,0,0,2972,0.04,,,
6227,6229,91721.3925,25:28:41.393,B,,,,0,0,0,2828,0.04,,,
6228,6226,91721.4325,25:28:41.433,B,,,,0,0,0,9278,0.04,,,
6229,6231,91721.4725,25:28:41.473,B,,,,0,0,0,3503,0.04,,,
6230,6230,91721.5125,25:28:41.513,B,,,,0,0,0,8482,0.04,,,
6231,6232,91721.5525,25:28:41.553,B,,,,0,0,0,4316,0.04,,,
6232,6225,91721.5925,25:28:41.593,I,,1920,1080,0,0,1,134628,0.04,,,
6233,6236,91721.6325,25:28:41.633,B,,,,0,0,0,7256,0.04,,,
6234,6235,91721.6725,25:28:41.673,B,,,,0,0,0,6826,0.04,,,
6235,6234,91721.7125,25:28:41.713,B,,,,0,0,0,16390,0.04,,,
6236,6237,91721.7525,25:28:41.753,B,,,,0,0,0,7945,0.04,,,
6237,6233,91721.7925,25:28:41.793,P,,,,0,0,0,38541,0.04,,,
6238,6238,91721.8325,25:28:41.833,I,,1920,1080,0,1,1,52605,0.04,,,
6239,6242,91721.8725,25:28:41.873,B,,,,0,0,0,15491,0.04,,,
6240,6241,91721.9125,25:28:41.913,B,,,,0,0,0,25082,0.04,,,
6241,6243,91721.9525,25:28:41.953,B,,,,0,0,0,14503,0.04,,,
6242,6240,91721.9925,25:28:41.993,B,,,,0,0,0,44516,0.04,,,
6243,6245,91722.0325,25:28:42.033,B,,,,0,0,0,16825,0.04,,,
6244,6244,91722.0725,25:28:42.073,B,,,,0,0,0,31998,0.04,,,
6245,6246,91722.1125,25:28:42.113,B,,,,0,0,0,16901,0.04,,,
6246,6239,91722.1525,25:28:42.153,P,,,,0,0,0,52388,0.04,,,
6247,6250,91722.1925,25:28:42.193,B,,,,0,0,0,19174,0.04,,,
6248,6249,91722.2325,25:28:42.233,B,,,,0,0,0,21529,0.04,,,
6249,6248,91722.2725,25:28:42.273,B,,,,0,0,0,40086,0.04,,,
6250,6252,91722.3125,25:28:42.313,B,,,,0,0,0,17388,0.04,,,
6251,6251,91722.3525,25:28:42.353,B,,,,0,0,0,19044,0.04,,,
6252,6247,91722.3925,25:28:42.393,P,,,,0,0,0,54466,0.04,,,
6253,6253,91722.4325,25:28:42.433,P,,,,0,0,0,35350,0.04,,,
6254,6257,91722.4725,25:28:42.473,B,,,,0,0,0,13555,0.04,,,
6255,6256,91722.5125,25:28:42.513,B,,,,0,0,0,16296,0.04,,,
6256,6255,91722.5525,25:28:42.553,B,,,,0,0,0,27449,0.04,,,
6257,6258,91722.5925,25:28:42.593,B,,,,0,0,0,15189,0.04,,,
6258,6254,91722.6325,25:28:42.633,P,,,,0,0,0,52212,0.04,,,
6259,6262,91722.6725,25:28:42.673,B,,,,0,0,0,17279,0.04,,,
6260,6261,91722.7125,25:28:42.713,B,,,,0,0,0,22044,0.04,,,
6261,6260,91722.7525,25:28:42.753,B,,,,0,0,0,32424,0.04,,,
6262,6263,91722.7925,25:28:42.793,B,,,,0,0,0,14012,0.04,,,
6263,6259,91722.8325,25:28:42.833,I,,1920,1080,0,0,1,56648,0.04,,,
6264,6267,91722.8725,25:28:42.873,B,,,,0,0,0,14450,0.04,,,
6265,6266,91722.9125,25:28:42.913,B,,,,0,0,0,18910,0.04,,,
6266,6265,91722.9525,25:28:42.953,B,,,,0,0,0,27477,0.04,,,
6267,6268,91722.9925,25:28:42.993,B,,,,0,0,0,14692,0.04,,,
6268,6264,91723.0325,25:28:43.033,P,,,,0,0,0,48563,0.04,,,
6269,6269,91723.0725,25:28:43.073,P,,,,0,0,0,34587,0.04,,,
6270,6270,91723.1125,25:28:43.113,P,,,,0,0,0,35767,0.04,,,
6271,6271,91723.1525,25:28:43.153,P,,,,0,0,0,36040,0.04,,,
6272,6272,91723.1925,25:28:43.193,P,,,,0,0,0,33485,0.04,,,
6273,6276,91723.2325,25:28:43.233,B,,,,0,0,0,14803,0.04,,,
6274,6275,91723.2725,25:28:43.273,B,,,,0,0,0,17884,0.04,,,
6275,6274,91723.3125,25:28:43.313,B,,,,0,0,0,26965,0.04,,,
6276,6277,91723.3525,25:28:43.353,B,,,,0,0,0,11365,0.04,,,
6277,6273,91723.3925,25:28:43.393,P,,,,0,0,0,49909,0.04,,,
6278,6281,91723.4325,25:28:43.433,B,,,,0,0,0,12365,0.04,,,
6279,6280,91723.4725,25:28:43.473,B,,,,0,0,0,16565,0.04,,,
6280,6279,91723.5125,25:28:43.513,B,,,,0,0,0,25600,0.04,,,
6281,6282,91723.5525,25:28:43.553,B,,,,0,0,0,12919,0.04,,,
6282,6278,91723.5925,25:28:43.593,P,,,,0,0,0,46538,0.04,,,
6283,6286,91723.6325,25:28:43.633,B,,,,0,0,0,13740,0.04,,,
6284,6285,91723.6725,25:28:43.673,B,,,,0,0,0,14300,0.04,,,
6285,6284,91723.7125,25:28:43.713,B,,,,0,0,0,24923,0.04,,,
6286,6288,91723.7525,25:28:43.753,B,,,,0,0,0,9843,0.04,,,
6287,6287,91723.7925,25:28:43.793,B,,,,0,0,0,10859,0.04,,,
6288,6283,91723.8325,25:28:43.833,I,,1920,1080,0,0,1,62382,0.04,,,
6289,6292,91723.8725,25:28:43.873,B,,,,0,0,0,10397,0.04,,,
6290,6291,91723.9125,25:28:43.913,B,,,,0,0,0,12077,0.04,,,
6291,6290,91723.9525,25:28:43.953,B,,,,0,0,0,20430,0.04,,,
6292,6293,91723.9925,25:28:43.993,B,,,,0,0,0,9637,0.04,,,
6293,6289,91724.0325,25:28:44.033,P,,,,0,0,0,50627,0.04,,,
6294,6297,91724.0725,25:28:44.073,B,,,,0,0,0,11819,0.04,,,
6295,6296,91724.1125,25:28:44.113,B,,,,0,0,0,15600,0.04,,,
6296,6295,91724.1525,25:28:44.153,B,,,,0,0,0,26763,0.04,,,
6297,6299,91724.1925,25:28:44.193,B,,,,0,0,0,12863,0.04,,,
6298,6298,91724.2325,25:28:44.233,B,,,,0,0,0,17725,0.04,,,
6299,6294,91724.2725,25:28:44.273,P,,,,0,0,0,46616,0.04,,,
6300,6302,91724.3125,25:28:44.313,B,,,,0,0,0,14122,0.04,,,
6301,6301,91724.3525,25:28:44.353,B,,,,0,0,0,26349,0.04,,,
6302,6303,91724.3925,25:28:44.393,B,,,,0,0,0,14291,0.04,,,
6303,6300,91724.4325,25:28:44.433,P,,,,0,0,0,44759,0.04,,,
6304,6304,91724.4725,25:28:44.473,P,,,,0,0,0,31919,0.04,,,
6305,6307,91724.5125,25:28:44.513,B,,,,0,0,0,16224,0.04,,,
6306,6306,91724.5525,25:28:44.553,B,,,,0,0,0,24427,0.04,,,
6307,6308,91724.5925,25:28:44.593,B,,,,0,0,0,15892,0.04,,,
6308,6305,91724.6325,25:28:44.633,P,,,,0,0,0,47375,0.04,,,
6309,6312,91724.6725,25:28:44.673,B,,,,0,0,0,13293,0.04,,,
6310,6311,91724.7125,25:28:44.713,B,,,,0,0,0,16109,0.04,,,
6311,6310,91724.7525,25:28:44.753,B,,,,0,0,0,20882,0.04,,,
6312,6313,91724.7925,25:28:44.793,B,,,,0,0,0,8932,0.04,,,
6313,6309,91724.8325,25:28:44.833,I,,1920,1080,0,0,1,48663,0.04,,,
6314,6315,91724.8725,25:28:44.873,B,,,,0,0,0,7951,0.04,,,
6315,6314,91724.9125,25:28:44.913,P,,,,0,0,0,34031,0.04,,,
6316,6316,91724.9525,25:28:44.953,I,,1920,1080,0,1,1,128776,0.04,,,
6317,6320,91724.9925,25:28:44.993,B,,,,0,0,0,5489,0.04,,,
6318,6319,91725.0325,25:28:45.033,B,,,,0,0,0,10557,0.04,,,
6319,6321,91725.0725,25:28:45.073,B,,,,0,0,0,6085,0.04,,,
6320,6318,91725.1125,25:28:45.113,B,,,,0,0,0,14098,0.04,,,
6321,6323,91725.1525,25:28:45.153,B,,,,0,0,0,4801,0.04,,,
6322,6322,91725.1925,25:28:45.193,B,,,,0,0,0,8288,0.04,,,
6323,6324,91725.2325,25:28:45.233,B,,,,0,0,0,4425,0.04,,,
6324,6317,91725.2725,25:28:45.273,P,,,,0,0,0,46294,0.04,,,
6325,6328,91725.3125,25:28:45.313,B,,,,0,0,0,3606,0.04,,,
6326,6327,91725.3525,25:28:45.353,B,,,,0,0,0,6352,0.04,,,
6327,6329,91725.3925,25:28:45.393,B,,,,0,0,0,3508,0.04,,,
6328,6326,91725.4325,25:28:45.433,B,,,,0,0,0,10570,0.04,,,
6329,6331,91725.4725,25:28:45.473,B,,,,0,0,0,4063,0.04,,,
6330,6330,91725.5125,25:28:45.513,B,,,,0,0,0,7864,0.04,,,
6331,6332,91725.5525,25:28:45.553,B,,,,0,0,0,4495,0.04,,,
6332,6325,91725.5925,25:28:45.593,P,,,,0,0,0,50717,0.04,,,
6333,6336,91725.6325,25:28:45.633,B,,,,0,0,0,4946,0.04,,,
6334,6335,91725.6725,25:28:45.673,B,,,,0,0,0,9184,0.04,,,
6335,6337,91725.7125,25:28:45.713,B,,,,0,0,0,5644,0.04,,,
6336,6334,91725.7525,25:28:45.753,B,,,,0,0,0,16576,0.04,,,
6337,6339,91725.7925,25:28:45.793,B,,,,0,0,0,6091,0.04,,,
6338,6338,91725.8325,25:28:45.833,B,,,,0,0,0,9623,0.04,,,
6339,6340,91725.8725,25:28:45.873,B,,,,0,0,0,5029,0.04,,,
6340,6333,91725.9125,25:28:45.913,I,,1920,1080,0,0,1,134532,0.04,,,
6341,6344,91725.9525,25:28:45.953,B,,,,0,0,0,5128,0.04,,,
6342,6343,91725.9925,25:28:45.993,B,,,,0,0,0,9852,0.04,,,
6343,6345,91726.0325,25:28:46.033,B,,,,0,0,0,6071,0.04,,,
6344,6342,91726.0725,25:28:46.073,B,,,,0,0,0,17178,0.04,,,
6345,6347,91726.1125,25:28:46.113,B,,,,0,0,0,5672,0.04,,,
6346,6346,91726.1525,25:28:46.153,B,,,,0,0,0,9227,0.04,,,
6347,6348,91726.1925,25:28:46.193,B,,,,0,0,0,5289,0.04,,,
6348,6341,91726.2325,25:28:46.233,P,,,,0,0,0,64940,0.04,,,
6349,6352,91726.2725,25:28:46.273,B,,,,0,0,0,4808,0.04,,,
6350,6351,91726.3125,25:28:46.313,B,,,,0,0,0,8386,0.04,,,
6351,6353,91726.3525,25:28:46.353,B,,,,0,0,0,4242,0.04,,,
6352,6350,91726.3925,25:28:46.393,B,,,,0,0,0,13515,0.04,,,
6353,6355,91726.4325,25:28:46.433,B,,,,0,0,0,3860,0.04,,,
6354,6354,91726.4725,25:28:46.473,B,,,,0,0,0,8010,0.04,,,
6355,6356,91726.5125,25:28:46.513,B,,,,0,0,0,15430,0.04,,,
6356,6349,91726.5525,25:28:46.553,P,,,,0,0,0,64035,0.04,,,
6357,6360,91726.5925,25:28:46.593,B,,,,0,0,0,3222,0.04,,,
6358,6359,91726.6325,25:28:46.633,B,,,,0,0,0,5038,0.04,,,
6359,6361,91726.6725,25:28:46.673,B,,,,0,0,0,2446,0.04,,,
6360,6358,91726.7125,25:28:46.713,B,,,,0,0,0,10385,0.04,,,
6361,6363,91726.7525,25:28:46.753,B,,,,0,0,0,2533,0.04,,,
6362,6362,91726.7925,25:28:46.793,B,,,,0,0,0,6198,0.04,,,
6363,6364,91726.8325,25:28:46.833,B,,,,0,0,0,4221,0.04,,,
6364,6357,91726.8725,25:28:46.873,I,,1920,1080,0,0,1,118596,0.04,,,
6365,6368,91726.9125,25:28:46.913,B,,,,0,0,0,4081,0.04,,,
6366,6367,91726.9525,25:28:46.953,B,,,,0,0,0,7911,0.04,,,
6367,6369,91726.9925,25:28:46.993,B,,,,0,0,0,4859,0.04,,,
6368,6366,91727.0325,25:28:47.033,B,,,,0,0,0,15836,0.04,,,
6369,6371,91727.0725,25:28:47.073,B,,,,0,0,0,7158,0.04,,,
6370,6370,91727.1125,25:28:47.113,B,,,,0,0,0,8157,0.04,,,
6371,6372,91727.1525,25:28:47.153,B,,,,0,0,0,16534,0.04,,,
6372,6365,91727.1925,25:28:47.193,P,,,,0,0,0,49984,0.04,,,
6373,6376,91727.2325,25:28:47.233,B,,,,0,0,0,4808,0.04,,,
6374,6375,91727.2725,25:28:47.273,B,,,,0,0,0,9333,0.04,,,
6375,6377,91727.3125,25:28:47.313,B,,,,0,0,0,12310,0.04,,,
6376,6374,91727.3525,25:28:47.353,B,,,,0,0,0,13330,0.04,,,
6377,6379,91727.3925,25:28:47.393,B,,,,0,0,0,15798,0.04,,,
6378,6378,91727.4325,25:28:47.433,B,,,,0,0,0,16718,0.04,,,
6379,6373,91727.4725,25:28:47.473,P,,,,0,0,0,43689,0.04,,,
6380,6380,91727.5125,25:28:47.513,I,,1920,1080,0,1,1,133345,0.04,,,
6381,6384,91727.5525,25:28:47.553,B,,,,0,0,0,5232,0.04,,,
6382,6383,91727.5925,25:28:47.593,B,,,,0,0,0,7781,0.04,,,
6383,6385,91727.6325,25:28:47.633,B,,,,0,0,0,3798,0.04,,,
6384,6382,91727.6725,25:28:47.673,B,,,,0,0,0,11650,0.04,,,
6385,6387,91727.7125,25:28:47.713,B,,,,0,0,0,8862,0.04,,,
6386,6386,91727.7525,25:28:47.753,B,,,,0,0,0,8286,0.04,,,
6387,6388,91727.7925,25:28:47.793,B,,,,0,0,0,4908,0.04,,,
6388,6381,91727.8325,25:28:47.833,P,,,,0,0,0,27574,0.04,,,
6389,6392,91727.8725,25:28:47.873,B,,,,0,0,0,3196,0.04,,,
6390,6391,91727.9125,25:28:47.913,B,,,,0,0,0,3222,0.04,,,
6391,6393,91727.9525,25:28:47.953,B,,,,0,0,0,1396,0.04,,,
6392,6390,91727.9925,25:28:47.993,B,,,,0,0,0,10884,0.04,,,
6393,6395,91728.0325,25:28:48.033,B,,,,0,0,0,2065,0.04,,,
6394,6394,91728.0725,25:28:48.073,B,,,,0,0,0,4374,0.04,,,
6395,6396,91728.1125,25:28:48.113,B,,,,0,0,0,5031,0.04,,,
6396,6389,91728.1525,25:28:48.153,P,,,,0,0,0,55390,0.04,,,
6397,6400,91728.1925,25:28:48.193,B,,,,0,0,0,11534,0.04,,,
6398,6399,91728.2325,25:28:48.233,B,,,,0,0,0,12969,0.04,,,
6399,6401,91728.2725,25:28:48.273,B,,,,0,0,0,1731,0.04,,,
6400,6398,91728.3125,25:28:48.313,B,,,,0,0,0,10442,0.04,,,
6401,6403,91728.3525,25:28:48.353,B,,,,0,0,0,7318,0.04,,,
6402,6402,91728.3925,25:28:48.393,B,,,,0,0,0,4477,0.04,,,
6403,6404,91728.4325,25:28:48.433,B,,,,0,0,0,9267,0.04,,,
6404,6397,91728.4725,25:28:48.473,I,,1920,1080,0,0,1,175080,0.04,,,
6405,6408,91728.5125,25:28:48.513,B,,,,0,0,0,9969,0.04,,,
6406,6407,91728.5525,25:28:48.553,B,,,,0,0,0,7579,0.04,,,
6407,6409,91728.5925,25:28:48.593,B,,,,0,0,0,1277,0.04,,,
6408,6406,91728.6325,25:28:48.633,B,,,,0,0,0,10189,0.04,,,
6409,6411,91728.6725,25:28:48.673,B,,,,0,0,0,1805,0.04,,,
6410,6410,91728.7125,25:28:48.713,B,,,,0,0,0,2150,0.04,,,
6411,6412,91728.7525,25:28:48.753,B,,,,0,0,0,1163,0.04,,,
6412,6405,91728.7925,25:28:48.793,P,,,,0,0,0,39407,0.04,,,
6413,6416,91728.8325,25:28:48.833,B,,,,0,0,0,2341,0.04,,,
6414,6415,91728.8725,25:28:48.873,B,,,,0,0,0,4149,0.04,,,
6415,6417,91728.9125,25:28:48.913,B,,,,0,0,0,5247,0.04,,,
6416,6414,91728.9525,25:28:48.953,B,,,,0,0,0,9196,0.04,,,
6417,6419,91728.9925,25:28:48.993,B,,,,0,0,0,9918,0.04,,,
6418,6418,91729.0325,25:28:49.033,B,,,,0,0,0,7423,0.04,,,
6419,6420,91729.0725,25:28:49.073,B,,,,0,0,0,15982,0.04,,,
6420,6413,91729.1125,25:28:49.113,P,,,,0,0,0,51700,0.04,,,
6421,6424,91729.1525,25:28:49.153,B,,,,0,0,0,3827,0.04,,,
6422,6423,91729.1925,25:28:49.193,B,,,,0,0,0,3084,0.04,,,
6423,6425,91729.2325,25:28:49.233,B,,,,0,0,0,4382,0.04,,,
6424,6422,91729.2725,25:28:49.273,B,,,,0,0,0,5416,0.04,,,
6425,6427,91729.3125,25:28:49.313,B,,,,0,0,0,3397,0.04,,,
6426,6426,91729.3525,25:28:49.353,B,,,,0,0,0,2381,0.04,,,
6427,6428,91729.3925,25:28:49.393,B,,,,0,0,0,840,0.04,,,
6428,6421,91729.4325,25:28:49.433,I,,1920,1080,0,0,1,147399,0.04,,,
6429,6432,91729.4725,25:28:49.473,B,,,,0,0,0,864,0.04,,,
6430,6431,91729.5125,25:28:49.513,B,,,,0,0,0,2228,0.04,,,
6431,6433,91729.5525,25:28:49.553,B,,,,0,0,0,15798,0.04,,,
6432,6430,91729.5925,25:28:49.593,B,,,,0,0,0,6564,0.04,,,
6433,6435,91729.6325,25:28:49.633,B,,,,0,0,0,16166,0.04,,,
6434,6434,91729.6725,25:28:49.673,B,,,,0,0,0,15982,0.04,,,
6435,6436,91729.7125,25:28:49.713,B,,,,0,0,0,15982,0.04,,,
6436,6429,91729.7525,25:28:49.753,P,,,,0,0,0,13532,0.04,,,
6437,6437,91729.7925,25:28:49.793,I,,1920,1080,0,1,1,119724,0.04,,,
6438,6441,91729.8325,25:28:49.833,B,,,,0,0,0,8401,0.04,,,
6439,6440,91729.8725,25:28:49.873,B,,,,0,0,0,14511,0.04,,,
6440,6442,91729.9125,25:28:49.913,B,,,,0,0,0,7974,0.04,,,
6441,6439,91729.9525,25:28:49.953,B,,,,0,0,0,17989,0.04,,,
6442,6444,91729.9925,25:28:49.993,B,,,,0,0,0,7412,0.04,,,
6443,6443,91730.0325,25:28:50.033,B,,,,0,0,0,11337,0.04,,,
6444,6445,91730.0725,25:28:50.073,B,,,,0,0,0,6799,0.04,,,
6445,6438,91730.1125,25:28:50.113,P,,,,0,0,0,52937,0.04,,,
6446,6449,91730.1525,25:28:50.153,B,,,,0,0,0,5126,0.04,,,
6447,6448,91730.1925,25:28:50.193,B,,,,0,0,0,8749,0.04,,,
6448,6450,91730.2325,25:28:50.233,B,,,,0,0,0,6173,0.04,,,
6449,6447,91730.2725,25:28:50.273,B,,,,0,0,0,13972,0.04,,,
6450,6452,91730.3125,25:28:50.313,B,,,,0,0,0,5666,0.04,,,
6451,6451,91730.3525,25:28:50.353,B,,,,0,0,0,8053,0.04,,,
6452,6453,91730.3925,25:28:50.393,B,,,,0,0,0,4813,0.04,,,
6453,6446,91730.4325,25:28:50.433,P,,,,0,0,0,57973,0.04,,,
6454,6457,91730.4725,25:28:50.473,B,,,,0,0,0,4798,0.04,,,
6455,6456,91730.5125,25:28:50.513,B,,,,0,0,0,10238,0.04,,,
6456,6458,91730.5525,25:28:50.553,B,,,,0,0,0,6539,0.04,,,
6457,6455,91730.5925,25:28:50.593,B,,,,0,0,0,17508,0.04,,,
6458,6460,91730.6325,25:28:50.633,B,,,,0,0,0,6900,0.04,,,
6459,6459,91730.6725,25:28:50.673,B,,,,0,0,0,11543,0.04,,,
6460,6461,91730.7125,25:28:50.713,B,,,,0,0,0,6829,0.04,,,
6461,6454,91730.7525,25:28:50.753,I,,1920,1080,0,0,1,129523,0.04,,,
6462,6465,91730.7925,25:28:50.793,B,,,,0,0,0,6023,0.04,,,
6463,6464,91730.8325,25:28:50.833,B,,,,0,0,0,10154,0.04,,,
6464,6466,91730.8725,25:28:50.873,B,,,,0,0,0,5050,0.04,,,
6465,6463,91730.9125,25:28:50.913,B,,,,0,0,0,17818,0.04,,,
6466,6468,91730.9525,25:28:50.953,B,,,,0,0,0,4481,0.04,,,
6467,6467,91730.9925,25:28:50.993,B,,,,0,0,0,9368,0.04,,,
6468,6469,91731.0325,25:28:51.033,B,,,,0,0,0,12678,0.04,,,
6469,6462,91731.0725,25:28:51.073,P,,,,0,0,0,48098,0.04,,,
6470,6473,91731.1125,25:28:51.113,B,,,,0,0,0,5316,0.04,,,
6471,6472,91731.1525,25:28:51.153,B,,,,0,0,0,9841,0.04,,,
6472,6474,91731.1925,25:28:51.193,B,,,,0,0,0,5774,0.04,,,
6473,6471,91731.2325,25:28:51.233,B,,,,0,0,0,16538,0.04,,,
6474,6476,91731.2725,25:28:51.273,B,,,,0,0,0,16902,0.04,,,
6475,6475,91731.3125,25:28:51.313,B,,,,0,0,0,15982,0.04,,,
6476,6477,91731.3525,25:28:51.353,B,,,,0,0,0,16350,0.04,,,
6477,6470,91731.3925,25:28:51.393,P,,,,0,0,0,52985,0.04,,,
6478,6481,91731.4325,25:28:51.433,B,,,,0,0,0,3662,0.04,,,
6479,6480,91731.4725,25:28:51.473,B,,,,0,0,0,7475,0.04,,,
6480,6482,91731.5125,25:28:51.513,B,,,,0,0,0,4355,0.04,,,
6481,6479,91731.5525,25:28:51.553,B,,,,0,0,0,14036,0.04,,,
6482,6484,91731.5925,25:28:51.593,B,,,,0,0,0,3897,0.04,,,
6483,6483,91731.6325,25:28:51.633,B,,,,0,0,0,6874,0.04,,,
6484,6485,91731.6725,25:28:51.673,B,,,,0,0,0,5025,0.04,,,
6485,6478,91731.7125,25:28:51.713,I,,1920,1080,0,0,1,118587,0.04,,,
6486,6489,91731.7525,25:28:51.753,B,,,,0,0,0,4772,0.04,,,
6487,6488,91731.7925,25:28:51.793,B,,,,0,0,0,7517,0.04,,,
6488,6490,91731.8325,25:28:51.833,B,,,,0,0,0,3623,0.04,,,
6489,6487,91731.8725,25:28:51.873,B,,,,0,0,0,13108,0.04,,,
6490,6492,91731.9125,25:28:51.913,B,,,,0,0,0,3859,0.04,,,
6491,6491,91731.9525,25:28:51.953,B,,,,0,0,0,8047,0.04,,,
6492,6493,91731.9925,25:28:51.993,B,,,,0,0,0,4348,0.04,,,
6493,6486,91732.0325,25:28:52.033,P,,,,0,0,0,53262,0.04,,,
6494,6496,91732.0725,25:28:52.073,B,,,,0,0,0,10286,0.04,,,
6495,6495,91732.1125,25:28:52.113,B,,,,0,0,0,6194,0.04,,,
6496,6494,91732.1525,25:28:52.153,P,,,,0,0,0,30588,0.04,,,
6497,6497,91732.1925,25:28:52.193,I,,1920,1080,0,1,1,107889,0.04,,,
6498,6501,91732.2325,25:28:52.233,B,,,,0,0,0,11706,0.04,,,
6499,6500,91732.2725,25:28:52.273,B,,,,0,0,0,17435,0.04,,,
6500,6502,91732.3125,25:28:52.313,B,,,,0,0,0,10503,0.04,,,
6501,6499,91732.3525,25:28:52.353,B,,,,0,0,0,35089,0.04,,,
6502,6504,91732.3925,25:28:52.393,B,,,,0,0,0,10966,0.04,,,
6503,6503,91732.4325,25:28:52.433,B,,,,0,0,0,18521,0.04,,,
6504,6505,91732.4725,25:28:52.473,B,,,,0,0,0,10599,0.04,,,
6505,6498,91732.5125,25:28:52.513,P,,,,0,0,0,81933,0.04,,,
6506,6509,91732.5525,25:28:52.553,B,,,,0,0,0,9287,0.04,,,
6507,6508,91732.5925,25:28:52.593,B,,,,0,0,0,15890,0.04,,,
6508,6510,91732.6325,25:28:52.633,B,,,,0,0,0,9097,0.04,,,
6509,6507,91732.6725,25:28:52.673,B,,,,0,0,0,32868,0.04,,,
6510,6512,91732.7125,25:28:52.713,B,,,,0,0,0,9883,0.04,,,
6511,6511,91732.7525,25:28:52.753,B,,,,0,0,0,14483,0.04,,,
6512,6513,91732.7925,25:28:52.793,B,,,,0,0,0,9046,0.04,,,
6513,6506,91732.8325,25:28:52.833,P,,,,0,0,0,79977,0.04,,,
6514,6517,91732.8725,25:28:52.873,B,,,,0,0,0,10054,0.04,,,
6515,6516,91732.9125,25:28:52.913,B,,,,0,0,0,17830,0.04,,,
6516,6518,91732.9525,25:28:52.953,B,,,,0,0,0,10880,0.04,,,
6517,6515,91732.9925,25:28:52.993,B,,,,0,0,0,35507,0.04,,,
6518,6520,91733.0325,25:28:53.033,B,,,,0,0,0,9826,0.04,,,
6519,6519,91733.0725,25:28:53.073,B,,,,0,0,0,16583,0.04,,,
6520,6521,91733.1125,25:28:53.113,B,,,,0,0,0,14334,0.04,,,
6521,6514,91733.1525,25:28:53.153,I,,1920,1080,0,0,1,85535,0.04,,,
6522,6525,91733.1925,25:28:53.193,B,,,,0,0,0,10121,0.04,,,
6523,6524,91733.2325,25:28:53.233,B,,,,0,0,0,16210,0.04,,,
6524,6526,91733.2725,25:28:53.273,B,,,,0,0,0,9993,0.04,,,
6525,6523,91733.3125,25:28:53.313,B,,,,0,0,0,33331,0.04,,,
6526,6528,91733.3525,25:28:53.353,B,,,,0,0,0,16910,0.04,,,
6527,6527,91733.3925,25:28:53.393,B,,,,0,0,0,18617,0.04,,,
6528,6529,91733.4325,25:28:53.433,B,,,,0,0,0,25182,0.04,,,
6529,6522,91733.4725,25:28:53.473,P,,,,0,0,0,75443,0.04,,,
6530,6533,91733.5125,25:28:53.513,B,,,,0,0,0,10803,0.04,,,
6531,6532,91733.5525,25:28:53.553,B,,,,0,0,0,18049,0.04,,,
6532,6534,91733.5925,25:28:53.593,B,,,,0,0,0,9988,0.04,,,
6533,6531,91733.6325,25:28:53.633,B,,,,0,0,0,36656,0.04,,,
6534,6536,91733.6725,25:28:53.673,B,,,,0,0,0,11278,0.04,,,
6535,6535,91733.7125,25:28:53.713,B,,,,0,0,0,18259,0.04,,,
6536,6537,91733.7525,25:28:53.753,B,,,,0,0,0,8604,0.04,,,
6537,6530,91733.7925,25:28:53.793,P,,,,0,0,0,75394,0.04,,,
6538,6541,91733.8325,25:28:53.833,B,,,,0,0,0,8754,0.04,,,
6539,6540,91733.8725,25:28:53.873,B,,,,0,0,0,14725,0.04,,,
6540,6542,91733.9125,25:28:53.913,B,,,,0,0,0,8901,0.04,,,
6541,6539,91733.9525,25:28:53.953,B,,,,0,0,0,27942,0.04,,,
6542,6544,91733.9925,25:28:53.993,B,,,,0,0,0,9918,0.04,,,
6543,6543,91734.0325,25:28:54.033,B,,,,0,0,0,12279,0.04,,,
6544,6545,91734.0725,25:28:54.073,B,,,,0,0,0,23526,0.04,,,
6545,6538,91734.1125,25:28:54.113,I,,1920,1080,0,0,1,81820,0.04,,,
6546,6549,91734.1525,25:28:54.153,B,,,,0,0,0,5632,0.04,,,
6547,6548,91734.1925,25:28:54.193,B,,,,0,0,0,8825,0.04,,,
6548,6550,91734.2325,25:28:54.233,B,,,,0,0,0,20774,0.04,,,
6549,6547,91734.2725,25:28:54.273,B,,,,0,0,0,12890,0.04,,,
6550,6552,91734.3125,25:28:54.313,B,,,,0,0,0,23342,0.04,,,
6551,6551,91734.3525,25:28:54.353,B,,,,0,0,0,23526,0.04,,,
6552,6553,91734.3925,25:28:54.393,B,,,,0,0,0,23526,0.04,,,
6553,6546,91734.4325,25:28:54.433,P,,,,0,0,0,69417,0.04,,,
6554,6557,91734.4725,25:28:54.473,B,,,,0,0,0,6243,0.04,,,
6555,6556,91734.5125,25:28:54.513,B,,,,0,0,0,9408,0.04,,,
6556,6558,91734.5525,25:28:54.553,B,,,,0,0,0,23342,0.04,,,
6557,6555,91734.5925,25:28:54.593,B,,,,0,0,0,14908,0.04,,,
6558,6560,91734.6325,25:28:54.633,B,,,,0,0,0,22238,0.04,,,
6559,6559,91734.6725,25:28:54.673,B,,,,0,0,0,23342,0.04,,,
6560,6561,91734.7125,25:28:54.713,B,,,,0,0,0,20766,0.04,,,
6561,6554,91734.7525,25:28:54.753,P,,,,0,0,0,63580,0.04,,,
6562,6563,91734.7925,25:28:54.793,B,,,,0,0,0,5502,0.04,,,
6563,6562,91734.8325,25:28:54.833,P,,,,0,0,0,30848,0.04,,,
6564,6564,91734.8725,25:28:54.873,I,,1920,1080,0,1,1,141057,0.04,,,
6565,6568,91734.9125,25:28:54.913,B,,,,0,0,0,6109,0.04,,,
6566,6567,91734.9525,25:28:54.953,B,,,,0,0,0,9871,0.04,,,
6567,6569,91734.9925,25:28:54.993,B,,,,0,0,0,5752,0.04,,,
6568,6566,91735.0325,25:28:55.033,B,,,,0,0,0,15059,0.04,,,
6569,6571,91735.0725,25:28:55.073,B,,,,0,0,0,6154,0.04,,,
6570,6570,91735.1125,25:28:55.113,B,,,,0,0,0,9746,0.04,,,
6571,6572,91735.1525,25:28:55.153,B,,,,0,0,0,5574,0.04,,,
6572,6565,91735.1925,25:28:55.193,P,,,,0,0,0,60740,0.04,,,
6573,6576,91735.2325,25:28:55.233,B,,,,0,0,0,4747,0.04,,,
6574,6575,91735.2725,25:28:55.273,B,,,,0,0,0,8855,0.04,,,
6575,6577,91735.3125,25:28:55.313,B,,,,0,0,0,5036,0.04,,,
6576,6574,91735.3525,25:28:55.353,B,,,,0,0,0,15888,0.04,,,
6577,6579,91735.3925,25:28:55.393,B,,,,0,0,0,6108,0.04,,,
6578,6578,91735.4325,25:28:55.433,B,,,,0,0,0,9841,0.04,,,
6579,6580,91735.4725,25:28:55.473,B,,,,0,0,0,5863,0.04,,,
6580,6573,91735.5125,25:28:55.513,P,,,,0,0,0,54410,0.04,,,
6581,6584,91735.5525,25:28:55.553,B,,,,0,0,0,5972,0.04,,,
6582,6583,91735.5925,25:28:55.593,B,,,,0,0,0,11530,0.04,,,
6583,6585,91735.6325,25:28:55.633,B,,,,0,0,0,6681,0.04,,,
6584,6582,91735.6725,25:28:55.673,B,,,,0,0,0,20493,0.04,,,
6585,6587,91735.7125,25:28:55.713,B,,,,0,0,0,7145,0.04,,,
6586,6586,91735.7525,25:28:55.753,B,,,,0,0,0,12165,0.04,,,
6587,6588,91735.7925,25:28:55.793,B,,,,0,0,0,6443,0.04,,,
6588,6581,91735.8325,25:28:55.833,I,,1920,1080,0,0,1,136715,0.04,,,
6589,6592,91735.8725,25:28:55.873,B,,,,0,0,0,7107,0.04,,,
6590,6591,91735.9125,25:28:55.913,B,,,,0,0,0,11507,0.04,,,
6591,6593,91735.9525,25:28:55.953,B,,,,0,0,0,7059,0.04,,,
6592,6590,91735.9925,25:28:55.993,B,,,,0,0,0,21086,0.04,,,
6593,6595,91736.0325,25:28:56.033,B,,,,0,0,0,6667,0.04,,,
6594,6594,91736.0725,25:28:56.073,B,,,,0,0,0,12035,0.04,,,
6595,6596,91736.1125,25:28:56.113,B,,,,0,0,0,7425,0.04,,,
6596,6589,91736.1525,25:28:56.153,P,,,,0,0,0,70544,0.04,,,
6597,6600,91736.1925,25:28:56.193,B,,,,0,0,0,7678,0.04,,,
6598,6599,91736.2325,25:28:56.233,B,,,,0,0,0,12884,0.04,,,
6599,6601,91736.2725,25:28:56.273,B,,,,0,0,0,6779,0.04,,,
6600,6598,91736.3125,25:28:56.313,B,,,,0,0,0,21531,0.04,,,
6601,6603,91736.3525,25:28:56.353,B,,,,0,0,0,7246,0.04,,,
6602,6602,91736.3925,25:28:56.393,B,,,,0,0,0,10967,0.04,,,
6603,6604,91736.4325,25:28:56.433,B,,,,0,0,0,5685,0.04,,,
6604,6597,91736.4725,25:28:56.473,P,,,,0,0,0,77637,0.04,,,
6605,6608,91736.5125,25:28:56.513,B,,,,0,0,0,6276,0.04,,,
6606,6607,91736.5525,25:28:56.553,B,,,,0,0,0,11017,0.04,,,
6607,6609,91736.5925,25:28:56.593,B,,,,0,0,0,7171,0.04,,,
6608,6606,91736.6325,25:28:56.633,B,,,,0,0,0,21499,0.04,,,
6609,6611,91736.6725,25:28:56.673,B,,,,0,0,0,7105,0.04,,,
6610,6610,91736.7125,25:28:56.713,B,,,,0,0,0,11502,0.04,,,
6611,6612,91736.7525,25:28:56.753,B,,,,0,0,0,5831,0.04,,,
6612,6605,91736.7925,25:28:56.793,I,,1920,1080,0,0,1,110015,0.04,,,
6613,6616,91736.8325,25:28:56.833,B,,,,0,0,0,5627,0.04,,,
6614,6615,91736.8725,25:28:56.873,B,,,,0,0,0,10958,0.04,,,
6615,6617,91736.9125,25:28:56.913,B,,,,0,0,0,6988,0.04,,,
6616,6614,91736.9525,25:28:56.953,B,,,,0,0,0,24530,0.04,,,
6617,6619,91736.9925,25:28:56.993,B,,,,0,0,0,7189,0.04,,,
6618,6618,91737.0325,25:28:57.033,B,,,,0,0,0,13920,0.04,,,
6619,6620,91737.0725,25:28:57.073,B,,,,0,0,0,6916,0.04,,,
6620,6613,91737.1125,25:28:57.113,P,,,,0,0,0,64166,0.04,,,
6621,6624,91737.1525,25:28:57.153,B,,,,0,0,0,6438,0.04,,,
6622,6623,91737.1925,25:28:57.193,B,,,,0,0,0,8237,0.04,,,
6623,6622,91737.2325,25:28:57.233,B,,,,0,0,0,12846,0.04,,,
6624,6625,91737.2725,25:28:57.273,B,,,,0,0,0,4830,0.04,,,
6625,6621,91737.3125,25:28:57.313,P,,,,0,0,0,50871,0.04,,,
6626,6626,91737.3525,25:28:57.353,I,,1920,1080,0,1,1,119891,0.04,,,
6627,6630,91737.3925,25:28:57.393,B,,,,0,0,0,5555,0.04,,,
6628,6629,91737.4325,25:28:57.433,B,,,,0,0,0,10626,0.04,,,
6629,6631,91737.4725,25:28:57.473,B,,,,0,0,0,5991,0.04,,,
6630,6628,91737.5125,25:28:57.513,B,,,,0,0,0,13409,0.04,,,
6631,6633,91737.5525,25:28:57.553,B,,,,0,0,0,5926,0.04,,,
6632,6632,91737.5925,25:28:57.593,B,,,,0,0,0,7775,0.04,,,
6633,6634,91737.6325,25:28:57.633,B,,,,0,0,0,4356,0.04,,,
6634,6627,91737.6725,25:28:57.673,P,,,,0,0,0,53553,0.04,,,
6635,6638,91737.7125,25:28:57.713,B,,,,0,0,0,3348,0.04,,,
6636,6637,91737.7525,25:28:57.753,B,,,,0,0,0,6237,0.04,,,
6637,6639,91737.7925,25:28:57.793,B,,,,0,0,0,3641,0.04,,,
6638,6636,91737.8325,25:28:57.833,B,,,,0,0,0,10675,0.04,,,
6639,6641,91737.8725,25:28:57.873,B,,,,0,0,0,4225,0.04,,,
6640,6640,91737.9125,25:28:57.913,B,,,,0,0,0,7836,0.04,,,
6641,6642,91737.9525,25:28:57.953,B,,,,0,0,0,4072,0.04,,,
6642,6635,91737.9925,25:28:57.993,P,,,,0,0,0,52261,0.04,,,
6643,6646,91738.0325,25:28:58.033,B,,,,0,0,0,3789,0.04,,,
6644,6645,91738.0725,25:28:58.073,B,,,,0,0,0,5746,0.04,,,
6645,6647,91738.1125,25:28:58.113,B,,,,0,0,0,2283,0.04,,,
6646,6644,91738.1525,25:28:58.153,B,,,,0,0,0,7586,0.04,,,
6647,6649,91738.1925,25:28:58.193,B,,,,0,0,0,2929,0.04,,,
6648,6648,91738.2325,25:28:58.233,B,,,,0,0,0,5040,0.04,,,
6649,6650,91738.2725,25:28:58.273,B,,,,0,0,0,3229,0.04,,,
6650,6643,91738.3125,25:28:58.313,I,,1920,1080,0,0,1,137293,0.04,,,
6651,6654,91738.3525,25:28:58.353,B,,,,0,0,0,4167,0.04,,,
6652,6653,91738.3925,25:28:58.393,B,,,,0,0,0,8221,0.04,,,
6653,6655,91738.4325,25:28:58.433,B,,,,0,0,0,4122,0.04,,,
6654,6652,91738.4725,25:28:58.473,B,,,,0,0,0,14999,0.04,,,
6655,6657,91738.5125,25:28:58.513,B,,,,0,0,0,4839,0.04,,,
6656,6656,91738.5525,25:28:58.553,B,,,,0,0,0,8473,0.04,,,
6657,6658,91738.5925,25:28:58.593,B,,,,0,0,0,5098,0.04,,,
6658,6651,91738.6325,25:28:58.633,P,,,,0,0,0,53001,0.04,,,
6659,6662,91738.6725,25:28:58.673,B,,,,0,0,0,4385,0.04,,,
6660,6661,91738.7125,25:28:58.713,B,,,,0,0,0,9357,0.04,,,
6661,6663,91738.7525,25:28:58.753,B,,,,0,0,0,4466,0.04,,,
6662,6660,91738.7925,25:28:58.793,B,,,,0,0,0,17621,0.04,,,
6663,6665,91738.8325,25:28:58.833,B,,,,0,0,0,5137,0.04,,,
6664,6664,91738.8725,25:28:58.873,B,,,,0,0,0,10220,0.04,,,
6665,6666,91738.9125,25:28:58.913,B,,,,0,0,0,4371,0.04,,,
6666,6659,91738.9525,25:28:58.953,P,,,,0,0,0,64540,0.04,,,
6667,6670,91738.9925,25:28:58.993,B,,,,0,0,0,3445,0.04,,,
6668,6669,91739.0325,25:28:59.033,B,,,,0,0,0,7599,0.04,,,
6669,6671,91739.0725,25:28:59.073,B,,,,0,0,0,4110,0.04,,,
6670,6668,91739.1125,25:28:59.113,B,,,,0,0,0,14071,0.04,,,
6671,6673,91739.1525,25:28:59.153,B,,,,0,0,0,3775,0.04,,,
6672,6672,91739.1925,25:28:59.193,B,,,,0,0,0,7053,0.04,,,
6673,6674,91739.2325,25:28:59.233,B,,,,0,0,0,3501,0.04,,,
6674,6667,91739.2725,25:28:59.273,I,,1920,1080,0,0,1,117122,0.04,,,
6675,6678,91739.3125,25:28:59.313,B,,,,0,0,0,3437,0.04,,,
6676,6677,91739.3525,25:28:59.353,B,,,,0,0,0,6838,0.04,,,
6677,6679,91739.3925,25:28:59.393,B,,,,0,0,0,3121,0.04,,,
6678,6676,91739.4325,25:28:59.433,B,,,,0,0,0,10008,0.04,,,
6679,6681,91739.4725,25:28:59.473,B,,,,0,0,0,4015,0.04,,,
6680,6680,91739.5125,25:28:59.513,B,,,,0,0,0,6676,0.04,,,
6681,6682,91739.5525,25:28:59.553,B,,,,0,0,0,15614,0.04,,,
6682,6675,91739.5925,25:28:59.593,P,,,,0,0,0,37676,0.04,,,
6683,6686,91739.6325,25:28:59.633,B,,,,0,0,0,2919,0.04,,,
6684,6685,91739.6725,25:28:59.673,B,,,,0,0,0,6185,0.04,,,
6685,6687,91739.7125,25:28:59.713,B,,,,0,0,0,15062,0.04,,,
6686,6684,91739.7525,25:28:59.753,B,,,,0,0,0,12336,0.04,,,
6687,6689,91739.7925,25:28:59.793,B,,,,0,0,0,15982,0.04,,,
6688,6688,91739.8325,25:28:59.833,B,,,,0,0,0,15982,0.04,,,
6689,6690,91739.8725,25:28:59.873,B,,,,0,0,0,15062,0.04,,,
6690,6683,91739.9125,25:28:59.913,P,,,,0,0,0,44639,0.04,,,
6691,6692,91739.9525,25:28:59.953,B,,,,0,0,0,6974,0.04,,,
6692,6691,91739.9925,25:28:59.993,P,,,,0,0,0,20337,0.04,,,
6693,6693,91740.0325,25:29:00.033,I,,1920,1080,0,1,1,94187,0.04,,,
6694,6697,91740.0725,25:29:00.073,B,,,,0,0,0,3554,0.04,,,
6695,6696,91740.1125,25:29:00.113,B,,,,0,0,0,4429,0.04,,,
6696,6698,91740.1525,25:29:00.153,B,,,,0,0,0,5872,0.04,,,
6697,6695,91740.1925,25:29:00.193,B,,,,0,0,0,12760,0.04,,,
6698,6700,91740.2325,25:29:00.233,B,,,,0,0,0,7418,0.04,,,
6699,6699,91740.2725,25:29:00.273,B,,,,0,0,0,13642,0.04,,,
6700,6701,91740.3125,25:29:00.313,B,,,,0,0,0,8814,0.04,,,
6701,6694,91740.3525,25:29:00.353,P,,,,0,0,0,31629,0.04,,,
6702,6705,91740.3925,25:29:00.393,B,,,,0,0,0,11784,0.04,,,
6703,6704,91740.4325,25:29:00.433,B,,,,0,0,0,16746,0.04,,,
6704,6703,91740.4725,25:29:00.473,B,,,,0,0,0,35880,0.04,,,
6705,6706,91740.5125,25:29:00.513,B,,,,0,0,0,20239,0.04,,,
6706,6702,91740.5525,25:29:00.553,P,,,,0,0,0,63211,0.04,,,
6707,6710,91740.5925,25:29:00.593,B,,,,0,0,0,22888,0.04,,,
6708,6709,91740.6325,25:29:00.633,B,,,,0,0,0,28455,0.04,,,
6709,6708,91740.6725,25:29:00.673,B,,,,0,0,0,42521,0.04,,,
6710,6711,91740.7125,25:29:00.713,B,,,,0,0,0,18197,0.04,,,
6711,6707,91740.7525,25:29:00.753,P,,,,0,0,0,57950,0.04,,,
6712,6712,91740.7925,25:29:00.793,P,,,,0,0,0,38998,0.04,,,
6713,6713,91740.8325,25:29:00.833,P,,,,0,0,0,37723,0.04,,,
6714,6714,91740.8725,25:29:00.873,P,,,,0,0,0,45727,0.04,,,
6715,6717,91740.9125,25:29:00.913,B,,,,0,0,0,17855,0.04,,,
6716,6716,91740.9525,25:29:00.953,B,,,,0,0,0,16104,0.04,,,
6717,6715,91740.9925,25:29:00.993,I,,1920,1080,0,0,1,65605,0.04,,,
6718,6718,91741.0325,25:29:01.033,P,,,,0,0,0,28663,0.04,,,
6719,6722,91741.0725,25:29:01.073,B,,,,0,0,0,11867,0.04,,,
6720,6721,91741.1125,25:29:01.113,B,,,,0,0,0,20499,0.04,,,
6721,6723,91741.1525,25:29:01.153,B,,,,0,0,0,10591,0.04,,,
6722,6720,91741.1925,25:29:01.193,B,,,,0,0,0,27468,0.04,,,
6723,6725,91741.2325,25:29:01.233,B,,,,0,0,0,10402,0.04,,,
6724,6724,91741.2725,25:29:01.273,B,,,,0,0,0,14911,0.04,,,
6725,6719,91741.3125,25:29:01.313,P,,,,0,0,0,60297,0.04,,,
6726,6726,91741.3525,25:29:01.353,P,,,,0,0,0,40485,0.04,,,
6727,6729,91741.3925,25:29:01.393,B,,,,0,0,0,11192,0.04,,,
6728,6728,91741.4325,25:29:01.433,B,,,,0,0,0,9512,0.04,,,
6729,6730,91741.4725,25:29:01.473,B,,,,0,0,0,6137,0.04,,,
6730,6727,91741.5125,25:29:01.513,P,,,,0,0,0,42680,0.04,,,
6731,6731,91741.5525,25:29:01.553,P,,,,0,0,0,52444,0.04,,,
6732,6734,91741.5925,25:29:01.593,B,,,,0,0,0,12888,0.04,,,
6733,6733,91741.6325,25:29:01.633,B,,,,0,0,0,9057,0.04,,,
6734,6732,91741.6725,25:29:01.673,P,,,,0,0,0,47641,0.04,,,
6735,6737,91741.7125,25:29:01.713,B,,,,0,0,0,1162,0.04,,,
6736,6736,91741.7525,25:29:01.753,B,,,,0,0,0,2775,0.04,,,
6737,6738,91741.7925,25:29:01.793,B,,,,0,0,0,6974,0.04,,,
6738,6735,91741.8325,25:29:01.833,P,,,,0,0,0,41665,0.04,,,
6739,6741,91741.8725,25:29:01.873,B,,,,0,0,0,1459,0.04,,,
6740,6740,91741.9125,25:29:01.913,B,,,,0,0,0,2390,0.04,,,
6741,6742,91741.9525,25:29:01.953,B,,,,0,0,0,1430,0.04,,,
6742,6739,91741.9925,25:29:01.993,I,,1920,1080,0,0,1,107299,0.04,,,
6743,6746,91742.0325,25:29:02.033,B,,,,0,0,0,25923,0.04,,,
6744,6745,91742.0725,25:29:02.073,B,,,,0,0,0,26838,0.04,,,
6745,6744,91742.1125,25:29:02.113,B,,,,0,0,0,13782,0.04,,,
6746,6748,91742.1525,25:29:02.153,B,,,,0,0,0,25734,0.04,,,
6747,6747,91742.1925,25:29:02.193,B,,,,0,0,0,25550,0.04,,,
6748,6743,91742.2325,25:29:02.233,P,,,,0,0,0,37668,0.04,,,
6749,6750,91742.2725,25:29:02.273,B,,,,0,0,0,26470,0.04,,,
6750,6749,91742.3125,25:29:02.313,P,,,,0,0,0,26470,0.04,,,
6751,6751,91742.3525,25:29:02.353,I,,1920,1080,0,1,1,111803,0.04,,,
6752,6755,91742.3925,25:29:02.393,B,,,,0,0,0,6886,0.04,,,
6753,6754,91742.4325,25:29:02.433,B,,,,0,0,0,12459,0.04,,,
6754,6756,91742.4725,25:29:02.473,B,,,,0,0,0,7260,0.04,,,
6755,6753,91742.5125,25:29:02.513,B,,,,0,0,0,21609,0.04,,,
6756,6758,91742.5525,25:29:02.553,B,,,,0,0,0,7233,0.04,,,
6757,6757,91742.5925,25:29:02.593,B,,,,0,0,0,11854,0.04,,,
6758,6759,91742.6325,25:29:02.633,B,,,,0,0,0,6052,0.04,,,
6759,6752,91742.6725,25:29:02.673,P,,,,0,0,0,58407,0.04,,,
6760,6763,91742.7125,25:29:02.713,B,,,,0,0,0,5305,0.04,,,
6761,6762,91742.7525,25:29:02.753,B,,,,0,0,0,10196,0.04,,,
6762,6764,91742.7925,25:29:02.793,B,,,,0,0,0,6119,0.04,,,
6763,6761,91742.8325,25:29:02.833,B,,,,0,0,0,19512,0.04,,,
6764,6766,91742.8725,25:29:02.873,B,,,,0,0,0,6601,0.04,,,
6765,6765,91742.9125,25:29:02.913,B,,,,0,0,0,12138,0.04,,,
6766,6767,91742.9525,25:29:02.953,B,,,,0,0,0,7342,0.04,,,
6767,6760,91742.9925,25:29:02.993,P,,,,0,0,0,59740,0.04,,,
6768,6771,91743.0325,25:29:03.033,B,,,,0,0,0,7142,0.04,,,
6769,6770,91743.0725,25:29:03.073,B,,,,0,0,0,11625,0.04,,,
6770,6772,91743.1125,25:29:03.113,B,,,,0,0,0,6664,0.04,,,
6771,6769,91743.1525,25:29:03.153,B,,,,0,0,0,18341,0.04,,,
6772,6774,91743.1925,25:29:03.193,B,,,,0,0,0,6108,0.04,,,
6773,6773,91743.2325,25:29:03.233,B,,,,0,0,0,9802,0.04,,,
6774,6775,91743.2725,25:29:03.273,B,,,,0,0,0,5971,0.04,,,
6775,6768,91743.3125,25:29:03.313,I,,1920,1080,0,0,1,115954,0.04,,,
6776,6779,91743.3525,25:29:03.353,B,,,,0,0,0,6615,0.04,,,
6777,6778,91743.3925,25:29:03.393,B,,,,0,0,0,11703,0.04,,,
6778,6780,91743.4325,25:29:03.433,B,,,,0,0,0,6776,0.04,,,
6779,6777,91743.4725,25:29:03.473,B,,,,0,0,0,17384,0.04,,,
6780,6782,91743.5125,25:29:03.513,B,,,,0,0,0,5930,0.04,,,
6781,6781,91743.5525,25:29:03.553,B,,,,0,0,0,8463,0.04,,,
6782,6783,91743.5925,25:29:03.593,B,,,,0,0,0,12494,0.04,,,
6783,6776,91743.6325,25:29:03.633,P,,,,0,0,0,67760,0.04,,,
6784,6787,91743.6725,25:29:03.673,B,,,,0,0,0,3396,0.04,,,
6785,6786,91743.7125,25:29:03.713,B,,,,0,0,0,7163,0.04,,,
6786,6788,91743.7525,25:29:03.753,B,,,,0,0,0,10102,0.04,,,
6787,6785,91743.7925,25:29:03.793,B,,,,0,0,0,14064,0.04,,,
6788,6790,91743.8325,25:29:03.833,B,,,,0,0,0,17454,0.04,,,
6789,6789,91743.8725,25:29:03.873,B,,,,0,0,0,17822,0.04,,,
6790,6791,91743.9125,25:29:03.913,B,,,,0,0,0,16902,0.04,,,
6791,6784,91743.9525,25:29:03.953,P,,,,0,0,0,57184,0.04,,,
6792,6795,91743.9925,25:29:03.993,B,,,,0,0,0,3144,0.04,,,
6793,6794,91744.0325,25:29:04.033,B,,,,0,0,0,4824,0.04,,,
6794,6796,91744.0725,25:29:04.073,B,,,,0,0,0,2227,0.04,,,
6795,6793,91744.1125,25:29:04.113,B,,,,0,0,0,8803,0.04,,,
6796,6798,91744.1525,25:29:04.153,B,,,,0,0,0,3368,0.04,,,
6797,6797,91744.1925,25:29:04.193,B,,,,0,0,0,6233,0.04,,,
6798,6799,91744.2325,25:29:04.233,B,,,,0,0,0,3275,0.04,,,
6799,6792,91744.2725,25:29:04.273,I,,1920,1080,0,0,1,118347,0.04,,,
6800,6803,91744.3125,25:29:04.313,B,,,,0,0,0,3577,0.04,,,
6801,6802,91744.3525,25:29:04.353,B,,,,0,0,0,6141,0.04,,,
6802,6804,91744.3925,25:29:04.393,B,,,,0,0,0,8998,0.04,,,
6803,6801,91744.4325,25:29:04.433,B,,,,0,0,0,8045,0.04,,,
6804,6806,91744.4725,25:29:04.473,B,,,,0,0,0,16902,0.04,,,
6805,6805,91744.5125,25:29:04.513,B,,,,0,0,0,16534,0.04,,,
6806,6807,91744.5525,25:29:04.553,B,,,,0,0,0,16902,0.04,,,
6807,6800,91744.5925,25:29:04.593,P,,,,0,0,0,40358,0.04,,,
6808,6811,91744.6325,25:29:04.633,B,,,,0,0,0,2563,0.04,,,
6809,6810,91744.6725,25:29:04.673,B,,,,0,0,0,4565,0.04,,,
6810,6812,91744.7125,25:29:04.713,B,,,,0,0,0,16350,0.04,,,
6811,6809,91744.7525,25:29:04.753,B,,,,0,0,0,11577,0.04,,,
6812,6814,91744.7925,25:29:04.793,B,,,,0,0,0,16534,0.04,,,
6813,6813,91744.8325,25:29:04.833,B,,,,0,0,0,16350,0.04,,,
6814,6815,91744.8725,25:29:04.873,B,,,,0,0,0,15614,0.04,,,
6815,6808,91744.9125,25:29:04.913,P,,,,0,0,0,46769,0.04,,,
6816,6816,91744.9525,25:29:04.953,I,,1920,1080,0,1,1,110846,0.04,40ms,,duration变为40ms
6817,6817,91744.9725,25:29:04.973,P,场,,,0,0,0,29598,0.02,20ms,,场/帧模式切换;duration变为20ms
6818,6824,91744.9925,25:29:04.993,B,场,,,0,0,0,8053,0.02,,,
6819,6825,91745.0125,25:29:05.013,B,场,,,0,0,0,7214,0.02,,,
6820,6822,91745.0325,25:29:05.033,B,场,,,0,0,0,11220,0.02,,,
6821,6823,91745.0525,25:29:05.053,B,场,,,0,0,0,9320,0.02,,,
6822,6826,91745.0725,25:29:05.073,B,场,,,0,0,0,4469,0.02,,,
6823,6827,91745.0925,25:29:05.093,B,场,,,0,0,0,5537,0.02,,,
6824,6820,91745.1125,25:29:05.113,B,场,,,0,0,0,31180,0.02,,,
6825,6821,91745.1325,25:29:05.133,B,场,,,0,0,0,13163,0.02,,,
6826,6830,91745.1525,25:29:05.153,B,场,,,0,0,0,6015,0.02,,,
6827,6831,91745.1725,25:29:05.173,B,场,,,0,0,0,5040,0.02,,,
6828,6828,91745.1925,25:29:05.193,B,场,,,0,0,0,14186,0.02,,,
6829,6829,91745.2125,25:29:05.213,B,场,,,0,0,0,8863,0.02,,,
6830,6832,91745.2325,25:29:05.233,B,场,,,0,0,0,4680,0.02,,,
6831,6833,91745.2525,25:29:05.253,B,场,,,0,0,0,3620,0.02,,,
6832,6818,91745.2725,25:29:05.273,P,场,,,0,0,0,46623,0.02,,,
6833,6819,91745.2925,25:29:05.293,P,场,,,0,0,0,29678,0.02,,,
6834,6840,91745.3125,25:29:05.313,B,场,,,0,0,0,3689,0.02,,,
6835,6841,91745.3325,25:29:05.333,B,场,,,0,0,0,3706,0.02,,,
6836,6838,91745.3525,25:29:05.353,B,场,,,0,0,0,6700,0.02,,,
6837,6839,91745.3725,25:29:05.373,B,场,,,0,0,0,6484,0.02,,,
6838,6842,91745.3925,25:29:05.393,B,场,,,0,0,0,4875,0.02,,,
6839,6843,91745.4125,25:29:05.413,B,场,,,0,0,0,4361,0.02,,,
6840,6836,91745.4325,25:29:05.433,B,场,,,0,0,0,11409,0.02,,,
6841,6837,91745.4525,25:29:05.453,B,场,,,0,0,0,9877,0.02,,,
6842,6846,91745.4725,25:29:05.473,B,场,,,0,0,0,4375,0.02,,,
6843,6847,91745.4925,25:29:05.493,B,场,,,0,0,0,5658,0.02,,,
6844,6844,91745.5125,25:29:05.513,B,场,,,0,0,0,7901,0.02,,,
6845,6845,91745.5325,25:29:05.533,B,场,,,0,0,0,6820,0.02,,,
6846,6848,91745.5525,25:29:05.553,B,场,,,0,0,0,5065,0.02,,,
6847,6849,91745.5725,25:29:05.573,B,场,,,0,0,0,3966,0.02,,,
6848,6834,91745.5925,25:29:05.593,P,场,,,0,0,0,39879,0.02,,,
6849,6835,91745.6125,25:29:05.613,P,场,,,0,0,0,21540,0.02,,,
6850,6853,91745.6325,25:29:05.633,B,帧,,,0,0,0,8152,0.02,20ms,,场/帧模式切换;duration变为20ms
6851,6852,91745.6725,25:29:05.673,B,帧,,,0,0,0,14236,0.04,40ms,,duration变为40ms
6852,6854,91745.7125,25:29:05.713,B,帧,,,0,0,0,10166,0.04,,,
6853,6851,91745.7525,25:29:05.753,B,帧,,,0,0,0,27347,0.04,,,
6854,6856,91745.7925,25:29:05.793,B,帧,,,0,0,0,9959,0.04,,,
6855,6855,91745.8325,25:29:05.833,B,帧,,,0,0,0,15663,0.04,,,
6856,6857,91745.8725,25:29:05.873,B,帧,,,0,0,0,10874,0.04,,,
6857,6850,91745.9125,25:29:05.913,I,帧,1920,1080,0,0,1,162598,0.04,,,
6858,6861,91745.9525,25:29:05.953,B,帧,,,0,0,0,10336,0.04,,,
6859,6860,91745.9925,25:29:05.993,B,帧,,,0,0,0,19363,0.04,,,
6860,6862,91746.0325,25:29:06.033,B,帧,,,0,0,0,12265,0.04,,,
6861,6859,91746.0725,25:29:06.073,B,帧,,,0,0,0,33600,0.04,,,
6862,6864,91746.1125,25:29:06.113,B,帧,,,0,0,0,12810,0.04,,,
6863,6863,91746.1525,25:29:06.153,B,帧,,,0,0,0,21399,0.04,,,
6864,6865,91746.1925,25:29:06.193,B,帧,,,0,0,0,13042,0.04,,,
6865,6858,91746.2325,25:29:06.233,P,帧,,,0,0,0,75841,0.04,,,
6866,6869,91746.2725,25:29:06.273,B,帧,,,0,0,0,14024,0.04,,,
6867,6868,91746.3125,25:29:06.313,B,帧,,,0,0,0,20830,0.04,,,
6868,6870,91746.3525,25:29:06.353,B,帧,,,0,0,0,12945,0.04,,,
6869,6867,91746.3925,25:29:06.393,B,帧,,,0,0,0,37638,0.04,,,
6870,6872,91746.4325,25:29:06.433,B,帧,,,0,0,0,13412,0.04,,,
6871,6871,91746.4725,25:29:06.473,B,帧,,,0,0,0,21322,0.04,,,
6872,6873,91746.5125,25:29:06.513,B,帧,,,0,0,0,13774,0.04,,,
6873,6866,91746.5525,25:29:06.553,P,帧,,,0,0,0,84368,0.04,,,
6874,6877,91746.5925,25:29:06.593,B,帧,,,0,0,0,13521,0.04,,,
6875,6876,91746.6325,25:29:06.633,B,帧,,,0,0,0,24087,0.04,,,
6876,6878,91746.6725,25:29:06.673,B,帧,,,0,0,0,13812,0.04,,,
6877,6875,91746.7125,25:29:06.713,B,帧,,,0,0,0,29496,0.04,,,
6878,6880,91746.7525,25:29:06.753,B,帧,,,0,0,0,14333,0.04,,,
6879,6879,91746.7925,25:29:06.793,B,帧,,,0,0,0,23172,0.04,,,
6880,6881,91746.8325,25:29:06.833,B,帧,,,0,0,0,14302,0.04,,,
6881,6874,91746.8725,25:29:06.873,I,帧,1920,1080,0,0,1,109433,0.04,,,
6882,6885,91746.9125,25:29:06.913,B,帧,,,0,0,0,14395,0.04,,,
6883,6884,91746.9525,25:29:06.953,B,帧,,,0,0,0,24119,0.04,,,
6884,6886,91746.9925,25:29:06.993,B,帧,,,0,0,0,15274,0.04,,,
6885,6883,91747.0325,25:29:07.033,B,帧,,,0,0,0,29713,0.04,,,
6886,6888,91747.0725,25:29:07.073,B,帧,,,0,0,0,14877,0.04,,,
6887,6887,91747.1125,25:29:07.113,B,帧,,,0,0,0,19557,0.04,,,
6888,6889,91747.1525,25:29:07.153,B,帧,,,0,0,0,12705,0.04,,,
6889,6882,91747.1925,25:29:07.193,P,帧,,,0,0,0,75285,0.04,,,
6890,6893,91747.2325,25:29:07.233,B,帧,,,0,0,0,10823,0.04,,,
6891,6892,91747.2725,25:29:07.273,B,帧,,,0,0,0,17697,0.04,,,
6892,6894,91747.3125,25:29:07.313,B,帧,,,0,0,0,11093,0.04,,,
6893,6891,91747.3525,25:29:07.353,B,帧,,,0,0,0,24462,0.04,,,
6894,6896,91747.3925,25:29:07.393,B,帧,,,0,0,0,11685,0.04,,,
6895,6895,91747.4325,25:29:07.433,B,帧,,,0,0,0,16421,0.04,,,
6896,6897,91747.4725,25:29:07.473,B,帧,,,0,0,0,11099,0.04,,,
6897,6890,91747.5125,25:29:07.513,P,帧,,,0,0,0,73833,0.04,,,
6898,6901,91747.5525,25:29:07.553,B,帧,,,0,0,0,11181,0.04,,,
6899,6900,91747.5925,25:29:07.593,B,帧,,,0,0,0,16128,0.04,,,
6900,6902,91747.6325,25:29:07.633,B,帧,,,0,0,0,11872,0.04,,,
6901,6899,91747.6725,25:29:07.673,B,帧,,,0,0,0,22597,0.04,,,
6902,6904,91747.7125,25:29:07.713,B,帧,,,0,0,0,11892,0.04,,,
6903,6903,91747.7525,25:29:07.753,B,帧,,,0,0,0,15283,0.04,,,
6904,6905,91747.7925,25:29:07.793,B,帧,,,0,0,0,10804,0.04,,,
6905,6898,91747.8325,25:29:07.833,I,帧,1920,1080,0,0,1,138929,0.04,,,
6906,6909,91747.8725,25:29:07.873,B,帧,,,0,0,0,11205,0.04,,,
6907,6908,91747.9125,25:29:07.913,B,帧,,,0,0,0,15780,0.04,,,
6908,6910,91747.9525,25:29:07.953,B,帧,,,0,0,0,10399,0.04,,,
6909,6907,91747.9925,25:29:07.993,B,帧,,,0,0,0,23407,0.04,,,
6910,6912,91748.0325,25:29:08.033,B,帧,,,0,0,0,7999,0.04,,,
6911,6911,91748.0725,25:29:08.073,B,帧,,,0,0,0,8429,0.04,,,
6912,6913,91748.1125,25:29:08.113,B,帧,,,0,0,0,4892,0.04,,,
6913,6906,91748.1525,25:29:08.153,P,帧,,,0,0,0,97789,0.04,,,
6914,6916,91748.1925,25:29:08.193,B,帧,,,0,0,0,3531,0.04,,,
6915,6915,91748.2325,25:29:08.233,B,帧,,,0,0,0,2118,0.04,,,
6916,6914,91748.2725,25:29:08.273,P,帧,,,0,0,0,43408,0.04,,,
6917,6917,91748.3125,25:29:08.313,I,,1920,1080,0,1,1,75193,0.04,,,
6918,6920,91748.3525,25:29:08.353,B,,,,0,0,0,12101,0.04,,,
6919,6919,91748.3925,25:29:08.393,B,,,,0,0,0,20816,0.04,,,
6920,6918,91748.4325,25:29:08.433,P,,,,0,0,0,44655,0.04,,,
6921,6921,91748.4725,25:29:08.473,P,,,,0,0,0,41890,0.04,,,
6922,6925,91748.5125,25:29:08.513,B,,,,0,0,0,24122,0.04,,,
6923,6924,91748.5525,25:29:08.553,B,,,,0,0,0,26224,0.04,,,
6924,6923,91748.5925,25:29:08.593,B,,,,0,0,0,44994,0.04,,,
6925,6926,91748.6325,25:29:08.633,B,,,,0,0,0,19836,0.04,,,
6926,6922,91748.6725,25:29:08.673,P,,,,0,0,0,50212,0.04,,,
6927,6930,91748.7125,25:29:08.713,B,,,,0,0,0,19843,0.04,,,
6928,6929,91748.7525,25:29:08.753,B,,,,0,0,0,23687,0.04,,,
6929,6928,91748.7925,25:29:08.793,B,,,,0,0,0,30889,0.04,,,
6930,6931,91748.8325,25:29:08.833,B,,,,0,0,0,13470,0.04,,,
6931,6927,91748.8725,25:29:08.873,P,,,,0,0,0,52778,0.04,,,
6932,6934,91748.9125,25:29:08.913,B,,,,0,0,0,11301,0.04,,,
6933,6933,91748.9525,25:29:08.953,B,,,,0,0,0,14643,0.04,,,
6934,6935,91748.9925,25:29:08.993,B,,,,0,0,0,9474,0.04,,,
6935,6932,91749.0325,25:29:09.033,P,,,,0,0,0,48581,0.04,,,
6936,6937,91749.0725,25:29:09.073,B,,,,0,0,0,5586,0.04,,,
6937,6936,91749.1125,25:29:09.113,P,,,,0,0,0,34811,0.04,,,
6938,6939,91749.1525,25:29:09.153,B,,,,0,0,0,4656,0.04,,,
6939,6938,91749.1925,25:29:09.193,P,,,,0,0,0,32557,0.04,,,
6940,6942,91749.2325,25:29:09.233,B,,,,0,0,0,4632,0.04,,,
6941,6941,91749.2725,25:29:09.273,B,,,,0,0,0,7461,0.04,,,
6942,6940,91749.3125,25:29:09.313,I,,1920,1080,0,0,1,66435,0.04,,,
6943,6945,91749.3525,25:29:09.353,B,,,,0,0,0,7807,0.04,,,
6944,6944,91749.3925,25:29:09.393,B,,,,0,0,0,8821,0.04,,,
6945,6943,91749.4325,25:29:09.433,P,,,,0,0,0,35219,0.04,,,
6946,6948,91749.4725,25:29:09.473,B,,,,0,0,0,8099,0.04,,,
6947,6947,91749.5125,25:29:09.513,B,,,,0,0,0,9856,0.04,,,
6948,6946,91749.5525,25:29:09.553,P,,,,0,0,0,39689,0.04,,,
6949,6949,91749.5925,25:29:09.593,P,,,,0,0,0,38529,0.04,,,
6950,6952,91749.6325,25:29:09.633,B,,,,0,0,0,5711,0.04,,,
6951,6951,91749.6725,25:29:09.673,B,,,,0,0,0,7191,0.04,,,
6952,6953,91749.7125,25:29:09.713,B,,,,0,0,0,6019,0.04,,,
6953,6950,91749.7525,25:29:09.753,P,,,,0,0,0,42266,0.04,,,
6954,6956,91749.7925,25:29:09.793,B,,,,0,0,0,8528,0.04,,,
6955,6955,91749.8325,25:29:09.833,B,,,,0,0,0,14302,0.04,,,
6956,6957,91749.8725,25:29:09.873,B,,,,0,0,0,6564,0.04,,,
6957,6954,91749.9125,25:29:09.913,P,,,,0,0,0,43625,0.04,,,
6958,6960,91749.9525,25:29:09.953,B,,,,0,0,0,9182,0.04,,,
6959,6959,91749.9925,25:29:09.993,B,,,,0,0,0,8000,0.04,,,
6960,6961,91750.0325,25:29:10.033,B,,,,0,0,0,21502,0.04,,,
6961,6958,91750.0725,25:29:10.073,P,,,,0,0,0,34703,0.04,,,
6962,6964,91750.1125,25:29:10.113,B,,,,0,0,0,22054,0.04,,,
6963,6963,91750.1525,25:29:10.153,B,,,,0,0,0,20214,0.04,,,
6964,6962,91750.1925,25:29:10.193,P,,,,0,0,0,21365,0.04,,,
6965,6965,91750.2325,25:29:10.233,P,,,,0,0,0,21686,0.04,,,
6966,6966,91750.2725,25:29:10.273,P,,,,0,0,0,19846,0.04,,,
6967,6967,91750.3125,25:29:10.313,I,,1920,1080,0,1,1,50821,0.04,,,
6968,6968,91750.3525,25:29:10.353,P,,,,0,0,0,17158,0.04,,,
6969,6969,91750.3925,25:29:10.393,P,,,,0,0,0,23796,0.04,,,
6970,6970,91750.4325,25:29:10.433,P,,,,0,0,0,23998,0.04,,,
6971,6971,91750.4725,25:29:10.473,P,,,,0,0,0,29723,0.04,,,
6972,6972,91750.5125,25:29:10.513,P,,,,0,0,0,30385,0.04,,,
6973,6973,91750.5525,25:29:10.553,P,,,,0,0,0,26201,0.04,,,
6974,6974,91750.5925,25:29:10.593,I,,1920,1080,0,1,1,119749,0.04,,,
6975,6978,91750.6325,25:29:10.633,B,,,,0,0,0,7129,0.04,,,
6976,6977,91750.6725,25:29:10.673,B,,,,0,0,0,8563,0.04,,,
6977,6979,91750.7125,25:29:10.713,B,,,,0,0,0,5135,0.04,,,
6978,6976,91750.7525,25:29:10.753,B,,,,0,0,0,11462,0.04,,,
6979,6981,91750.7925,25:29:10.793,B,,,,0,0,0,4679,0.04,,,
6980,6980,91750.8325,25:29:10.833,B,,,,0,0,0,7559,0.04,,,
6981,6982,91750.8725,25:29:10.873,B,,,,0,0,0,5626,0.04,,,
6982,6975,91750.9125,25:29:10.913,P,,,,0,0,0,39440,0.04,,,
6983,6986,91750.9525,25:29:10.953,B,,,,0,0,0,4762,0.04,,,
6984,6985,91750.9925,25:29:10.993,B,,,,0,0,0,6937,0.04,,,
6985,6987,91751.0325,25:29:11.033,B,,,,0,0,0,3999,0.04,,,
6986,6984,91751.0725,25:29:11.073,B,,,,0,0,0,11121,0.04,,,
6987,6989,91751.1125,25:29:11.113,B,,,,0,0,0,3688,0.04,,,
6988,6988,91751.1525,25:29:11.153,B,,,,0,0,0,7151,0.04,,,
6989,6990,91751.1925,25:29:11.193,B,,,,0,0,0,4162,0.04,,,
6990,6983,91751.2325,25:29:11.233,P,,,,0,0,0,47789,0.04,,,
6991,6994,91751.2725,25:29:11.273,B,,,,0,0,0,3677,0.04,,,
6992,6993,91751.3125,25:29:11.313,B,,,,0,0,0,7267,0.04,,,
6993,6995,91751.3525,25:29:11.353,B,,,,0,0,0,4778,0.04,,,
6994,6992,91751.3925,25:29:11.393,B,,,,0,0,0,11318,0.04,,,
6995,6997,91751.4325,25:29:11.433,B,,,,0,0,0,5362,0.04,,,
6996,6996,91751.4725,25:29:11.473,B,,,,0,0,0,8893,0.04,,,
6997,6998,91751.5125,25:29:11.513,B,,,,0,0,0,5429,0.04,,,
6998,6991,91751.5525,25:29:11.553,I,,1920,1080,0,0,1,130206,0.04,,,
6999,7002,91751.5925,25:29:11.593,B,,,,0,0,0,4351,0.04,,,
7000,7001,91751.6325,25:29:11.633,B,,,,0,0,0,7684,0.04,,,
7001,7003,91751.6725,25:29:11.673,B,,,,0,0,0,5046,0.04,,,
7002,7000,91751.7125,25:29:11.713,B,,,,0,0,0,13247,0.04,,,
7003,7005,91751.7525,25:29:11.753,B,,,,0,0,0,4718,0.04,,,
7004,7004,91751.7925,25:29:11.793,B,,,,0,0,0,9136,0.04,,,
7005,7006,91751.8325,25:29:11.833,B,,,,0,0,0,6173,0.04,,,
7006,6999,91751.8725,25:29:11.873,P,,,,0,0,0,57505,0.04,,,
7007,7010,91751.9125,25:29:11.913,B,,,,0,0,0,5404,0.04,,,
7008,7009,91751.9525,25:29:11.953,B,,,,0,0,0,7944,0.04,,,
7009,7011,91751.9925,25:29:11.993,B,,,,0,0,0,3740,0.04,,,
7010,7008,91752.0325,25:29:12.033,B,,,,0,0,0,14991,0.04,,,
7011,7013,91752.0725,25:29:12.073,B,,,,0,0,0,3524,0.04,,,
7012,7012,91752.1125,25:29:12.113,B,,,,0,0,0,7782,0.04,,,
7013,7014,91752.1525,25:29:12.153,B,,,,0,0,0,3932,0.04,,,
7014,7007,91752.1925,25:29:12.193,P,,,,0,0,0,50048,0.04,,,
7015,7018,91752.2325,25:29:12.233,B,,,,0,0,0,2634,0.04,,,
7016,7017,91752.2725,25:29:12.273,B,,,,0,0,0,5364,0.04,,,
7017,7019,91752.3125,25:29:12.313,B,,,,0,0,0,2938,0.04,,,
7018,7016,91752.3525,25:29:12.353,B,,,,0,0,0,10908,0.04,,,
7019,7021,91752.3925,25:29:12.393,B,,,,0,0,0,3627,0.04,,,
7020,7020,91752.4325,25:29:12.433,B,,,,0,0,0,5706,0.04,,,
7021,7022,91752.4725,25:29:12.473,B,,,,0,0,0,3346,0.04,,,
7022,7015,91752.5125,25:29:12.513,I,,1920,1080,0,0,1,114920,0.04,,,
7023,7026,91752.5525,25:29:12.553,B,,,,0,0,0,2493,0.04,,,
7024,7025,91752.5925,25:29:12.593,B,,,,0,0,0,4695,0.04,,,
7025,7027,91752.6325,25:29:12.633,B,,,,0,0,0,3153,0.04,,,
7026,7024,91752.6725,25:29:12.673,B,,,,0,0,0,8016,0.04,,,
7027,7029,91752.7125,25:29:12.713,B,,,,0,0,0,8262,0.04,,,
7028,7028,91752.7525,25:29:12.753,B,,,,0,0,0,5814,0.04,,,
7029,7030,91752.7925,25:29:12.793,B,,,,0,0,0,15062,0.04,,,
7030,7023,91752.8325,25:29:12.833,P,,,,0,0,0,35612,0.04,,,
7031,7034,91752.8725,25:29:12.873,B,,,,0,0,0,4638,0.04,,,
7032,7033,91752.9125,25:29:12.913,B,,,,0,0,0,7297,0.04,,,
7033,7035,91752.9525,25:29:12.953,B,,,,0,0,0,4582,0.04,,,
7034,7032,91752.9925,25:29:12.993,B,,,,0,0,0,13762,0.04,,,
7035,7037,91753.0325,25:29:13.033,B,,,,0,0,0,14510,0.04,,,
7036,7036,91753.0725,25:29:13.073,B,,,,0,0,0,15062,0.04,,,
7037,7038,91753.1125,25:29:13.113,B,,,,0,0,0,13222,0.04,,,
7038,7031,91753.1525,25:29:13.153,P,,,,0,0,0,46060,0.04,,,
7039,7042,91753.1925,25:29:13.193,B,,,,0,0,0,4017,0.04,,,
7040,7041,91753.2325,25:29:13.233,B,,,,0,0,0,7101,0.04,,,
7041,7043,91753.2725,25:29:13.273,B,,,,0,0,0,4515,0.04,,,
7042,7040,91753.3125,25:29:13.313,B,,,,0,0,0,13466,0.04,,,
7043,7045,91753.3525,25:29:13.353,B,,,,0,0,0,4197,0.04,,,
7044,7044,91753.3925,25:29:13.393,B,,,,0,0,0,7034,0.04,,,
7045,7046,91753.4325,25:29:13.433,B,,,,0,0,0,4585,0.04,,,
7046,7039,91753.4725,25:29:13.473,I,,1920,1080,0,0,1,98149,0.04,,,
7047,7050,91753.5125,25:29:13.513,B,,,,0,0,0,3843,0.04,,,
7048,7049,91753.5525,25:29:13.553,B,,,,0,0,0,6723,0.04,,,
7049,7051,91753.5925,25:29:13.593,B,,,,0,0,0,3887,0.04,,,
7050,7048,91753.6325,25:29:13.633,B,,,,0,0,0,10843,0.04,,,
7051,7053,91753.6725,25:29:13.673,B,,,,0,0,0,3468,0.04,,,
7052,7052,91753.7125,25:29:13.713,B,,,,0,0,0,5522,0.04,,,
7053,7054,91753.7525,25:29:13.753,B,,,,0,0,0,3643,0.04,,,
7054,7047,91753.7925,25:29:13.793,P,,,,0,0,0,46898,0.04,,,
7055,7058,91753.8325,25:29:13.833,B,,,,0,0,0,3047,0.04,,,
7056,7057,91753.8725,25:29:13.873,B,,,,0,0,0,4691,0.04,,,
7057,7059,91753.9125,25:29:13.913,B,,,,0,0,0,1986,0.04,,,
7058,7056,91753.9525,25:29:13.953,B,,,,0,0,0,9160,0.04,,,
7059,7061,91753.9925,25:29:13.993,B,,,,0,0,0,3157,0.04,,,
7060,7060,91754.0325,25:29:14.033,B,,,,0,0,0,5882,0.04,,,
7061,7062,91754.0725,25:29:14.073,B,,,,0,0,0,4107,0.04,,,
7062,7055,91754.1125,25:29:14.113,P,,,,0,0,0,39540,0.04,,,
7063,7066,91754.1525,25:29:14.153,B,,,,0,0,0,4447,0.04,,,
7064,7065,91754.1925,25:29:14.193,B,,,,0,0,0,7483,0.04,,,
7065,7067,91754.2325,25:29:14.233,B,,,,0,0,0,5143,0.04,,,
7066,7064,91754.2725,25:29:14.273,B,,,,0,0,0,15299,0.04,,,
7067,7069,91754.3125,25:29:14.313,B,,,,0,0,0,5771,0.04,,,
7068,7068,91754.3525,25:29:14.353,B,,,,0,0,0,9122,0.04,,,
7069,7070,91754.3925,25:29:14.393,B,,,,0,0,0,5344,0.04,,,
7070,7063,91754.4325,25:29:14.433,I,,1920,1080,0,0,1,96309,0.04,,,
7071,7074,91754.4725,25:29:14.473,B,,,,0,0,0,4270,0.04,,,
7072,7073,91754.5125,25:29:14.513,B,,,,0,0,0,5982,0.04,,,
7073,7075,91754.5525,25:29:14.553,B,,,,0,0,0,4296,0.04,,,
7074,7072,91754.5925,25:29:14.593,B,,,,0,0,0,14766,0.04,,,
7075,7077,91754.6325,25:29:14.633,B,,,,0,0,0,3819,0.04,,,
7076,7076,91754.6725,25:29:14.673,B,,,,0,0,0,5963,0.04,,,
7077,7078,91754.7125,25:29:14.713,B,,,,0,0,0,3513,0.04,,,
7078,7071,91754.7525,25:29:14.753,P,,,,0,0,0,54002,0.04,,,
7079,7080,91754.7925,25:29:14.793,B,,,,0,0,0,2005,0.04,,,
7080,7079,91754.8325,25:29:14.833,P,,,,0,0,0,19075,0.04,,,
7081,7081,91754.8725,25:29:14.873,I,,1920,1080,0,1,1,56524,0.04,,,
7082,7082,91754.8925,25:29:14.893,P,场,,,0,0,0,16801,0.04,,,场/帧模式切换
7083,7085,91754.9125,25:29:14.913,B,帧,,,0,0,0,4878,0.04,,,场/帧模式切换
7084,7084,91754.9525,25:29:14.953,B,帧,,,0,0,0,5681,0.04,,,
7085,7083,91754.9925,25:29:14.993,P,帧,,,0,0,0,51065,0.04,,,
7086,7086,91755.0325,25:29:15.033,P,帧,,,0,0,0,33969,0.04,,,
7087,7087,91755.0725,25:29:15.073,P,场,,,0,0,0,6550,0.04,40ms,,场/帧模式切换;duration变为40ms
7088,7088,91755.0925,25:29:15.093,P,场,,,0,0,0,8607,0.02,20ms,,duration变为20ms
7089,7089,91755.1125,25:29:15.113,I,,1920,1080,0,1,1,5652,0.02,,,
7090,7090,91755.1325,25:29:15.133,P,场,,,0,0,0,7459,0.02,,,
7091,7095,91755.1525,25:29:15.153,B,场,,,0,0,0,6553,0.02,,,
7092,7096,91755.1725,25:29:15.173,B,场,,,0,0,0,4117,0.02,,,
7093,7093,91755.1925,25:29:15.193,B,场,,,0,0,0,9913,0.02,,,
7094,7094,91755.2125,25:29:15.213,B,场,,,0,0,0,5349,0.02,,,
7095,7091,91755.2325,25:29:15.233,P,场,,,0,0,0,23312,0.02,,,
7096,7092,91755.2525,25:29:15.253,P,场,,,0,0,0,12923,0.02,,,
7097,7099,91755.2725,25:29:15.273,B,帧,,,0,0,0,21236,0.02,20ms,,场/帧模式切换;duration变为20ms
7098,7098,91755.3125,25:29:15.313,B,帧,,,0,0,0,39404,0.04,40ms,,duration变为40ms
7099,7097,91755.3525,25:29:15.353,P,帧,,,0,0,0,80582,0.04,,,
7100,7102,91755.3925,25:29:15.393,B,帧,,,0,0,0,16445,0.04,,,
7101,7101,91755.4325,25:29:15.433,B,帧,,,0,0,0,22479,0.04,,,
7102,7100,91755.4725,25:29:15.473,P,帧,,,0,0,0,74397,0.04,,,
7103,7105,91755.5125,25:29:15.513,B,帧,,,0,0,0,19204,0.04,,,
7104,7104,91755.5525,25:29:15.553,B,帧,,,0,0,0,28158,0.04,,,
7105,7103,91755.5925,25:29:15.593,P,帧,,,0,0,0,75093,0.04,,,
7106,7106,91755.6325,25:29:15.633,P,帧,,,0,0,0,63941,0.04,,,
7107,7108,91755.6725,25:29:15.673,B,帧,,,0,0,0,24658,0.04,,,
7108,7107,91755.7125,25:29:15.713,P,帧,,,0,0,0,78571,0.04,,,
7109,7109,91755.7525,25:29:15.753,P,帧,,,0,0,0,66087,0.04,,,
7110,7112,91755.7925,25:29:15.793,B,帧,,,0,0,0,22205,0.04,,,
7111,7111,91755.8325,25:29:15.833,B,帧,,,0,0,0,35586,0.04,,,
7112,7113,91755.8725,25:29:15.873,B,帧,,,0,0,0,20457,0.04,,,
7113,7110,91755.9125,25:29:15.913,P,帧,,,0,0,0,88178,0.04,,,
7114,7117,91755.9525,25:29:15.953,B,帧,,,0,0,0,15384,0.04,,,
7115,7116,91755.9925,25:29:15.993,B,帧,,,0,0,0,17125,0.04,,,
7116,7115,91756.0325,25:29:16.033,B,帧,,,0,0,0,15400,0.04,,,
7117,7118,91756.0725,25:29:16.073,B,帧,,,0,0,0,4461,0.04,,,
7118,7114,91756.1125,25:29:16.113,I,帧,1920,1080,0,0,1,134120,0.04,,,
7119,7120,91756.1525,25:29:16.153,B,帧,,,0,0,0,2888,0.04,,,
7120,7119,91756.1925,25:29:16.193,P,帧,,,0,0,0,13623,0.04,,,
7121,7121,91756.2325,25:29:16.233,I,,1920,1080,0,1,1,174858,0.04,,,
7122,7125,91756.2725,25:29:16.273,B,帧,,,0,0,0,2453,0.04,,,
7123,7124,91756.3125,25:29:16.313,B,帧,,,0,0,0,6229,0.04,,,
7124,7126,91756.3525,25:29:16.353,B,帧,,,0,0,0,6321,0.04,,,
7125,7123,91756.3925,25:29:16.393,B,帧,,,0,0,0,10485,0.04,,,
7126,7128,91756.4325,25:29:16.433,B,帧,,,0,0,0,3973,0.04,,,
7127,7127,91756.4725,25:29:16.473,B,帧,,,0,0,0,7349,0.04,,,
7128,7129,91756.5125,25:29:16.513,B,帧,,,0,0,0,4048,0.04,,,
7129,7122,91756.5525,25:29:16.553,P,帧,,,0,0,0,34404,0.04,,,
7130,7133,91756.5925,25:29:16.593,B,帧,,,0,0,0,3639,0.04,,,
7131,7132,91756.6325,25:29:16.633,B,帧,,,0,0,0,6520,0.04,,,
7132,7134,91756.6725,25:29:16.673,B,帧,,,0,0,0,15254,0.04,,,
7133,7131,91756.7125,25:29:16.713,B,帧,,,0,0,0,16815,0.04,,,
7134,7136,91756.7525,25:29:16.753,B,帧,,,0,0,0,35854,0.04,,,
7135,7135,91756.7925,25:29:16.793,B,帧,,,0,0,0,36590,0.04,,,
7136,7137,91756.8325,25:29:16.833,B,帧,,,0,0,0,35670,0.04,,,
7137,7130,91756.8725,25:29:16.873,P,帧,,,0,0,0,60419,0.04,,,
7138,7141,91756.9125,25:29:16.913,B,帧,,,0,0,0,8407,0.04,,,
7139,7140,91756.9525,25:29:16.953,B,帧,,,0,0,0,13052,0.04,,,
7140,7142,91756.9925,25:29:16.993,B,帧,,,0,0,0,9618,0.04,,,
7141,7139,91757.0325,25:29:17.033,B,帧,,,0,0,0,27089,0.04,,,
7142,7144,91757.0725,25:29:17.073,B,帧,,,0,0,0,10355,0.04,,,
7143,7143,91757.1125,25:29:17.113,B,帧,,,0,0,0,19149,0.04,,,
7144,7145,91757.1525,25:29:17.153,B,帧,,,0,0,0,12829,0.04,,,
7145,7138,91757.1925,25:29:17.193,I,帧,1920,1080,0,0,1,195343,0.04,,,
7146,7149,91757.2325,25:29:17.233,B,帧,,,0,0,0,13744,0.04,,,
7147,7148,91757.2725,25:29:17.273,B,帧,,,0,0,0,22224,0.04,,,
7148,7150,91757.3125,25:29:17.313,B,帧,,,0,0,0,15489,0.04,,,
7149,7147,91757.3525,25:29:17.353,B,帧,,,0,0,0,38453,0.04,,,
7150,7152,91757.3925,25:29:17.393,B,帧,,,0,0,0,16776,0.04,,,
7151,7151,91757.4325,25:29:17.433,B,帧,,,0,0,0,22836,0.04,,,
7152,7146,91757.4725,25:29:17.473,P,帧,,,0,0,0,62830,0.04,,,
7153,7153,91757.5125,25:29:17.513,I,,1920,1080,0,1,1,140662,0.04,,,
7154,7157,91757.5525,25:29:17.553,B,,,,0,0,0,10617,0.04,,,
7155,7156,91757.5925,25:29:17.593,B,,,,0,0,0,16513,0.04,,,
7156,7158,91757.6325,25:29:17.633,B,,,,0,0,0,7376,0.04,,,
7157,7155,91757.6725,25:29:17.673,B,,,,0,0,0,29448,0.04,,,
7158,7160,91757.7125,25:29:17.713,B,,,,0,0,0,7570,0.04,,,
7159,7159,91757.7525,25:29:17.753,B,,,,0,0,0,14153,0.04,,,
7160,7161,91757.7925,25:29:17.793,B,,,,0,0,0,7516,0.04,,,
7161,7154,91757.8325,25:29:17.833,P,,,,0,0,0,76524,0.04,,,
7162,7165,91757.8725,25:29:17.873,B,,,,0,0,0,7505,0.04,,,
7163,7164,91757.9125,25:29:17.913,B,,,,0,0,0,16212,0.04,,,
7164,7166,91757.9525,25:29:17.953,B,,,,0,0,0,8522,0.04,,,
7165,7163,91757.9925,25:29:17.993,B,,,,0,0,0,28620,0.04,,,
7166,7168,91758.0325,25:29:18.033,B,,,,0,0,0,8053,0.04,,,
7167,7167,91758.0725,25:29:18.073,B,,,,0,0,0,15871,0.04,,,
7168,7169,91758.1125,25:29:18.113,B,,,,0,0,0,7599,0.04,,,
7169,7162,91758.1525,25:29:18.153,P,,,,0,0,0,70146,0.04,,,
7170,7173,91758.1925,25:29:18.193,B,,,,0,0,0,7983,0.04,,,
7171,7172,91758.2325,25:29:18.233,B,,,,0,0,0,15385,0.04,,,
7172,7174,91758.2725,25:29:18.273,B,,,,0,0,0,7972,0.04,,,
7173,7171,91758.3125,25:29:18.313,B,,,,0,0,0,27383,0.04,,,
7174,7176,91758.3525,25:29:18.353,B,,,,0,0,0,9124,0.04,,,
7175,7175,91758.3925,25:29:18.393,B,,,,0,0,0,15659,0.04,,,
7176,7177,91758.4325,25:29:18.433,B,,,,0,0,0,9081,0.04,,,
7177,7170,91758.4725,25:29:18.473,I,,1920,1080,0,0,1,124522,0.04,,,
7178,7181,91758.5125,25:29:18.513,B,,,,0,0,0,9028,0.04,,,
7179,7180,91758.5525,25:29:18.553,B,,,,0,0,0,15988,0.04,,,
7180,7182,91758.5925,25:29:18.593,B,,,,0,0,0,8271,0.04,,,
7181,7179,91758.6325,25:29:18.633,B,,,,0,0,0,25620,0.04,,,
7182,7184,91758.6725,25:29:18.673,B,,,,0,0,0,8099,0.04,,,
7183,7183,91758.7125,25:29:18.713,B,,,,0,0,0,13296,0.04,,,
7184,7185,91758.7525,25:29:18.753,B,,,,0,0,0,7981,0.04,,,
7185,7178,91758.7925,25:29:18.793,P,,,,0,0,0,70746,0.04,,,
7186,7189,91758.8325,25:29:18.833,B,,,,0,0,0,7812,0.04,,,
7187,7188,91758.8725,25:29:18.873,B,,,,0,0,0,14049,0.04,,,
7188,7190,91758.9125,25:29:18.913,B,,,,0,0,0,8297,0.04,,,
7189,7187,91758.9525,25:29:18.953,B,,,,0,0,0,25514,0.04,,,
7190,7192,91758.9925,25:29:18.993,B,,,,0,0,0,8330,0.04,,,
7191,7191,91759.0325,25:29:19.033,B,,,,0,0,0,14326,0.04,,,
7192,7193,91759.0725,25:29:19.073,B,,,,0,0,0,6684,0.04,,,
7193,7186,91759.1125,25:29:19.113,P,,,,0,0,0,81923,0.04,,,
7194,7197,91759.1525,25:29:19.153,B,,,,0,0,0,7640,0.04,,,
7195,7196,91759.1925,25:29:19.193,B,,,,0,0,0,13312,0.04,,,
7196,7198,91759.2325,25:29:19.233,B,,,,0,0,0,8002,0.04,,,
7197,7195,91759.2725,25:29:19.273,B,,,,0,0,0,22727,0.04,,,
7198,7200,91759.3125,25:29:19.313,B,,,,0,0,0,7224,0.04,,,
7199,7199,91759.3525,25:29:19.353,B,,,,0,0,0,13696,0.04,,,
7200,7201,91759.3925,25:29:19.393,B,,,,0,0,0,6557,0.04,,,
7201,7194,91759.4325,25:29:19.433,I,,1920,1080,0,0,1,124114,0.04,,,
7202,7205,91759.4725,25:29:19.473,B,,,,0,0,0,6560,0.04,,,
7203,7204,91759.5125,25:29:19.513,B,,,,0,0,0,11656,0.04,,,
7204,7206,91759.5525,25:29:19.553,B,,,,0,0,0,5965,0.04,,,
7205,7203,91759.5925,25:29:19.593,B,,,,0,0,0,16609,0.04,,,
7206,7208,91759.6325,25:29:19.633,B,,,,0,0,0,5350,0.04,,,
7207,7207,91759.6725,25:29:19.673,B,,,,0,0,0,6825,0.04,,,
7208,7202,91759.7125,25:29:19.713,P,,,,0,0,0,62477,0.04,,,
7209,7209,91759.7525,25:29:19.753,I,,1920,1080,0,1,1,125978,0.04,,,
7210,7213,91759.7925,25:29:19.793,B,,,,0,0,0,8720,0.04,,,
7211,7212,91759.8325,25:29:19.833,B,,,,0,0,0,8100,0.04,,,
7212,7211,91759.8725,25:29:19.873,B,,,,0,0,0,14401,0.04,,,
7213,7215,91759.9125,25:29:19.913,B,,,,0,0,0,5749,0.04,,,
7214,7214,91759.9525,25:29:19.953,B,,,,0,0,0,7596,0.04,,,
7215,7210,91759.9925,25:29:19.993,P,,,,0,0,0,46532,0.04,,,
7216,7216,91760.0325,25:29:20.033,I,,1920,1080,0,1,1,144012,0.04,,,
7217,7220,91760.0725,25:29:20.073,B,帧,,,0,0,0,5341,0.04,,,
7218,7219,91760.1125,25:29:20.113,B,帧,,,0,0,0,7596,0.04,,,
7219,7218,91760.1525,25:29:20.153,B,帧,,,0,0,0,13326,0.04,,,
7220,7222,91760.1925,25:29:20.193,B,帧,,,0,0,0,6041,0.04,,,
7221,7221,91760.2325,25:29:20.233,B,帧,,,0,0,0,8075,0.04,,,
7222,7217,91760.2725,25:29:20.273,P,帧,,,0,0,0,54911,0.04,,,
7223,7226,91760.3125,25:29:20.313,B,帧,,,0,0,0,5690,0.04,,,
7224,7225,91760.3525,25:29:20.353,B,帧,,,0,0,0,6886,0.04,,,
7225,7224,91760.3925,25:29:20.393,B,帧,,,0,0,0,12775,0.04,,,
7226,7227,91760.4325,25:29:20.433,B,帧,,,0,0,0,4952,0.04,,,
7227,7223,91760.4725,25:29:20.473,P,帧,,,0,0,0,58845,0.04,,,
7228,7231,91760.5125,25:29:20.513,B,帧,,,0,0,0,6005,0.04,,,
7229,7230,91760.5525,25:29:20.553,B,帧,,,0,0,0,9867,0.04,,,
7230,7232,91760.5925,25:29:20.593,B,帧,,,0,0,0,5866,0.04,,,
7231,7229,91760.6325,25:29:20.633,B,帧,,,0,0,0,14452,0.04,,,
7232,7234,91760.6725,25:29:20.673,B,帧,,,0,0,0,5621,0.04,,,
7233,7233,91760.7125,25:29:20.713,B,帧,,,0,0,0,7524,0.04,,,
7234,7228,91760.7525,25:29:20.753,P,帧,,,0,0,0,53832,0.04,,,
7235,7237,91760.7925,25:29:20.793,B,帧,,,0,0,0,4853,0.04,,,
7236,7236,91760.8325,25:29:20.833,B,帧,,,0,0,0,6544,0.04,,,
7237,7235,91760.8725,25:29:20.873,P,帧,,,0,0,0,44453,0.04,,,
7238,7238,91760.9125,25:29:20.913,I,,1920,1080,0,1,1,186917,0.04,,,
7239,7242,91760.9525,25:29:20.953,B,帧,,,0,0,0,7849,0.04,,,
7240,7241,91760.9925,25:29:20.993,B,帧,,,0,0,0,8142,0.04,,,
7241,7243,91761.0325,25:29:21.033,B,帧,,,0,0,0,4284,0.04,,,
7242,7240,91761.0725,25:29:21.073,B,帧,,,0,0,0,8345,0.04,,,
7243,7245,91761.1125,25:29:21.113,B,帧,,,0,0,0,4308,0.04,,,
7244,7244,91761.1525,25:29:21.153,B,帧,,,0,0,0,5584,0.04,,,
7245,7246,91761.1925,25:29:21.193,B,帧,,,0,0,0,3515,0.04,,,
7246,7239,91761.2325,25:29:21.233,P,帧,,,0,0,0,37664,0.04,,,
7247,7250,91761.2725,25:29:21.273,B,帧,,,0,0,0,2837,0.04,,,
7248,7249,91761.3125,25:29:21.313,B,帧,,,0,0,0,5685,0.04,,,
7249,7251,91761.3525,25:29:21.353,B,帧,,,0,0,0,3328,0.04,,,
7250,7248,91761.3925,25:29:21.393,B,帧,,,0,0,0,12431,0.04,,,
7251,7253,91761.4325,25:29:21.433,B,帧,,,0,0,0,2269,0.04,,,
7252,7252,91761.4725,25:29:21.473,B,帧,,,0,0,0,3152,0.04,,,
7253,7254,91761.5125,25:29:21.513,B,帧,,,0,0,0,1818,0.04,,,
7254,7247,91761.5525,25:29:21.553,P,帧,,,0,0,0,60482,0.04,,,
7255,7258,91761.5925,25:29:21.593,B,帧,,,0,0,0,3499,0.04,,,
7256,7257,91761.6325,25:29:21.633,B,帧,,,0,0,0,6602,0.04,,,
7257,7259,91761.6725,25:29:21.673,B,帧,,,0,0,0,3393,0.04,,,
7258,7256,91761.7125,25:29:21.713,B,帧,,,0,0,0,8644,0.04,,,
7259,7261,91761.7525,25:29:21.753,B,帧,,,0,0,0,3294,0.04,,,
7260,7260,91761.7925,25:29:21.793,B,帧,,,0,0,0,5965,0.04,,,
7261,7262,91761.8325,25:29:21.833,B,帧,,,0,0,0,3576,0.04,,,
7262,7255,91761.8725,25:29:21.873,I,帧,1920,1080,0,0,1,162709,0.04,,,
7263,7264,91761.9125,25:29:21.913,B,帧,,,0,0,0,2882,0.04,,,
7264,7263,91761.9525,25:29:21.953,P,帧,,,0,0,0,55788,0.04,,,
7265,7265,91761.9925,25:29:21.993,I,,1920,1080,0,1,1,148388,0.04,,,
7266,7269,91762.0325,25:29:22.033,B,,,,0,0,0,7070,0.04,,,
7267,7268,91762.0725,25:29:22.073,B,,,,0,0,0,7821,0.04,,,
7268,7270,91762.1125,25:29:22.113,B,,,,0,0,0,5583,0.04,,,
7269,7267,91762.1525,25:29:22.153,B,,,,0,0,0,16006,0.04,,,
7270,7272,91762.1925,25:29:22.193,B,,,,0,0,0,6992,0.04,,,
7271,7271,91762.2325,25:29:22.233,B,,,,0,0,0,14113,0.04,,,
7272,7273,91762.2725,25:29:22.273,B,,,,0,0,0,7401,0.04,,,
7273,7266,91762.3125,25:29:22.313,P,,,,0,0,0,65658,0.04,,,
7274,7277,91762.3525,25:29:22.353,B,,,,0,0,0,8304,0.04,,,
7275,7276,91762.3925,25:29:22.393,B,,,,0,0,0,14363,0.04,,,
7276,7278,91762.4325,25:29:22.433,B,,,,0,0,0,8829,0.04,,,
7277,7275,91762.4725,25:29:22.473,B,,,,0,0,0,24630,0.04,,,
7278,7280,91762.5125,25:29:22.513,B,,,,0,0,0,9450,0.04,,,
7279,7279,91762.5525,25:29:22.553,B,,,,0,0,0,16418,0.04,,,
7280,7281,91762.5925,25:29:22.593,B,,,,0,0,0,10293,0.04,,,
7281,7274,91762.6325,25:29:22.633,P,,,,0,0,0,71768,0.04,,,
7282,7285,91762.6725,25:29:22.673,B,,,,0,0,0,9715,0.04,,,
7283,7284,91762.7125,25:29:22.713,B,,,,0,0,0,15574,0.04,,,
7284,7286,91762.7525,25:29:22.753,B,,,,0,0,0,11432,0.04,,,
7285,7283,91762.7925,25:29:22.793,B,,,,0,0,0,24491,0.04,,,
7286,7288,91762.8325,25:29:22.833,B,,,,0,0,0,12114,0.04,,,
7287,7287,91762.8725,25:29:22.873,B,,,,0,0,0,15531,0.04,,,
7288,7289,91762.9125,25:29:22.913,B,,,,0,0,0,9748,0.04,,,
7289,7282,91762.9525,25:29:22.953,I,,1920,1080,0,0,1,136812,0.04,,,
7290,7293,91762.9925,25:29:22.993,B,,,,0,0,0,12075,0.04,,,
7291,7292,91763.0325,25:29:23.033,B,,,,0,0,0,16415,0.04,,,
7292,7294,91763.0725,25:29:23.073,B,,,,0,0,0,11758,0.04,,,
7293,7291,91763.1125,25:29:23.113,B,,,,0,0,0,22709,0.04,,,
7294,7296,91763.1525,25:29:23.153,B,,,,0,0,0,10174,0.04,,,
7295,7295,91763.1925,25:29:23.193,B,,,,0,0,0,15340,0.04,,,
7296,7297,91763.2325,25:29:23.233,B,,,,0,0,0,9590,0.04,,,
7297,7290,91763.2725,25:29:23.273,P,,,,0,0,0,62690,0.04,,,
7298,7301,91763.3125,25:29:23.313,B,,,,0,0,0,8954,0.04,,,
7299,7300,91763.3525,25:29:23.353,B,,,,0,0,0,14246,0.04,,,
7300,7302,91763.3925,25:29:23.393,B,,,,0,0,0,8827,0.04,,,
7301,7299,91763.4325,25:29:23.433,B,,,,0,0,0,22178,0.04,,,
7302,7304,91763.4725,25:29:23.473,B,,,,0,0,0,9386,0.04,,,
7303,7303,91763.5125,25:29:23.513,B,,,,0,0,0,17112,0.04,,,
7304,7305,91763.5525,25:29:23.553,B,,,,0,0,0,8786,0.04,,,
7305,7298,91763.5925,25:29:23.593,P,,,,0,0,0,51484,0.04,,,
7306,7309,91763.6325,25:29:23.633,B,,,,0,0,0,8994,0.04,,,
7307,7308,91763.6725,25:29:23.673,B,,,,0,0,0,12303,0.04,,,
7308,7310,91763.7125,25:29:23.713,B,,,,0,0,0,7147,0.04,,,
7309,7307,91763.7525,25:29:23.753,B,,,,0,0,0,19335,0.04,,,
7310,7312,91763.7925,25:29:23.793,B,,,,0,0,0,8017,0.04,,,
7311,7311,91763.8325,25:29:23.833,B,,,,0,0,0,12453,0.04,,,
7312,7313,91763.8725,25:29:23.873,B,,,,0,0,0,9423,0.04,,,
7313,7306,91763.9125,25:29:23.913,I,,1920,1080,0,0,1,130929,0.04,,,
7314,7317,91763.9525,25:29:23.953,B,,,,0,0,0,9029,0.04,,,
7315,7316,91763.9925,25:29:23.993,B,,,,0,0,0,15532,0.04,,,
7316,7318,91764.0325,25:29:24.033,B,,,,0,0,0,9219,0.04,,,
7317,7315,91764.0725,25:29:24.073,B,,,,0,0,0,19736,0.04,,,
7318,7320,91764.1125,25:29:24.113,B,,,,0,0,0,8182,0.04,,,
7319,7319,91764.1525,25:29:24.153,B,,,,0,0,0,13174,0.04,,,
7320,7321,91764.1925,25:29:24.193,B,,,,0,0,0,8171,0.04,,,
7321,7314,91764.2325,25:29:24.233,P,,,,0,0,0,50410,0.04,,,
7322,7322,91764.2725,25:29:24.273,P,,,,0,0,0,28636,0.04,,,
7323,7323,91764.3125,25:29:24.313,I,,1920,1080,0,1,1,111660,0.04,,,
7324,7327,91764.3525,25:29:24.353,B,,,,0,0,0,4206,0.04,,,
7325,7326,91764.3925,25:29:24.393,B,,,,0,0,0,7458,0.04,,,
7326,7328,91764.4325,25:29:24.433,B,,,,0,0,0,5997,0.04,,,
7327,7325,91764.4725,25:29:24.473,B,,,,0,0,0,13692,0.04,,,
7328,7330,91764.5125,25:29:24.513,B,,,,0,0,0,5298,0.04,,,
7329,7329,91764.5525,25:29:24.553,B,,,,0,0,0,8704,0.04,,,
7330,7331,91764.5925,25:29:24.593,B,,,,0,0,0,4138,0.04,,,
7331,7324,91764.6325,25:29:24.633,P,,,,0,0,0,57424,0.04,,,
7332,7335,91764.6725,25:29:24.673,B,,,,0,0,0,4149,0.04,,,
7333,7334,91764.7125,25:29:24.713,B,,,,0,0,0,7377,0.04,,,
7334,7336,91764.7525,25:29:24.753,B,,,,0,0,0,5099,0.04,,,
7335,7333,91764.7925,25:29:24.793,B,,,,0,0,0,14340,0.04,,,
7336,7338,91764.8325,25:29:24.833,B,,,,0,0,0,2860,0.04,,,
7337,7337,91764.8725,25:29:24.873,B,,,,0,0,0,4271,0.04,,,
7338,7339,91764.9125,25:29:24.913,B,,,,0,0,0,3419,0.04,,,
7339,7332,91764.9525,25:29:24.953,P,,,,0,0,0,56796,0.04,,,
7340,7343,91764.9925,25:29:24.993,B,,,,0,0,0,3924,0.04,,,
7341,7342,91765.0325,25:29:25.033,B,,,,0,0,0,11354,0.04,,,
7342,7344,91765.0725,25:29:25.073,B,,,,0,0,0,5255,0.04,,,
7343,7341,91765.1125,25:29:25.113,B,,,,0,0,0,17301,0.04,,,
7344,7346,91765.1525,25:29:25.153,B,,,,0,0,0,7019,0.04,,,
7345,7345,91765.1925,25:29:25.193,B,,,,0,0,0,11999,0.04,,,
7346,7347,91765.2325,25:29:25.233,B,,,,0,0,0,6622,0.04,,,
7347,7340,91765.2725,25:29:25.273,I,,1920,1080,0,0,1,100205,0.04,,,
7348,7349,91765.3125,25:29:25.313,B,,,,0,0,0,6087,0.04,,,
7349,7348,91765.3525,25:29:25.353,P,,,,0,0,0,56641,0.04,,,
7350,7350,91765.3925,25:29:25.393,I,,1920,1080,0,1,1,139659,0.04,,,
7351,7354,91765.4325,25:29:25.433,B,,,,0,0,0,4394,0.04,,,
7352,7353,91765.4725,25:29:25.473,B,,,,0,0,0,7507,0.04,,,
7353,7355,91765.5125,25:29:25.513,B,,,,0,0,0,5203,0.04,,,
7354,7352,91765.5525,25:29:25.553,B,,,,0,0,0,12439,0.04,,,
7355,7357,91765.5925,25:29:25.593,B,,,,0,0,0,4483,0.04,,,
7356,7356,91765.6325,25:29:25.633,B,,,,0,0,0,7771,0.04,,,
7357,7358,91765.6725,25:29:25.673,B,,,,0,0,0,4899,0.04,,,
7358,7351,91765.7125,25:29:25.713,P,,,,0,0,0,56399,0.04,,,
7359,7362,91765.7525,25:29:25.753,B,,,,0,0,0,4436,0.04,,,
7360,7361,91765.7925,25:29:25.793,B,,,,0,0,0,7613,0.04,,,
7361,7363,91765.8325,25:29:25.833,B,,,,0,0,0,5003,0.04,,,
7362,7360,91765.8725,25:29:25.873,B,,,,0,0,0,13154,0.04,,,
7363,7365,91765.9125,25:29:25.913,B,,,,0,0,0,4906,0.04,,,
7364,7364,91765.9525,25:29:25.953,B,,,,0,0,0,7879,0.04,,,
7365,7366,91765.9925,25:29:25.993,B,,,,0,0,0,4777,0.04,,,
7366,7359,91766.0325,25:29:26.033,P,,,,0,0,0,55348,0.04,,,
7367,7370,91766.0725,25:29:26.073,B,,,,0,0,0,5110,0.04,,,
7368,7369,91766.1125,25:29:26.113,B,,,,0,0,0,9818,0.04,,,
7369,7371,91766.1525,25:29:26.153,B,,,,0,0,0,5143,0.04,,,
7370,7368,91766.1925,25:29:26.193,B,,,,0,0,0,16745,0.04,,,
7371,7373,91766.2325,25:29:26.233,B,,,,0,0,0,5671,0.04,,,
7372,7372,91766.2725,25:29:26.273,B,,,,0,0,0,9039,0.04,,,
7373,7374,91766.3125,25:29:26.313,B,,,,0,0,0,5351,0.04,,,
7374,7367,91766.3525,25:29:26.353,I,,1920,1080,0,0,1,132669,0.04,,,
7375,7375,91766.3925,25:29:26.393,P,,,,0,0,0,35961,0.04,,,
7376,7376,91766.4325,25:29:26.433,I,,1920,1080,0,1,1,125346,0.04,,,
7377,7380,91766.4725,25:29:26.473,B,,,,0,0,0,7995,0.04,,,
7378,7379,91766.5125,25:29:26.513,B,,,,0,0,0,11409,0.04,,,
7379,7381,91766.5525,25:29:26.553,B,,,,0,0,0,6823,0.04,,,
7380,7378,91766.5925,25:29:26.593,B,,,,0,0,0,18777,0.04,,,
7381,7383,91766.6325,25:29:26.633,B,,,,0,0,0,6289,0.04,,,
7382,7382,91766.6725,25:29:26.673,B,,,,0,0,0,9299,0.04,,,
7383,7384,91766.7125,25:29:26.713,B,,,,0,0,0,4702,0.04,,,
7384,7377,91766.7525,25:29:26.753,P,,,,0,0,0,54344,0.04,,,
7385,7388,91766.7925,25:29:26.793,B,,,,0,0,0,5970,0.04,,,
7386,7387,91766.8325,25:29:26.833,B,,,,0,0,0,15061,0.04,,,
7387,7389,91766.8725,25:29:26.873,B,,,,0,0,0,6507,0.04,,,
7388,7386,91766.9125,25:29:26.913,B,,,,0,0,0,16251,0.04,,,
7389,7391,91766.9525,25:29:26.953,B,,,,0,0,0,5943,0.04,,,
7390,7390,91766.9925,25:29:26.993,B,,,,0,0,0,10777,0.04,,,
7391,7392,91767.0325,25:29:27.033,B,,,,0,0,0,5895,0.04,,,
7392,7385,91767.0725,25:29:27.073,P,,,,0,0,0,53343,0.04,,,
7393,7396,91767.1125,25:29:27.113,B,,,,0,0,0,5300,0.04,,,
7394,7395,91767.1525,25:29:27.153,B,,,,0,0,0,10438,0.04,,,
7395,7397,91767.1925,25:29:27.193,B,,,,0,0,0,5771,0.04,,,
7396,7394,91767.2325,25:29:27.233,B,,,,0,0,0,17950,0.04,,,
7397,7399,91767.2725,25:29:27.273,B,,,,0,0,0,5922,0.04,,,
7398,7398,91767.3125,25:29:27.313,B,,,,0,0,0,13193,0.04,,,
7399,7400,91767.3525,25:29:27.353,B,,,,0,0,0,6678,0.04,,,
7400,7393,91767.3925,25:29:27.393,P,,,,0,0,0,56292,0.04,,,
7401,7401,91767.4325,25:29:27.433,I,,1920,1080,0,1,1,145452,0.04,,,
7402,7405,91767.4725,25:29:27.473,B,,,,0,0,0,4079,0.04,,,
7403,7404,91767.5125,25:29:27.513,B,,,,0,0,0,6556,0.04,,,
7404,7406,91767.5525,25:29:27.553,B,,,,0,0,0,4085,0.04,,,
7405,7403,91767.5925,25:29:27.593,B,,,,0,0,0,9159,0.04,,,
7406,7408,91767.6325,25:29:27.633,B,,,,0,0,0,3933,0.04,,,
7407,7407,91767.6725,25:29:27.673,B,,,,0,0,0,5841,0.04,,,
7408,7409,91767.7125,25:29:27.713,B,,,,0,0,0,3651,0.04,,,
7409,7402,91767.7525,25:29:27.753,P,,,,0,0,0,52622,0.04,,,
7410,7413,91767.7925,25:29:27.793,B,,,,0,0,0,4717,0.04,,,
7411,7412,91767.8325,25:29:27.833,B,,,,0,0,0,8577,0.04,,,
7412,7414,91767.8725,25:29:27.873,B,,,,0,0,0,6142,0.04,,,
7413,7411,91767.9125,25:29:27.913,B,,,,0,0,0,18633,0.04,,,
7414,7416,91767.9525,25:29:27.953,B,,,,0,0,0,6265,0.04,,,
7415,7415,91767.9925,25:29:27.993,B,,,,0,0,0,10558,0.04,,,
7416,7417,91768.0325,25:29:28.033,B,,,,0,0,0,5485,0.04,,,
7417,7410,91768.0725,25:29:28.073,P,,,,0,0,0,62201,0.04,,,
7418,7421,91768.1125,25:29:28.113,B,,,,0,0,0,4607,0.04,,,
7419,7420,91768.1525,25:29:28.153,B,,,,0,0,0,7388,0.04,,,
7420,7422,91768.1925,25:29:28.193,B,,,,0,0,0,4687,0.04,,,
7421,7419,91768.2325,25:29:28.233,B,,,,0,0,0,12883,0.04,,,
7422,7424,91768.2725,25:29:28.273,B,,,,0,0,0,7561,0.04,,,
7423,7423,91768.3125,25:29:28.313,B,,,,0,0,0,9217,0.04,,,
7424,7425,91768.3525,25:29:28.353,B,,,,0,0,0,5201,0.04,,,
7425,7418,91768.3925,25:29:28.393,I,,1920,1080,0,0,1,149432,0.04,,,
7426,7429,91768.4325,25:29:28.433,B,,,,0,0,0,4375,0.04,,,
7427,7428,91768.4725,25:29:28.473,B,,,,0,0,0,8432,0.04,,,
7428,7430,91768.5125,25:29:28.513,B,,,,0,0,0,5388,0.04,,,
7429,7427,91768.5525,25:29:28.553,B,,,,0,0,0,14553,0.04,,,
7430,7432,91768.5925,25:29:28.593,B,,,,0,0,0,3595,0.04,,,
7431,7431,91768.6325,25:29:28.633,B,,,,0,0,0,6066,0.04,,,
7432,7433,91768.6725,25:29:28.673,B,,,,0,0,0,3554,0.04,,,
7433,7426,91768.7125,25:29:28.713,P,,,,0,0,0,72559,0.04,,,
7434,7436,91768.7525,25:29:28.753,B,,,,0,0,0,4262,0.04,,,
7435,7435,91768.7925,25:29:28.793,B,,,,0,0,0,6994,0.04,,,
7436,7437,91768.8325,25:29:28.833,B,,,,0,0,0,3982,0.04,,,
7437,7434,91768.8725,25:29:28.873,P,,,,0,0,0,52883,0.04,,,
7438,7438,91768.9125,25:29:28.913,I,,1920,1080,0,1,1,82556,0.04,,,
7439,7442,91768.9525,25:29:28.953,B,,,,0,0,0,10359,0.04,,,
7440,7441,91768.9925,25:29:28.993,B,,,,0,0,0,17628,0.04,,,
7441,7443,91769.0325,25:29:29.033,B,,,,0,0,0,9816,0.04,,,
7442,7440,91769.0725,25:29:29.073,B,,,,0,0,0,41897,0.04,,,
7443,7445,91769.1125,25:29:29.113,B,,,,0,0,0,8864,0.04,,,
7444,7444,91769.1525,25:29:29.153,B,,,,0,0,0,17768,0.04,,,
7445,7446,91769.1925,25:29:29.193,B,,,,0,0,0,12855,0.04,,,
7446,7439,91769.2325,25:29:29.233,P,,,,0,0,0,96244,0.04,,,
7447,7450,91769.2725,25:29:29.273,B,,,,0,0,0,6001,0.04,,,
7448,7449,91769.3125,25:29:29.313,B,,,,0,0,0,13452,0.04,,,
7449,7451,91769.3525,25:29:29.353,B,,,,0,0,0,7129,0.04,,,
7450,7448,91769.3925,25:29:29.393,B,,,,0,0,0,27322,0.04,,,
7451,7453,91769.4325,25:29:29.433,B,,,,0,0,0,8844,0.04,,,
7452,7452,91769.4725,25:29:29.473,B,,,,0,0,0,19346,0.04,,,
7453,7454,91769.5125,25:29:29.513,B,,,,0,0,0,7067,0.04,,,
7454,7447,91769.5525,25:29:29.553,P,,,,0,0,0,78240,0.04,,,
7455,7457,91769.5925,25:29:29.593,B,,,,0,0,0,7924,0.04,,,
7456,7456,91769.6325,25:29:29.633,B,,,,0,0,0,11326,0.04,,,
7457,7455,91769.6725,25:29:29.673,P,,,,0,0,0,53119,0.04,,,
7458,7461,91769.7125,25:29:29.713,B,,,,0,0,0,9144,0.04,,,
7459,7460,91769.7525,25:29:29.753,B,,,,0,0,0,13653,0.04,,,
7460,7459,91769.7925,25:29:29.793,B,,,,0,0,0,18398,0.04,,,
7461,7463,91769.8325,25:29:29.833,B,,,,0,0,0,9296,0.04,,,
7462,7462,91769.8725,25:29:29.873,B,,,,0,0,0,10262,0.04,,,
7463,7458,91769.9125,25:29:29.913,I,,1920,1080,0,0,1,100442,0.04,,,
7464,7464,91769.9525,25:29:29.953,P,,,,0,0,0,31725,0.04,,,
7465,7468,91769.9925,25:29:29.993,B,,,,0,0,0,11625,0.04,,,
7466,7467,91770.0325,25:29:30.033,B,,,,0,0,0,16659,0.04,,,
7467,7469,91770.0725,25:29:30.073,B,,,,0,0,0,9565,0.04,,,
7468,7466,91770.1125,25:29:30.113,B,,,,0,0,0,42593,0.04,,,
7469,7471,91770.1525,25:29:30.153,B,,,,0,0,0,9584,0.04,,,
7470,7470,91770.1925,25:29:30.193,B,,,,0,0,0,16663,0.04,,,
7471,7472,91770.2325,25:29:30.233,B,,,,0,0,0,6570,0.04,,,
7472,7465,91770.2725,25:29:30.273,P,,,,0,0,0,83310,0.04,,,
7473,7476,91770.3125,25:29:30.313,B,,,,0,0,0,4638,0.04,,,
7474,7475,91770.3525,25:29:30.353,B,,,,0,0,0,9048,0.04,,,
7475,7477,91770.3925,25:29:30.393,B,,,,0,0,0,5021,0.04,,,
7476,7474,91770.4325,25:29:30.433,B,,,,0,0,0,23705,0.04,,,
7477,7479,91770.4725,25:29:30.473,B,,,,0,0,0,9647,0.04,,,
7478,7478,91770.5125,25:29:30.513,B,,,,0,0,0,17279,0.04,,,
7479,7480,91770.5525,25:29:30.553,B,,,,0,0,0,12311,0.04,,,
7480,7473,91770.5925,25:29:30.593,P,,,,0,0,0,78388,0.04,,,
7481,7484,91770.6325,25:29:30.633,B,,,,0,0,0,11822,0.04,,,
7482,7483,91770.6725,25:29:30.673,B,,,,0,0,0,26022,0.04,,,
7483,7485,91770.7125,25:29:30.713,B,,,,0,0,0,13343,0.04,,,
7484,7482,91770.7525,25:29:30.753,B,,,,0,0,0,36073,0.04,,,
7485,7487,91770.7925,25:29:30.793,B,,,,0,0,0,12682,0.04,,,
7486,7486,91770.8325,25:29:30.833,B,,,,0,0,0,21533,0.04,,,
7487,7488,91770.8725,25:29:30.873,B,,,,0,0,0,8832,0.04,,,
7488,7481,91770.9125,25:29:30.913,I,,1920,1080,0,0,1,118676,0.04,,,
7489,7492,91770.9525,25:29:30.953,B,,,,0,0,0,10446,0.04,,,
7490,7491,91770.9925,25:29:30.993,B,,,,0,0,0,14085,0.04,,,
7491,7490,91771.0325,25:29:31.033,B,,,,0,0,0,23751,0.04,,,
7492,7494,91771.0725,25:29:31.073,B,,,,0,0,0,7902,0.04,,,
7493,7493,91771.1125,25:29:31.113,B,,,,0,0,0,7689,0.04,,,
7494,7489,91771.1525,25:29:31.153,P,,,,0,0,0,85501,0.04,,,
7495,7495,91771.1925,25:29:31.193,I,,1920,1080,0,1,1,114905,0.04,,,
7496,7499,91771.2325,25:29:31.233,B,,,,0,0,0,5061,0.04,,,
7497,7498,91771.2725,25:29:31.273,B,,,,0,0,0,9482,0.04,,,
7498,7500,91771.3125,25:29:31.313,B,,,,0,0,0,5695,0.04,,,
7499,7497,91771.3525,25:29:31.353,B,,,,0,0,0,25531,0.04,,,
7500,7502,91771.3925,25:29:31.393,B,,,,0,0,0,6168,0.04,,,
7501,7501,91771.4325,25:29:31.433,B,,,,0,0,0,12466,0.04,,,
7502,7503,91771.4725,25:29:31.473,B,,,,0,0,0,6172,0.04,,,
7503,7496,91771.5125,25:29:31.513,P,,,,0,0,0,85912,0.04,,,
7504,7507,91771.5525,25:29:31.553,B,,,,0,0,0,5835,0.04,,,
7505,7506,91771.5925,25:29:31.593,B,,,,0,0,0,12007,0.04,,,
7506,7508,91771.6325,25:29:31.633,B,,,,0,0,0,5545,0.04,,,
7507,7505,91771.6725,25:29:31.673,B,,,,0,0,0,27180,0.04,,,
7508,7510,91771.7125,25:29:31.713,B,,,,0,0,0,6771,0.04,,,
7509,7509,91771.7525,25:29:31.753,B,,,,0,0,0,13042,0.04,,,
7510,7511,91771.7925,25:29:31.793,B,,,,0,0,0,6258,0.04,,,
7511,7504,91771.8325,25:29:31.833,P,,,,0,0,0,80750,0.04,,,
7512,7515,91771.8725,25:29:31.873,B,,,,0,0,0,5607,0.04,,,
7513,7514,91771.9125,25:29:31.913,B,,,,0,0,0,12782,0.04,,,
7514,7516,91771.9525,25:29:31.953,B,,,,0,0,0,6328,0.04,,,
7515,7513,91771.9925,25:29:31.993,B,,,,0,0,0,29345,0.04,,,
7516,7518,91772.0325,25:29:32.033,B,,,,0,0,0,8028,0.04,,,
7517,7517,91772.0725,25:29:32.073,B,,,,0,0,0,15327,0.04,,,
7518,7519,91772.1125,25:29:32.113,B,,,,0,0,0,7628,0.04,,,
7519,7512,91772.1525,25:29:32.153,I,,1920,1080,0,0,1,113652,0.04,,,
7520,7523,91772.1925,25:29:32.193,B,,,,0,0,0,6179,0.04,,,
7521,7522,91772.2325,25:29:32.233,B,,,,0,0,0,14159,0.04,,,
7522,7524,91772.2725,25:29:32.273,B,,,,0,0,0,6538,0.04,,,
7523,7521,91772.3125,25:29:32.313,B,,,,0,0,0,20106,0.04,,,
7524,7526,91772.3525,25:29:32.353,B,,,,0,0,0,5004,0.04,,,
7525,7525,91772.3925,25:29:32.393,B,,,,0,0,0,8888,0.04,,,
7526,7520,91772.4325,25:29:32.433,P,,,,0,0,0,80977,0.04,,,
7527,7529,91772.4725,25:29:32.473,B,,,,0,0,0,5016,0.04,,,
7528,7528,91772.5125,25:29:32.513,B,,,,0,0,0,9841,0.04,,,
7529,7530,91772.5525,25:29:32.553,B,,,,0,0,0,4662,0.04,,,
7530,7527,91772.5925,25:29:32.593,P,,,,0,0,0,56183,0.04,,,
7531,7532,91772.6325,25:29:32.633,B,,,,0,0,0,4453,0.04,,,
7532,7531,91772.6725,25:29:32.673,P,,,,0,0,0,46917,0.04,,,
7533,7533,91772.7125,25:29:32.713,I,,1920,1080,0,1,1,68324,0.04,,,
7534,7536,91772.7525,25:29:32.753,B,,,,0,0,0,4819,0.04,,,
7535,7535,91772.7925,25:29:32.793,B,,,,0,0,0,10368,0.04,,,
7536,7537,91772.8325,25:29:32.833,B,,,,0,0,0,5707,0.04,,,
7537,7534,91772.8725,25:29:32.873,P,,,,0,0,0,53928,0.04,,,
7538,7538,91772.9125,25:29:32.913,I,,1920,1080,0,1,1,75946,0.04,,,
7539,7542,91772.9525,25:29:32.953,B,帧,,,0,0,0,4206,0.04,,,
7540,7541,91772.9925,25:29:32.993,B,帧,,,0,0,0,7557,0.04,,,
7541,7540,91773.0325,25:29:33.033,B,帧,,,0,0,0,11999,0.04,,,
7542,7544,91773.0725,25:29:33.073,B,帧,,,0,0,0,4612,0.04,,,
7543,7543,91773.1125,25:29:33.113,B,帧,,,0,0,0,6682,0.04,,,
7544,7539,91773.1525,25:29:33.153,P,帧,,,0,0,0,46712,0.04,,,
7545,7548,91773.1925,25:29:33.193,B,帧,,,0,0,0,8446,0.04,,,
7546,7547,91773.2325,25:29:33.233,B,帧,,,0,0,0,10993,0.04,,,
7547,7546,91773.2725,25:29:33.273,B,帧,,,0,0,0,18894,0.04,,,
7548,7549,91773.3125,25:29:33.313,B,帧,,,0,0,0,5832,0.04,,,
7549,7545,91773.3525,25:29:33.353,P,帧,,,0,0,0,47717,0.04,,,
7550,7550,91773.3925,25:29:33.393,P,帧,,,0,0,0,28701,0.04,,,
7551,7553,91773.4325,25:29:33.433,B,帧,,,0,0,0,6772,0.04,,,
7552,7552,91773.4725,25:29:33.473,B,帧,,,0,0,0,14064,0.04,,,
7553,7554,91773.5125,25:29:33.513,B,帧,,,0,0,0,6298,0.04,,,
7554,7551,91773.5525,25:29:33.553,P,帧,,,0,0,0,59366,0.04,,,
7555,7557,91773.5925,25:29:33.593,B,帧,,,0,0,0,4682,0.04,,,
7556,7556,91773.6325,25:29:33.633,B,帧,,,0,0,0,11917,0.04,,,
7557,7558,91773.6725,25:29:33.673,B,帧,,,0,0,0,8931,0.04,,,
7558,7555,91773.7125,25:29:33.713,P,帧,,,0,0,0,53479,0.04,,,
7559,7562,91773.7525,25:29:33.753,B,帧,,,0,0,0,7257,0.04,,,
7560,7561,91773.7925,25:29:33.793,B,帧,,,0,0,0,9509,0.04,,,
7561,7560,91773.8325,25:29:33.833,B,帧,,,0,0,0,21482,0.04,,,
7562,7563,91773.8725,25:29:33.873,B,帧,,,0,0,0,6591,0.04,,,
7563,7559,91773.9125,25:29:33.913,I,帧,1920,1080,0,0,1,66449,0.04,,,
7564,7567,91773.9525,25:29:33.953,B,帧,,,0,0,0,9465,0.04,,,
7565,7566,91773.9925,25:29:33.993,B,帧,,,0,0,0,15623,0.04,,,
7566,7565,91774.0325,25:29:34.033,B,帧,,,0,0,0,23902,0.04,,,
7567,7569,91774.0725,25:29:34.073,B,帧,,,0,0,0,8553,0.04,,,
7568,7568,91774.1125,25:29:34.113,B,帧,,,0,0,0,12056,0.04,,,
7569,7564,91774.1525,25:29:34.153,P,帧,,,0,0,0,50965,0.04,,,
7570,7571,91774.1925,25:29:34.193,B,帧,,,0,0,0,11607,0.04,,,
7571,7570,91774.2325,25:29:34.233,P,帧,,,0,0,0,36122,0.04,,,
7572,7572,91774.2725,25:29:34.273,I,,1920,1080,0,1,1,172695,0.04,,,
7573,7576,91774.3125,25:29:34.313,B,帧,,,0,0,0,8243,0.04,,,
7574,7575,91774.3525,25:29:34.353,B,帧,,,0,0,0,10567,0.04,,,
7575,7577,91774.3925,25:29:34.393,B,帧,,,0,0,0,6232,0.04,,,
7576,7574,91774.4325,25:29:34.433,B,帧,,,0,0,0,9371,0.04,,,
7577,7579,91774.4725,25:29:34.473,B,帧,,,0,0,0,5189,0.04,,,
7578,7578,91774.5125,25:29:34.513,B,帧,,,0,0,0,5696,0.04,,,
7579,7580,91774.5525,25:29:34.553,B,帧,,,0,0,0,3971,0.04,,,
7580,7573,91774.5925,25:29:34.593,P,帧,,,0,0,0,51605,0.04,,,
7581,7584,91774.6325,25:29:34.633,B,帧,,,0,0,0,4643,0.04,,,
7582,7583,91774.6725,25:29:34.673,B,帧,,,0,0,0,4788,0.04,,,
7583,7585,91774.7125,25:29:34.713,B,帧,,,0,0,0,3138,0.04,,,
7584,7582,91774.7525,25:29:34.753,B,帧,,,0,0,0,8602,0.04,,,
7585,7587,91774.7925,25:29:34.793,B,帧,,,0,0,0,3783,0.04,,,
7586,7586,91774.8325,25:29:34.833,B,帧,,,0,0,0,5090,0.04,,,
7587,7588,91774.8725,25:29:34.873,B,帧,,,0,0,0,3562,0.04,,,
7588,7581,91774.9125,25:29:34.913,P,帧,,,0,0,0,57425,0.04,,,
7589,7592,91774.9525,25:29:34.953,B,帧,,,0,0,0,3760,0.04,,,
7590,7591,91774.9925,25:29:34.993,B,帧,,,0,0,0,5915,0.04,,,
7591,7593,91775.0325,25:29:35.033,B,帧,,,0,0,0,3769,0.04,,,
7592,7590,91775.0725,25:29:35.073,B,帧,,,0,0,0,7754,0.04,,,
7593,7595,91775.1125,25:29:35.113,B,帧,,,0,0,0,3366,0.04,,,
7594,7594,91775.1525,25:29:35.153,B,帧,,,0,0,0,5085,0.04,,,
7595,7596,91775.1925,25:29:35.193,B,帧,,,0,0,0,3312,0.04,,,
7596,7589,91775.2325,25:29:35.233,I,帧,1920,1080,0,0,1,182779,0.04,,,
7597,7600,91775.2725,25:29:35.273,B,帧,,,0,0,0,4213,0.04,,,
7598,7599,91775.3125,25:29:35.313,B,帧,,,0,0,0,6027,0.04,,,
7599,7601,91775.3525,25:29:35.353,B,帧,,,0,0,0,4344,0.04,,,
7600,7598,91775.3925,25:29:35.393,B,帧,,,0,0,0,8868,0.04,,,
7601,7603,91775.4325,25:29:35.433,B,帧,,,0,0,0,4567,0.04,,,
7602,7602,91775.4725,25:29:35.473,B,帧,,,0,0,0,7004,0.04,,,
7603,7604,91775.5125,25:29:35.513,B,帧,,,0,0,0,5306,0.04,,,
7604,7597,91775.5525,25:29:35.553,P,帧,,,0,0,0,73457,0.04,,,
7605,7608,91775.5925,25:29:35.593,B,帧,,,0,0,0,4072,0.04,,,
7606,7607,91775.6325,25:29:35.633,B,帧,,,0,0,0,7877,0.04,,,
7607,7609,91775.6725,25:29:35.673,B,帧,,,0,0,0,4288,0.04,,,
7608,7606,91775.7125,25:29:35.713,B,帧,,,0,0,0,12589,0.04,,,
7609,7611,91775.7525,25:29:35.753,B,帧,,,0,0,0,4458,0.04,,,
7610,7610,91775.7925,25:29:35.793,B,帧,,,0,0,0,6925,0.04,,,
7611,7612,91775.8325,25:29:35.833,B,帧,,,0,0,0,4347,0.04,,,
7612,7605,91775.8725,25:29:35.873,P,帧,,,0,0,0,108365,0.04,,,
7613,7614,91775.9125,25:29:35.913,B,帧,,,0,0,0,3712,0.04,,,
7614,7613,91775.9525,25:29:35.953,P,帧,,,0,0,0,36732,0.04,,,
7615,7615,91775.9925,25:29:35.993,I,,1920,1080,0,1,1,163768,0.04,,,
7616,7619,91776.0325,25:29:36.033,B,帧,,,0,0,0,4725,0.04,,,
7617,7618,91776.0725,25:29:36.073,B,帧,,,0,0,0,6199,0.04,,,
7618,7617,91776.1125,25:29:36.113,B,帧,,,0,0,0,10327,0.04,,,
7619,7621,91776.1525,25:29:36.153,B,帧,,,0,0,0,8293,0.04,,,
7620,7620,91776.1925,25:29:36.193,B,帧,,,0,0,0,11941,0.04,,,
7621,7616,91776.2325,25:29:36.233,P,帧,,,0,0,0,53109,0.04,,,
7622,7622,91776.2725,25:29:36.273,P,帧,,,0,0,0,26586,0.04,,,
7623,7625,91776.3125,25:29:36.313,B,帧,,,0,0,0,7332,0.04,,,
7624,7624,91776.3525,25:29:36.353,B,帧,,,0,0,0,10740,0.04,,,
7625,7626,91776.3925,25:29:36.393,B,帧,,,0,0,0,7811,0.04,,,
7626,7623,91776.4325,25:29:36.433,P,帧,,,0,0,0,50084,0.04,,,
7627,7629,91776.4725,25:29:36.473,B,帧,,,0,0,0,9226,0.04,,,
7628,7628,91776.5125,25:29:36.513,B,帧,,,0,0,0,13211,0.04,,,
7629,7630,91776.5525,25:29:36.553,B,帧,,,0,0,0,11181,0.04,,,
7630,7627,91776.5925,25:29:36.593,P,帧,,,0,0,0,60882,0.04,,,
7631,7634,91776.6325,25:29:36.633,B,帧,,,0,0,0,10400,0.04,,,
7632,7633,91776.6725,25:29:36.673,B,帧,,,0,0,0,14058,0.04,,,
7633,7632,91776.7125,25:29:36.713,B,帧,,,0,0,0,22590,0.04,,,
7634,7635,91776.7525,25:29:36.753,B,帧,,,0,0,0,10243,0.04,,,
7635,7631,91776.7925,25:29:36.793,P,帧,,,0,0,0,79964,0.04,,,
7636,7642,91776.8325,25:29:36.833,B,场,,,0,0,0,5303,0.04,40ms,,场/帧模式切换;duration变为40ms
7637,7643,91776.8525,25:29:36.853,B,场,,,0,0,0,5057,0.02,20ms,,duration变为20ms
7638,7640,91776.8725,25:29:36.873,B,场,,,0,0,0,8335,0.02,,,
7639,7641,91776.8925,25:29:36.893,B,场,,,0,0,0,5860,0.02,,,
7640,7638,91776.9125,25:29:36.913,B,场,,,0,0,0,12150,0.02,,,
7641,7639,91776.9325,25:29:36.933,B,场,,,0,0,0,9862,0.02,,,
7642,7644,91776.9525,25:29:36.953,B,场,,,0,0,0,5462,0.02,,,
7643,7645,91776.9725,25:29:36.973,B,场,,,0,0,0,5302,0.02,,,
7644,7636,91776.9925,25:29:36.993,I,场,1920,1080,0,0,1,91221,0.02,,,
7645,7637,91777.0125,25:29:37.013,P,场,,,0,0,0,28045,0.02,,,
7646,7652,91777.0325,25:29:37.033,B,场,,,0,0,0,6910,0.02,,,
7647,7653,91777.0525,25:29:37.053,B,场,,,0,0,0,5295,0.02,,,
7648,7650,91777.0725,25:29:37.073,B,场,,,0,0,0,12524,0.02,,,
7649,7651,91777.0925,25:29:37.093,B,场,,,0,0,0,7867,0.02,,,
7650,7648,91777.1125,25:29:37.113,B,场,,,0,0,0,12274,0.02,,,
7651,7649,91777.1325,25:29:37.133,B,场,,,0,0,0,15282,0.02,,,
7652,7656,91777.1525,25:29:37.153,B,场,,,0,0,0,6363,0.02,,,
7653,7657,91777.1725,25:29:37.173,B,场,,,0,0,0,5587,0.02,,,
7654,7654,91777.1925,25:29:37.193,B,场,,,0,0,0,7316,0.02,,,
7655,7655,91777.2125,25:29:37.213,B,场,,,0,0,0,12186,0.02,,,
7656,7646,91777.2325,25:29:37.233,P,场,,,0,0,0,42916,0.02,,,
7657,7647,91777.2525,25:29:37.253,P,场,,,0,0,0,29144,0.02,,,
7658,7661,91777.2725,25:29:37.273,B,帧,,,0,0,0,10411,0.02,20ms,,场/帧模式切换;duration变为20ms
7659,7660,91777.3125,25:29:37.313,B,帧,,,0,0,0,10016,0.04,40ms,,duration变为40ms
7660,7659,91777.3525,25:29:37.353,B,帧,,,0,0,0,15863,0.04,,,
7661,7662,91777.3925,25:29:37.393,B,帧,,,0,0,0,6383,0.04,,,
7662,7658,91777.4325,25:29:37.433,P,帧,,,0,0,0,90936,0.04,,,
7663,7666,91777.4725,25:29:37.473,B,帧,,,0,0,0,6526,0.04,,,
7664,7665,91777.5125,25:29:37.513,B,帧,,,0,0,0,11065,0.04,,,
7665,7667,91777.5525,25:29:37.553,B,帧,,,0,0,0,5919,0.04,,,
7666,7664,91777.5925,25:29:37.593,B,帧,,,0,0,0,13380,0.04,,,
7667,7669,91777.6325,25:29:37.633,B,帧,,,0,0,0,5539,0.04,,,
7668,7668,91777.6725,25:29:37.673,B,帧,,,0,0,0,8540,0.04,,,
7669,7663,91777.7125,25:29:37.713,P,帧,,,0,0,0,56175,0.04,,,
7670,7673,91777.7525,25:29:37.753,B,帧,,,0,0,0,5664,0.04,,,
7671,7672,91777.7925,25:29:37.793,B,帧,,,0,0,0,8335,0.04,,,
7672,7671,91777.8325,25:29:37.833,B,帧,,,0,0,0,14103,0.04,,,
7673,7674,91777.8725,25:29:37.873,B,帧,,,0,0,0,6662,0.04,,,
7674,7670,91777.9125,25:29:37.913,P,帧,,,0,0,0,47696,0.04,,,
7675,7675,91777.9525,25:29:37.953,I,,1920,1080,0,1,1,84139,0.04,,,
7676,7676,91777.9725,25:29:37.973,P,场,,,0,0,0,42493,0.04,,,场/帧模式切换
7677,7680,91777.9925,25:29:37.993,B,帧,,,0,0,0,11573,0.04,,,场/帧模式切换
7678,7679,91778.0325,25:29:38.033,B,帧,,,0,0,0,20687,0.04,,,
7679,7681,91778.0725,25:29:38.073,B,帧,,,0,0,0,8286,0.04,,,
7680,7678,91778.1125,25:29:38.113,B,帧,,,0,0,0,23196,0.04,,,
7681,7683,91778.1525,25:29:38.153,B,帧,,,0,0,0,8470,0.04,,,
7682,7682,91778.1925,25:29:38.193,B,帧,,,0,0,0,15247,0.04,,,
7683,7684,91778.2325,25:29:38.233,B,帧,,,0,0,0,8351,0.04,,,
7684,7677,91778.2725,25:29:38.273,P,帧,,,0,0,0,69683,0.04,,,
7685,7688,91778.3125,25:29:38.313,B,帧,,,0,0,0,7696,0.04,,,
7686,7687,91778.3525,25:29:38.353,B,帧,,,0,0,0,14217,0.04,,,
7687,7689,91778.3925,25:29:38.393,B,帧,,,0,0,0,7514,0.04,,,
7688,7686,91778.4325,25:29:38.433,B,帧,,,0,0,0,11276,0.04,,,
7689,7691,91778.4725,25:29:38.473,B,帧,,,0,0,0,8038,0.04,,,
7690,7690,91778.5125,25:29:38.513,B,帧,,,0,0,0,14933,0.04,,,
7691,7692,91778.5525,25:29:38.553,B,帧,,,0,0,0,7919,0.04,,,
7692,7685,91778.5925,25:29:38.593,P,帧,,,0,0,0,39346,0.04,,,
7693,7696,91778.6325,25:29:38.633,B,帧,,,0,0,0,7536,0.04,,,
7694,7695,91778.6725,25:29:38.673,B,帧,,,0,0,0,14260,0.04,,,
7695,7697,91778.7125,25:29:38.713,B,帧,,,0,0,0,8017,0.04,,,
7696,7694,91778.7525,25:29:38.753,B,帧,,,0,0,0,13299,0.04,,,
7697,7699,91778.7925,25:29:38.793,B,帧,,,0,0,0,7854,0.04,,,
7698,7698,91778.8325,25:29:38.833,B,帧,,,0,0,0,14555,0.04,,,
7699,7700,91778.8725,25:29:38.873,B,帧,,,0,0,0,7627,0.04,,,
7700,7693,91778.9125,25:29:38.913,I,帧,1920,1080,0,0,1,123197,0.04,,,
7701,7704,91778.9525,25:29:38.953,B,帧,,,0,0,0,8002,0.04,,,
7702,7703,91778.9925,25:29:38.993,B,帧,,,0,0,0,14845,0.04,,,
7703,7705,91779.0325,25:29:39.033,B,帧,,,0,0,0,7348,0.04,,,
7704,7702,91779.0725,25:29:39.073,B,帧,,,0,0,0,13656,0.04,,,
7705,7707,91779.1125,25:29:39.113,B,帧,,,0,0,0,6874,0.04,,,
7706,7706,91779.1525,25:29:39.153,B,帧,,,0,0,0,13204,0.04,,,
7707,7708,91779.1925,25:29:39.193,B,帧,,,0,0,0,8258,0.04,,,
7708,7701,91779.2325,25:29:39.233,P,帧,,,0,0,0,43647,0.04,,,
7709,7712,91779.2725,25:29:39.273,B,帧,,,0,0,0,8706,0.04,,,
7710,7711,91779.3125,25:29:39.313,B,帧,,,0,0,0,14452,0.04,,,
7711,7713,91779.3525,25:29:39.353,B,帧,,,0,0,0,9220,0.04,,,
7712,7710,91779.3925,25:29:39.393,B,帧,,,0,0,0,15768,0.04,,,
7713,7715,91779.4325,25:29:39.433,B,帧,,,0,0,0,8948,0.04,,,
7714,7714,91779.4725,25:29:39.473,B,帧,,,0,0,0,19408,0.04,,,
7715,7716,91779.5125,25:29:39.513,B,帧,,,0,0,0,8013,0.04,,,
7716,7709,91779.5525,25:29:39.553,P,帧,,,0,0,0,40697,0.04,,,
7717,7720,91779.5925,25:29:39.593,B,帧,,,0,0,0,9287,0.04,,,
7718,7719,91779.6325,25:29:39.633,B,帧,,,0,0,0,15432,0.04,,,
7719,7721,91779.6725,25:29:39.673,B,帧,,,0,0,0,9198,0.04,,,
7720,7718,91779.7125,25:29:39.713,B,帧,,,0,0,0,12930,0.04,,,
7721,7723,91779.7525,25:29:39.753,B,帧,,,0,0,0,7570,0.04,,,
7722,7722,91779.7925,25:29:39.793,B,帧,,,0,0,0,12926,0.04,,,
7723,7724,91779.8325,25:29:39.833,B,帧,,,0,0,0,13598,0.04,,,
7724,7717,91779.8725,25:29:39.873,P,帧,,,0,0,0,42560,0.04,,,
7725,7725,91779.9125,25:29:39.913,I,,1920,1080,0,1,1,96902,0.04,40ms,,duration变为40ms
7726,7726,91779.9325,25:29:39.933,P,场,,,0,0,0,32651,0.02,20ms,,场/帧模式切换;duration变为20ms
7727,7733,91779.9525,25:29:39.953,B,场,,,0,0,0,5032,0.02,,,
7728,7734,91779.9725,25:29:39.973,B,场,,,0,0,0,4434,0.02,,,
7729,7731,91779.9925,25:29:39.993,B,场,,,0,0,0,5406,0.02,,,
7730,7732,91780.0125,25:29:40.013,B,场,,,0,0,0,15942,0.02,,,
7731,7735,91780.0325,25:29:40.033,B,场,,,0,0,0,4539,0.02,,,
7732,7736,91780.0525,25:29:40.053,B,场,,,0,0,0,12889,0.02,,,
7733,7729,91780.0725,25:29:40.073,B,场,,,0,0,0,8752,0.02,,,
7734,7730,91780.0925,25:29:40.093,B,场,,,0,0,0,22949,0.02,,,
7735,7739,91780.1125,25:29:40.113,B,场,,,0,0,0,3901,0.02,,,
7736,7740,91780.1325,25:29:40.133,B,场,,,0,0,0,11833,0.02,,,
7737,7737,91780.1525,25:29:40.153,B,场,,,0,0,0,4505,0.02,,,
7738,7738,91780.1725,25:29:40.173,B,场,,,0,0,0,14927,0.02,,,
7739,7741,91780.1925,25:29:40.193,B,场,,,0,0,0,3981,0.02,,,
7740,7742,91780.2125,25:29:40.213,B,场,,,0,0,0,13685,0.02,,,
7741,7727,91780.2325,25:29:40.233,P,场,,,0,0,0,24585,0.02,,,
7742,7728,91780.2525,25:29:40.253,P,场,,,0,0,0,23105,0.02,,,
7743,7749,91780.2725,25:29:40.273,B,场,,,0,0,0,3955,0.02,,,
7744,7750,91780.2925,25:29:40.293,B,场,,,0,0,0,3928,0.02,,,
7745,7747,91780.3125,25:29:40.313,B,场,,,0,0,0,4279,0.02,,,
7746,7748,91780.3325,25:29:40.333,B,场,,,0,0,0,14953,0.02,,,
7747,7751,91780.3525,25:29:40.353,B,场,,,0,0,0,3832,0.02,,,
7748,7752,91780.3725,25:29:40.373,B,场,,,0,0,0,14352,0.02,,,
7749,7745,91780.3925,25:29:40.393,B,场,,,0,0,0,7303,0.02,,,
7750,7746,91780.4125,25:29:40.413,B,场,,,0,0,0,18894,0.02,,,
7751,7755,91780.4325,25:29:40.433,B,场,,,0,0,0,4183,0.02,,,
7752,7756,91780.4525,25:29:40.453,B,场,,,0,0,0,14191,0.02,,,
7753,7753,91780.4725,25:29:40.473,B,场,,,0,0,0,4464,0.02,,,
7754,7754,91780.4925,25:29:40.493,B,场,,,0,0,0,15664,0.02,,,
7755,7757,91780.5125,25:29:40.513,B,场,,,0,0,0,3297,0.02,,,
7756,7758,91780.5325,25:29:40.533,B,场,,,0,0,0,12643,0.02,,,
7757,7743,91780.5525,25:29:40.553,P,场,,,0,0,0,16364,0.02,,,
7758,7744,91780.5725,25:29:40.573,P,场,,,0,0,0,11460,0.02,,,
7759,7765,91780.5925,25:29:40.593,B,场,,,0,0,0,3471,0.02,,,
7760,7766,91780.6125,25:29:40.613,B,场,,,0,0,0,3444,0.02,,,
7761,7763,91780.6325,25:29:40.633,B,场,,,0,0,0,4381,0.02,,,
7762,7764,91780.6525,25:29:40.653,B,场,,,0,0,0,13329,0.02,,,
7763,7767,91780.6725,25:29:40.673,B,场,,,0,0,0,3383,0.02,,,
7764,7768,91780.6925,25:29:40.693,B,场,,,0,0,0,12508,0.02,,,
7765,7761,91780.7125,25:29:40.713,B,场,,,0,0,0,6750,0.02,,,
7766,7762,91780.7325,25:29:40.733,B,场,,,0,0,0,15685,0.02,,,
7767,7771,91780.7525,25:29:40.753,B,场,,,0,0,0,3618,0.02,,,
7768,7772,91780.7725,25:29:40.773,B,场,,,0,0,0,11993,0.02,,,
7769,7769,91780.7925,25:29:40.793,B,场,,,0,0,0,5012,0.02,,,
7770,7770,91780.8125,25:29:40.813,B,场,,,0,0,0,13198,0.02,,,
7771,7773,91780.8325,25:29:40.833,B,场,,,0,0,0,3455,0.02,,,
7772,7774,91780.8525,25:29:40.853,B,场,,,0,0,0,11957,0.02,,,
7773,7759,91780.8725,25:29:40.873,I,场,1920,1080,0,0,1,80241,0.02,,,
7774,7760,91780.8925,25:29:40.893,P,场,,,0,0,0,25340,0.02,,,
7775,7781,91780.9125,25:29:40.913,B,场,,,0,0,0,3429,0.02,,,
7776,7782,91780.9325,25:29:40.933,B,场,,,0,0,0,3787,0.02,,,
7777,7779,91780.9525,25:29:40.953,B,场,,,0,0,0,4268,0.02,,,
7778,7780,91780.9725,25:29:40.973,B,场,,,0,0,0,13680,0.02,,,
7779,7783,91780.9925,25:29:40.993,B,场,,,0,0,0,3339,0.02,,,
7780,7784,91781.0125,25:29:41.013,B,场,,,0,0,0,12568,0.02,,,
7781,7777,91781.0325,25:29:41.033,B,场,,,0,0,0,6440,0.02,,,
7782,7778,91781.0525,25:29:41.053,B,场,,,0,0,0,15229,0.02,,,
7783,7787,91781.0725,25:29:41.073,B,场,,,0,0,0,3567,0.02,,,
7784,7788,91781.0925,25:29:41.093,B,场,,,0,0,0,13073,0.02,,,
7785,7785,91781.1125,25:29:41.113,B,场,,,0,0,0,4757,0.02,,,
7786,7786,91781.1325,25:29:41.133,B,场,,,0,0,0,14106,0.02,,,
7787,7789,91781.1525,25:29:41.153,B,场,,,0,0,0,3289,0.02,,,
7788,7790,91781.1725,25:29:41.173,B,场,,,0,0,0,11010,0.02,,,
7789,7775,91781.1925,25:29:41.193,P,场,,,0,0,0,16276,0.02,,,
7790,7776,91781.2125,25:29:41.213,P,场,,,0,0,0,10445,0.02,,,
7791,7797,91781.2325,25:29:41.233,B,场,,,0,0,0,3367,0.02,,,
7792,7798,91781.2525,25:29:41.253,B,场,,,0,0,0,3360,0.02,,,
7793,7795,91781.2725,25:29:41.273,B,场,,,0,0,0,4186,0.02,,,
7794,7796,91781.2925,25:29:41.293,B,场,,,0,0,0,12899,0.02,,,
7795,7799,91781.3125,25:29:41.313,B,场,,,0,0,0,3938,0.02,,,
7796,7800,91781.3325,25:29:41.333,B,场,,,0,0,0,13023,0.02,,,
7797,7793,91781.3525,25:29:41.353,B,场,,,0,0,0,7794,0.02,,,
7798,7794,91781.3725,25:29:41.373,B,场,,,0,0,0,15923,0.02,,,
7799,7803,91781.3925,25:29:41.393,B,场,,,0,0,0,3954,0.02,,,
7800,7804,91781.4125,25:29:41.413,B,场,,,0,0,0,10705,0.02,,,
7801,7801,91781.4325,25:29:41.433,B,场,,,0,0,0,5681,0.02,,,
7802,7802,91781.4525,25:29:41.453,B,场,,,0,0,0,12169,0.02,,,
7803,7805,91781.4725,25:29:41.473,B,场,,,0,0,0,3828,0.02,,,
7804,7806,91781.4925,25:29:41.493,B,场,,,0,0,0,10238,0.02,,,
7805,7791,91781.5125,25:29:41.513,P,场,,,0,0,0,24636,0.02,,,
7806,7792,91781.5325,25:29:41.533,P,场,,,0,0,0,20065,0.02,,,
7807,7811,91781.5525,25:29:41.553,B,场,,,0,0,0,3447,0.02,,,
7808,7812,91781.5725,25:29:41.573,B,场,,,0,0,0,8148,0.02,,,
7809,7809,91781.5925,25:29:41.593,B,场,,,0,0,0,4477,0.02,,,
7810,7810,91781.6125,25:29:41.613,B,场,,,0,0,0,9480,0.02,,,
7811,7813,91781.6325,25:29:41.633,B,场,,,0,0,0,3465,0.02,,,
7812,7814,91781.6525,25:29:41.653,B,场,,,0,0,0,9719,0.02,,,
7813,7807,91781.6725,25:29:41.673,P,场,,,0,0,0,13642,0.02,,,
7814,7808,91781.6925,25:29:41.693,P,场,,,0,0,0,9106,0.02,,,
7815,7815,91781.7125,25:29:41.713,I,,1920,1080,0,1,1,118717,0.02,,,
7816,7816,91781.7325,25:29:41.733,P,场,,,0,0,0,43810,0.02,,,
7817,7820,91781.7525,25:29:41.753,B,帧,,,0,0,0,8783,0.02,20ms,,场/帧模式切换;duration变为20ms
7818,7819,91781.7925,25:29:41.793,B,帧,,,0,0,0,12983,0.04,40ms,,duration变为40ms
7819,7821,91781.8325,25:29:41.833,B,帧,,,0,0,0,6933,0.04,,,
7820,7818,91781.8725,25:29:41.873,B,帧,,,0,0,0,15327,0.04,,,
7821,7823,91781.9125,25:29:41.913,B,帧,,,0,0,0,7203,0.04,,,
7822,7822,91781.9525,25:29:41.953,B,帧,,,0,0,0,12249,0.04,,,
7823,7824,91781.9925,25:29:41.993,B,帧,,,0,0,0,7415,0.04,,,
7824,7817,91782.0325,25:29:42.033,P,帧,,,0,0,0,76296,0.04,,,
7825,7828,91782.0725,25:29:42.073,B,帧,,,0,0,0,6410,0.04,,,
7826,7827,91782.1125,25:29:42.113,B,帧,,,0,0,0,12747,0.04,,,
7827,7829,91782.1525,25:29:42.153,B,帧,,,0,0,0,8827,0.04,,,
7828,7826,91782.1925,25:29:42.193,B,帧,,,0,0,0,16327,0.04,,,
7829,7831,91782.2325,25:29:42.233,B,帧,,,0,0,0,7789,0.04,,,
7830,7830,91782.2725,25:29:42.273,B,帧,,,0,0,0,16419,0.04,,,
7831,7832,91782.3125,25:29:42.313,B,帧,,,0,0,0,8975,0.04,,,
7832,7825,91782.3525,25:29:42.353,P,帧,,,0,0,0,41278,0.04,,,
7833,7836,91782.3925,25:29:42.393,B,帧,,,0,0,0,8714,0.04,,,
7834,7835,91782.4325,25:29:42.433,B,帧,,,0,0,0,14476,0.04,,,
7835,7837,91782.4725,25:29:42.473,B,帧,,,0,0,0,6859,0.04,,,
7836,7834,91782.5125,25:29:42.513,B,帧,,,0,0,0,12571,0.04,,,
7837,7839,91782.5525,25:29:42.553,B,帧,,,0,0,0,6430,0.04,,,
7838,7838,91782.5925,25:29:42.593,B,帧,,,0,0,0,11732,0.04,,,
7839,7840,91782.6325,25:29:42.633,B,帧,,,0,0,0,7243,0.04,,,
7840,7833,91782.6725,25:29:42.673,I,帧,1920,1080,0,0,1,176802,0.04,,,
7841,7844,91782.7125,25:29:42.713,B,帧,,,0,0,0,7779,0.04,,,
7842,7843,91782.7525,25:29:42.753,B,帧,,,0,0,0,14345,0.04,,,
7843,7845,91782.7925,25:29:42.793,B,帧,,,0,0,0,9757,0.04,,,
7844,7842,91782.8325,25:29:42.833,B,帧,,,0,0,0,14602,0.04,,,
7845,7847,91782.8725,25:29:42.873,B,帧,,,0,0,0,8638,0.04,,,
7846,7846,91782.9125,25:29:42.913,B,帧,,,0,0,0,14058,0.04,,,
7847,7848,91782.9525,25:29:42.953,B,帧,,,0,0,0,8639,0.04,,,
7848,7841,91782.9925,25:29:42.993,P,帧,,,0,0,0,44770,0.04,,,
7849,7852,91783.0325,25:29:43.033,B,帧,,,0,0,0,9671,0.04,,,
7850,7851,91783.0725,25:29:43.073,B,帧,,,0,0,0,16490,0.04,,,
7851,7853,91783.1125,25:29:43.113,B,帧,,,0,0,0,7110,0.04,,,
7852,7850,91783.1525,25:29:43.153,B,帧,,,0,0,0,14580,0.04,,,
7853,7855,91783.1925,25:29:43.193,B,帧,,,0,0,0,6688,0.04,,,
7854,7854,91783.2325,25:29:43.233,B,帧,,,0,0,0,12526,0.04,,,
7855,7856,91783.2725,25:29:43.273,B,帧,,,0,0,0,6769,0.04,,,
7856,7849,91783.3125,25:29:43.313,P,帧,,,0,0,0,47110,0.04,,,
7857,7860,91783.3525,25:29:43.353,B,帧,,,0,0,0,7808,0.04,,,
7858,7859,91783.3925,25:29:43.393,B,帧,,,0,0,0,13000,0.04,,,
7859,7861,91783.4325,25:29:43.433,B,帧,,,0,0,0,7002,0.04,,,
7860,7858,91783.4725,25:29:43.473,B,帧,,,0,0,0,13338,0.04,,,
7861,7863,91783.5125,25:29:43.513,B,帧,,,0,0,0,8195,0.04,,,
7862,7862,91783.5525,25:29:43.553,B,帧,,,0,0,0,14386,0.04,,,
7863,7864,91783.5925,25:29:43.593,B,帧,,,0,0,0,7821,0.04,,,
7864,7857,91783.6325,25:29:43.633,I,帧,1920,1080,0,0,1,172598,0.04,,,
7865,7865,91783.6725,25:29:43.673,P,帧,,,0,0,0,28360,0.04,,,
7866,7866,91783.7125,25:29:43.713,I,,1920,1080,0,1,1,90837,0.04,,,
7867,7867,91783.7325,25:29:43.733,P,场,,,0,0,0,39534,0.04,,,场/帧模式切换
7868,7871,91783.7525,25:29:43.753,B,帧,,,0,0,0,9886,0.04,,,场/帧模式切换
7869,7870,91783.7925,25:29:43.793,B,帧,,,0,0,0,15006,0.04,,,
7870,7872,91783.8325,25:29:43.833,B,帧,,,0,0,0,8865,0.04,,,
7871,7869,91783.8725,25:29:43.873,B,帧,,,0,0,0,28819,0.04,,,
7872,7874,91783.9125,25:29:43.913,B,帧,,,0,0,0,8370,0.04,,,
7873,7873,91783.9525,25:29:43.953,B,帧,,,0,0,0,17939,0.04,,,
7874,7875,91783.9925,25:29:43.993,B,帧,,,0,0,0,8884,0.04,,,
7875,7868,91784.0325,25:29:44.033,P,帧,,,0,0,0,82095,0.04,,,
7876,7879,91784.0725,25:29:44.073,B,帧,,,0,0,0,8826,0.04,,,
7877,7878,91784.1125,25:29:44.113,B,帧,,,0,0,0,16675,0.04,,,
7878,7880,91784.1525,25:29:44.153,B,帧,,,0,0,0,8894,0.04,,,
7879,7877,91784.1925,25:29:44.193,B,帧,,,0,0,0,21966,0.04,,,
7880,7882,91784.2325,25:29:44.233,B,帧,,,0,0,0,10206,0.04,,,
7881,7881,91784.2725,25:29:44.273,B,帧,,,0,0,0,15134,0.04,,,
7882,7883,91784.3125,25:29:44.313,B,帧,,,0,0,0,11333,0.04,,,
7883,7876,91784.3525,25:29:44.353,P,帧,,,0,0,0,73592,0.04,,,
7884,7887,91784.3925,25:29:44.393,B,帧,,,0,0,0,9095,0.04,,,
7885,7886,91784.4325,25:29:44.433,B,帧,,,0,0,0,15158,0.04,,,
7886,7888,91784.4725,25:29:44.473,B,帧,,,0,0,0,8101,0.04,,,
7887,7885,91784.5125,25:29:44.513,B,帧,,,0,0,0,21214,0.04,,,
7888,7890,91784.5525,25:29:44.553,B,帧,,,0,0,0,8441,0.04,,,
7889,7889,91784.5925,25:29:44.593,B,帧,,,0,0,0,14024,0.04,,,
7890,7891,91784.6325,25:29:44.633,B,帧,,,0,0,0,8292,0.04,,,
7891,7884,91784.6725,25:29:44.673,I,帧,1920,1080,0,0,1,148394,0.04,,,
7892,7895,91784.7125,25:29:44.713,B,帧,,,0,0,0,7002,0.04,,,
7893,7894,91784.7525,25:29:44.753,B,帧,,,0,0,0,14208,0.04,,,
7894,7896,91784.7925,25:29:44.793,B,帧,,,0,0,0,6829,0.04,,,
7895,7893,91784.8325,25:29:44.833,B,帧,,,0,0,0,20815,0.04,,,
7896,7898,91784.8725,25:29:44.873,B,帧,,,0,0,0,6255,0.04,,,
7897,7897,91784.9125,25:29:44.913,B,帧,,,0,0,0,16409,0.04,,,
7898,7899,91784.9525,25:29:44.953,B,帧,,,0,0,0,9139,0.04,,,
7899,7892,91784.9925,25:29:44.993,P,帧,,,0,0,0,69283,0.04,,,
7900,7903,91785.0325,25:29:45.033,B,帧,,,0,0,0,8084,0.04,,,
7901,7902,91785.0725,25:29:45.073,B,帧,,,0,0,0,18630,0.04,,,
7902,7904,91785.1125,25:29:45.113,B,帧,,,0,0,0,6132,0.04,,,
7903,7901,91785.1525,25:29:45.153,B,帧,,,0,0,0,25270,0.04,,,
7904,7906,91785.1925,25:29:45.193,B,帧,,,0,0,0,6112,0.04,,,
7905,7905,91785.2325,25:29:45.233,B,帧,,,0,0,0,16146,0.04,,,
7906,7907,91785.2725,25:29:45.273,B,帧,,,0,0,0,6304,0.04,,,
7907,7900,91785.3125,25:29:45.313,P,帧,,,0,0,0,68567,0.04,,,
7908,7911,91785.3525,25:29:45.353,B,帧,,,0,0,0,8803,0.04,,,
7909,7910,91785.3925,25:29:45.393,B,帧,,,0,0,0,16296,0.04,,,
7910,7912,91785.4325,25:29:45.433,B,帧,,,0,0,0,7374,0.04,,,
7911,7909,91785.4725,25:29:45.473,B,帧,,,0,0,0,19851,0.04,,,
7912,7914,91785.5125,25:29:45.513,B,帧,,,0,0,0,7225,0.04,,,
7913,7913,91785.5525,25:29:45.553,B,帧,,,0,0,0,12964,0.04,,,
7914,7915,91785.5925,25:29:45.593,B,帧,,,0,0,0,7639,0.04,,,
7915,7908,91785.6325,25:29:45.633,I,帧,1920,1080,0,0,1,132789,0.04,,,
7916,7916,91785.6725,25:29:45.673,P,帧,,,0,0,0,24598,0.04,,,
7917,7917,91785.7125,25:29:45.713,I,,1920,1080,0,1,1,79345,0.04,40ms,,duration变为40ms
7918,7918,91785.7325,25:29:45.733,P,场,,,0,0,0,37190,0.02,20ms,,场/帧模式切换;duration变为20ms
7919,7925,91785.7525,25:29:45.753,B,场,,,0,0,0,5547,0.02,,,
7920,7926,91785.7725,25:29:45.773,B,场,,,0,0,0,4492,0.02,,,
7921,7923,91785.7925,25:29:45.793,B,场,,,0,0,0,6791,0.02,,,
7922,7924,91785.8125,25:29:45.813,B,场,,,0,0,0,19969,0.02,,,
7923,7927,91785.8325,25:29:45.833,B,场,,,0,0,0,4192,0.02,,,
7924,7928,91785.8525,25:29:45.853,B,场,,,0,0,0,5330,0.02,,,
7925,7921,91785.8725,25:29:45.873,B,场,,,0,0,0,6919,0.02,,,
7926,7922,91785.8925,25:29:45.893,B,场,,,0,0,0,10627,0.02,,,
7927,7931,91785.9125,25:29:45.913,B,场,,,0,0,0,5287,0.02,,,
7928,7932,91785.9325,25:29:45.933,B,场,,,0,0,0,6484,0.02,,,
7929,7929,91785.9525,25:29:45.953,B,场,,,0,0,0,5521,0.02,,,
7930,7930,91785.9725,25:29:45.973,B,场,,,0,0,0,15679,0.02,,,
7931,7933,91785.9925,25:29:45.993,B,场,,,0,0,0,4269,0.02,,,
7932,7934,91786.0125,25:29:46.013,B,场,,,0,0,0,15346,0.02,,,
7933,7919,91786.0325,25:29:46.033,P,场,,,0,0,0,23699,0.02,,,
7934,7920,91786.0525,25:29:46.053,P,场,,,0,0,0,20979,0.02,,,
7935,7941,91786.0725,25:29:46.073,B,场,,,0,0,0,4275,0.02,,,
7936,7942,91786.0925,25:29:46.093,B,场,,,0,0,0,3937,0.02,,,
7937,7939,91786.1125,25:29:46.113,B,场,,,0,0,0,4219,0.02,,,
7938,7940,91786.1325,25:29:46.133,B,场,,,0,0,0,13234,0.02,,,
7939,7943,91786.1525,25:29:46.153,B,场,,,0,0,0,3062,0.02,,,
7940,7944,91786.1725,25:29:46.173,B,场,,,0,0,0,6018,0.02,,,
7941,7937,91786.1925,25:29:46.193,B,场,,,0,0,0,4563,0.02,,,
7942,7938,91786.2125,25:29:46.213,B,场,,,0,0,0,18009,0.02,,,
7943,7947,91786.2325,25:29:46.233,B,场,,,0,0,0,4256,0.02,,,
7944,7948,91786.2525,25:29:46.253,B,场,,,0,0,0,5703,0.02,,,
7945,7945,91786.2725,25:29:46.273,B,场,,,0,0,0,8061,0.02,,,
7946,7946,91786.2925,25:29:46.293,B,场,,,0,0,0,13706,0.02,,,
7947,7949,91786.3125,25:29:46.313,B,场,,,0,0,0,3318,0.02,,,
7948,7950,91786.3325,25:29:46.333,B,场,,,0,0,0,5244,0.02,,,
7949,7935,91786.3525,25:29:46.353,P,场,,,0,0,0,24363,0.02,,,
7950,7936,91786.3725,25:29:46.373,P,场,,,0,0,0,13845,0.02,,,
7951,7957,91786.3925,25:29:46.393,B,场,,,0,0,0,3546,0.02,,,
7952,7958,91786.4125,25:29:46.413,B,场,,,0,0,0,5411,0.02,,,
7953,7955,91786.4325,25:29:46.433,B,场,,,0,0,0,6863,0.02,,,
7954,7956,91786.4525,25:29:46.453,B,场,,,0,0,0,13266,0.02,,,
7955,7959,91786.4725,25:29:46.473,B,场,,,0,0,0,3778,0.02,,,
7956,7960,91786.4925,25:29:46.493,B,场,,,0,0,0,13134,0.02,,,
7957,7953,91786.5125,25:29:46.513,B,场,,,0,0,0,3508,0.02,,,
7958,7954,91786.5325,25:29:46.533,B,场,,,0,0,0,6227,0.02,,,
7959,7963,91786.5525,25:29:46.553,B,场,,,0,0,0,3108,0.02,,,
7960,7964,91786.5725,25:29:46.573,B,场,,,0,0,0,12479,0.02,,,
7961,7961,91786.5925,25:29:46.593,B,场,,,0,0,0,5222,0.02,,,
7962,7962,91786.6125,25:29:46.613,B,场,,,0,0,0,12601,0.02,,,
7963,7965,91786.6325,25:29:46.633,B,场,,,0,0,0,3282,0.02,,,
7964,7966,91786.6525,25:29:46.653,B,场,,,0,0,0,4563,0.02,,,
7965,7951,91786.6725,25:29:46.673,I,场,1920,1080,0,0,1,67653,0.02,,,
7966,7952,91786.6925,25:29:46.693,P,场,,,0,0,0,23892,0.02,,,
7967,7973,91786.7125,25:29:46.713,B,场,,,0,0,0,2963,0.02,,,
7968,7974,91786.7325,25:29:46.733,B,场,,,0,0,0,4896,0.02,,,
7969,7971,91786.7525,25:29:46.753,B,场,,,0,0,0,4412,0.02,,,
7970,7972,91786.7725,25:29:46.773,B,场,,,0,0,0,13859,0.02,,,
7971,7975,91786.7925,25:29:46.793,B,场,,,0,0,0,3325,0.02,,,
7972,7976,91786.8125,25:29:46.813,B,场,,,0,0,0,4187,0.02,,,
7973,7969,91786.8325,25:29:46.833,B,场,,,0,0,0,3549,0.02,,,
7974,7970,91786.8525,25:29:46.853,B,场,,,0,0,0,4039,0.02,,,
7975,7979,91786.8725,25:29:46.873,B,场,,,0,0,0,2931,0.02,,,
7976,7980,91786.8925,25:29:46.893,B,场,,,0,0,0,3937,0.02,,,
7977,7977,91786.9125,25:29:46.913,B,场,,,0,0,0,5014,0.02,,,
7978,7978,91786.9325,25:29:46.933,B,场,,,0,0,0,6543,0.02,,,
7979,7981,91786.9525,25:29:46.953,B,场,,,0,0,0,3442,0.02,,,
7980,7982,91786.9725,25:29:46.973,B,场,,,0,0,0,4266,0.02,,,
7981,7967,91786.9925,25:29:46.993,P,场,,,0,0,0,14612,0.02,,,
7982,7968,91787.0125,25:29:47.013,P,场,,,0,0,0,11891,0.02,,,
7983,7989,91787.0325,25:29:47.033,B,场,,,0,0,0,3209,0.02,,,
7984,7990,91787.0525,25:29:47.053,B,场,,,0,0,0,2682,0.02,,,
7985,7987,91787.0725,25:29:47.073,B,场,,,0,0,0,6112,0.02,,,
7986,7988,91787.0925,25:29:47.093,B,场,,,0,0,0,14223,0.02,,,
7987,7991,91787.1125,25:29:47.113,B,场,,,0,0,0,4479,0.02,,,
7988,7992,91787.1325,25:29:47.133,B,场,,,0,0,0,14051,0.02,,,
7989,7985,91787.1525,25:29:47.153,B,场,,,0,0,0,4362,0.02,,,
7990,7986,91787.1725,25:29:47.173,B,场,,,0,0,0,18232,0.02,,,
7991,7995,91787.1925,25:29:47.193,B,场,,,0,0,0,3711,0.02,,,
7992,7996,91787.2125,25:29:47.213,B,场,,,0,0,0,4635,0.02,,,
7993,7993,91787.2325,25:29:47.233,B,场,,,0,0,0,5441,0.02,,,
7994,7994,91787.2525,25:29:47.253,B,场,,,0,0,0,13678,0.02,,,
7995,7997,91787.2725,25:29:47.273,B,场,,,0,0,0,3958,0.02,,,
7996,7998,91787.2925,25:29:47.293,B,场,,,0,0,0,12471,0.02,,,
7997,7983,91787.3125,25:29:47.313,P,场,,,0,0,0,16893,0.02,,,
7998,7984,91787.3325,25:29:47.333,P,场,,,0,0,0,15639,0.02,,,
7999,8005,91787.3525,25:29:47.353,B,场,,,0,0,0,3458,0.02,,,
8000,8006,91787.3725,25:29:47.373,B,场,,,0,0,0,4385,0.02,,,
8001,8003,91787.3925,25:29:47.393,B,场,,,0,0,0,3963,0.02,,,
8002,8004,91787.4125,25:29:47.413,B,场,,,0,0,0,13242,0.02,,,
8003,8001,91787.4325,25:29:47.433,B,场,,,0,0,0,6581,0.02,,,
8004,8002,91787.4525,25:29:47.453,B,场,,,0,0,0,14861,0.02,,,
8005,8007,91787.4725,25:29:47.473,B,场,,,0,0,0,4368,0.02,,,
8006,8008,91787.4925,25:29:47.493,B,场,,,0,0,0,4699,0.02,,,
8007,7999,91787.5125,25:29:47.513,P,场,,,0,0,0,11864,0.02,,,
8008,8000,91787.5325,25:29:47.533,P,场,,,0,0,0,10478,0.02,,,
8009,8009,91787.5525,25:29:47.553,I,,1920,1080,0,1,1,79764,0.02,,,
8010,8010,91787.5725,25:29:47.573,P,场,,,0,0,0,36197,0.02,,,
8011,8014,91787.5925,25:29:47.593,B,帧,,,0,0,0,7764,0.02,20ms,,场/帧模式切换;duration变为20ms
8012,8013,91787.6325,25:29:47.633,B,帧,,,0,0,0,14068,0.04,40ms,,duration变为40ms
8013,8015,91787.6725,25:29:47.673,B,帧,,,0,0,0,4924,0.04,,,
8014,8012,91787.7125,25:29:47.713,B,帧,,,0,0,0,13655,0.04,,,
8015,8017,91787.7525,25:29:47.753,B,帧,,,0,0,0,5464,0.04,,,
8016,8016,91787.7925,25:29:47.793,B,帧,,,0,0,0,10341,0.04,,,
8017,8018,91787.8325,25:29:47.833,B,帧,,,0,0,0,6085,0.04,,,
8018,8011,91787.8725,25:29:47.873,P,帧,,,0,0,0,43856,0.04,,,
8019,8022,91787.9125,25:29:47.913,B,帧,,,0,0,0,4989,0.04,,,
8020,8021,91787.9525,25:29:47.953,B,帧,,,0,0,0,10174,0.04,,,
8021,8023,91787.9925,25:29:47.993,B,帧,,,0,0,0,7249,0.04,,,
8022,8020,91788.0325,25:29:48.033,B,帧,,,0,0,0,10795,0.04,,,
8023,8025,91788.0725,25:29:48.073,B,帧,,,0,0,0,7570,0.04,,,
8024,8024,91788.1125,25:29:48.113,B,帧,,,0,0,0,12516,0.04,,,
8025,8026,91788.1525,25:29:48.153,B,帧,,,0,0,0,7367,0.04,,,
8026,8019,91788.1925,25:29:48.193,P,帧,,,0,0,0,32514,0.04,,,
8027,8030,91788.2325,25:29:48.233,B,帧,,,0,0,0,6440,0.04,,,
8028,8029,91788.2725,25:29:48.273,B,帧,,,0,0,0,11484,0.04,,,
8029,8031,91788.3125,25:29:48.313,B,帧,,,0,0,0,6469,0.04,,,
8030,8028,91788.3525,25:29:48.353,B,帧,,,0,0,0,8283,0.04,,,
8031,8033,91788.3925,25:29:48.393,B,帧,,,0,0,0,5185,0.04,,,
8032,8032,91788.4325,25:29:48.433,B,帧,,,0,0,0,10304,0.04,,,
8033,8034,91788.4725,25:29:48.473,B,帧,,,0,0,0,6382,0.04,,,
8034,8027,91788.5125,25:29:48.513,I,帧,1920,1080,0,0,1,114104,0.04,,,
8035,8038,91788.5525,25:29:48.553,B,帧,,,0,0,0,5135,0.04,,,
8036,8037,91788.5925,25:29:48.593,B,帧,,,0,0,0,11681,0.04,,,
8037,8039,91788.6325,25:29:48.633,B,帧,,,0,0,0,6501,0.04,,,
8038,8036,91788.6725,25:29:48.673,B,帧,,,0,0,0,11079,0.04,,,
8039,8041,91788.7125,25:29:48.713,B,帧,,,0,0,0,6392,0.04,,,
8040,8040,91788.7525,25:29:48.753,B,帧,,,0,0,0,11549,0.04,,,
8041,8042,91788.7925,25:29:48.793,B,帧,,,0,0,0,6962,0.04,,,
8042,8035,91788.8325,25:29:48.833,P,帧,,,0,0,0,35051,0.04,,,
8043,8046,91788.8725,25:29:48.873,B,帧,,,0,0,0,5920,0.04,,,
8044,8045,91788.9125,25:29:48.913,B,帧,,,0,0,0,12181,0.04,,,
8045,8047,91788.9525,25:29:48.953,B,帧,,,0,0,0,6736,0.04,,,
8046,8044,91788.9925,25:29:48.993,B,帧,,,0,0,0,12105,0.04,,,
8047,8049,91789.0325,25:29:49.033,B,帧,,,0,0,0,4950,0.04,,,
8048,8048,91789.0725,25:29:49.073,B,帧,,,0,0,0,12616,0.04,,,
8049,8050,91789.1125,25:29:49.113,B,帧,,,0,0,0,4825,0.04,,,
8050,8043,91789.1525,25:29:49.153,P,帧,,,0,0,0,38402,0.04,,,
8051,8051,91789.1925,25:29:49.193,I,,1920,1080,0,1,1,67380,0.04,40ms,,duration变为40ms
8052,8052,91789.2125,25:29:49.213,P,场,,,0,0,0,33272,0.02,20ms,,场/帧模式切换;duration变为20ms
8053,8059,91789.2325,25:29:49.233,B,场,,,0,0,0,5632,0.02,,,
8054,8060,91789.2525,25:29:49.253,B,场,,,0,0,0,3882,0.02,,,
8055,8057,91789.2725,25:29:49.273,B,场,,,0,0,0,11703,0.02,,,
8056,8058,91789.2925,25:29:49.293,B,场,,,0,0,0,17002,0.02,,,
8057,8061,91789.3125,25:29:49.313,B,场,,,0,0,0,4837,0.02,,,
8058,8062,91789.3325,25:29:49.333,B,场,,,0,0,0,5970,0.02,,,
8059,8055,91789.3525,25:29:49.353,B,场,,,0,0,0,8711,0.02,,,
8060,8056,91789.3725,25:29:49.373,B,场,,,0,0,0,10721,0.02,,,
8061,8065,91789.3925,25:29:49.393,B,场,,,0,0,0,4216,0.02,,,
8062,8066,91789.4125,25:29:49.413,B,场,,,0,0,0,4744,0.02,,,
8063,8063,91789.4325,25:29:49.433,B,场,,,0,0,0,5999,0.02,,,
8064,8064,91789.4525,25:29:49.453,B,场,,,0,0,0,11797,0.02,,,
8065,8067,91789.4725,25:29:49.473,B,场,,,0,0,0,3936,0.02,,,
8066,8068,91789.4925,25:29:49.493,B,场,,,0,0,0,3831,0.02,,,
8067,8053,91789.5125,25:29:49.513,P,场,,,0,0,0,23262,0.02,,,
8068,8054,91789.5325,25:29:49.533,P,场,,,0,0,0,21234,0.02,,,
8069,8075,91789.5525,25:29:49.553,B,场,,,0,0,0,3122,0.02,,,
8070,8076,91789.5725,25:29:49.573,B,场,,,0,0,0,2913,0.02,,,
8071,8073,91789.5925,25:29:49.593,B,场,,,0,0,0,5552,0.02,,,
8072,8074,91789.6125,25:29:49.613,B,场,,,0,0,0,11655,0.02,,,
8073,8077,91789.6325,25:29:49.633,B,场,,,0,0,0,3099,0.02,,,
8074,8078,91789.6525,25:29:49.653,B,场,,,0,0,0,4375,0.02,,,
8075,8071,91789.6725,25:29:49.673,B,场,,,0,0,0,5290,0.02,,,
8076,8072,91789.6925,25:29:49.693,B,场,,,0,0,0,5157,0.02,,,
8077,8081,91789.7125,25:29:49.713,B,场,,,0,0,0,3347,0.02,,,
8078,8082,91789.7325,25:29:49.733,B,场,,,0,0,0,4549,0.02,,,
8079,8079,91789.7525,25:29:49.753,B,场,,,0,0,0,6150,0.02,,,
8080,8080,91789.7725,25:29:49.773,B,场,,,0,0,0,13474,0.02,,,
8081,8083,91789.7925,25:29:49.793,B,场,,,0,0,0,3196,0.02,,,
8082,8084,91789.8125,25:29:49.813,B,场,,,0,0,0,3952,0.02,,,
8083,8069,91789.8325,25:29:49.833,P,场,,,0,0,0,15459,0.02,,,
8084,8070,91789.8525,25:29:49.853,P,场,,,0,0,0,13871,0.02,,,
8085,8091,91789.8725,25:29:49.873,B,场,,,0,0,0,3532,0.02,,,
8086,8092,91789.8925,25:29:49.893,B,场,,,0,0,0,3516,0.02,,,
8087,8089,91789.9125,25:29:49.913,B,场,,,0,0,0,6203,0.02,,,
8088,8090,91789.9325,25:29:49.933,B,场,,,0,0,0,14156,0.02,,,
8089,8093,91789.9525,25:29:49.953,B,场,,,0,0,0,3498,0.02,,,
8090,8094,91789.9725,25:29:49.973,B,场,,,0,0,0,4751,0.02,,,
8091,8087,91789.9925,25:29:49.993,B,场,,,0,0,0,4811,0.02,,,
8092,8088,91790.0125,25:29:50.013,B,场,,,0,0,0,6461,0.02,,,
8093,8097,91790.0325,25:29:50.033,B,场,,,0,0,0,3417,0.02,,,
8094,8098,91790.0525,25:29:50.053,B,场,,,0,0,0,4843,0.02,,,
8095,8095,91790.0725,25:29:50.073,B,场,,,0,0,0,7101,0.02,,,
8096,8096,91790.0925,25:29:50.093,B,场,,,0,0,0,6633,0.02,,,
8097,8099,91790.1125,25:29:50.113,B,场,,,0,0,0,4305,0.02,,,
8098,8100,91790.1325,25:29:50.133,B,场,,,0,0,0,4882,0.02,,,
8099,8085,91790.1525,25:29:50.153,I,场,1920,1080,0,0,1,60772,0.02,,,
8100,8086,91790.1725,25:29:50.173,P,场,,,0,0,0,24228,0.02,,,
8101,8104,91790.1925,25:29:50.193,B,帧,,,0,0,0,7924,0.02,20ms,,场/帧模式切换;duration变为20ms
8102,8103,91790.2325,25:29:50.233,B,帧,,,0,0,0,12596,0.04,40ms,,duration变为40ms
8103,8105,91790.2725,25:29:50.273,B,帧,,,0,0,0,6462,0.04,,,
8104,8102,91790.3125,25:29:50.313,B,帧,,,0,0,0,15542,0.04,,,
8105,8107,91790.3525,25:29:50.353,B,帧,,,0,0,0,6848,0.04,,,
8106,8106,91790.3925,25:29:50.393,B,帧,,,0,0,0,11908,0.04,,,
8107,8108,91790.4325,25:29:50.433,B,帧,,,0,0,0,8338,0.04,,,
8108,8101,91790.4725,25:29:50.473,P,帧,,,0,0,0,43323,0.04,,,
8109,8109,91790.7925,25:29:50.793,P,帧,,,0,0,0,41357,0.04,,,
